id,sl_type,sl_pct,sl_atr_mult,sl_period,tp_type,tp_rr,tp_pct,tp_atr_mult,size_usd,regime,score,total_pnl,total_trades,win_rate,profit_factor,max_drawdown,sharpe_ratio,sortino_ratio,generation
gen9_cross_1052,fixed,0.005,2.5,,rr,3.9000000000000004,,2.5,800,ranging,72.91786789913823,1018.2959099824861,2690,45.61338289962825,1.4137319253871137,5.268752460011875,1.5767684876587975,4.051578919643202,9
gen8_cross_2435,fixed,0.005,,,rr,3.9000000000000004,,,1100,any,72.79416798364392,1400.1568762259185,2690,45.61338289962825,1.4137319253871137,5.268752460011851,1.5767684876587975,4.051578919643202,8
gen8_cross_2435,fixed,0.005,,,rr,3.9000000000000004,,,1100,any,72.79416798364392,1400.1568762259185,2690,45.61338289962825,1.4137319253871137,5.268752460011851,1.5767684876587975,4.051578919643202,8
gen9_cross_9858,fixed,0.005,,,rr,3.9000000000000004,,2.5,800,ranging,72.71747598996467,1018.2959099824861,2690,45.61338289962825,1.4137319253871137,5.268752460011875,1.5767684876587975,4.051578919643202,9
gen9_cross_6167,fixed,0.005,,,rr,3.9000000000000004,,,800,ranging,72.45736400770733,1018.2959099824861,2690,45.61338289962825,1.4137319253871137,5.268752460011875,1.5767684876587975,4.051578919643202,9
gen9_cross_2602,fixed,0.005,2.5,,rr,3.9000000000000004,,2.5,800,ranging,72.14548207304216,1018.2959099824861,2690,45.61338289962825,1.4137319253871137,5.268752460011875,1.5767684876587975,4.051578919643202,9
gen9_cross_7578,fixed,0.005,,40.0,rr,3.9000000000000004,,,800,ranging,71.884896363392,1018.2959099824861,2690,45.61338289962825,1.4137319253871137,5.268752460011875,1.5767684876587975,4.051578919643202,9
gen7_cross_7063,fixed,0.005,,,rr,3.9000000000000004,,,800,ranging,71.80073942250168,1018.2959099824861,2690,45.61338289962825,1.4137319253871137,5.268752460011875,1.5767684876587975,4.051578919643202,7
gen7_cross_7063,fixed,0.005,,,rr,3.9000000000000004,,,800,ranging,71.80073942250168,1018.2959099824861,2690,45.61338289962825,1.4137319253871137,5.268752460011875,1.5767684876587975,4.051578919643202,7
gen7_cross_7063,fixed,0.005,,,rr,3.9000000000000004,,,800,ranging,71.80073942250168,1018.2959099824861,2690,45.61338289962825,1.4137319253871137,5.268752460011875,1.5767684876587975,4.051578919643202,7
gen9_cross_8198,fixed,0.005,,,rr,3.9000000000000004,,,800,ranging,71.74388286609272,1018.2959099824861,2690,45.61338289962825,1.4137319253871137,5.268752460011875,1.5767684876587975,4.051578919643202,9
gen9_cross_9806,fixed,0.005,2.5,40.0,rr,3.9000000000000004,,2.5,800,ranging,71.73285805992334,1018.2959099824861,2690,45.61338289962825,1.4137319253871137,5.268752460011875,1.5767684876587975,4.051578919643202,9
gen9_cross_1439,fixed,0.005,,,rr,3.9000000000000004,,,1100,any,71.70077152796793,1400.1568762259185,2690,45.61338289962825,1.4137319253871137,5.268752460011851,1.5767684876587975,4.051578919643202,9
gen9_cross_1925,fixed,0.005,,,rr,3.9000000000000004,,,1900,ranging,71.66902064068388,2418.4527862084046,2690,45.61338289962825,1.4137319253871137,5.26875246001187,1.5767684876587975,4.051578919643202,9
gen9_cross_9987,fixed,0.005,,,rr,3.9000000000000004,,2.5,800,ranging,71.65147283053032,1018.2959099824861,2690,45.61338289962825,1.4137319253871137,5.268752460011875,1.5767684876587975,4.051578919643202,9
gen8_cross_3547,fixed,0.005,2.5,40.0,rr,3.9000000000000004,,2.5,800,ranging,71.57627066145916,1018.2959099824861,2690,45.61338289962825,1.4137319253871137,5.268752460011875,1.5767684876587975,4.051578919643202,8
gen8_cross_3547,fixed,0.005,2.5,40.0,rr,3.9000000000000004,,2.5,800,ranging,71.57627066145916,1018.2959099824861,2690,45.61338289962825,1.4137319253871137,5.268752460011875,1.5767684876587975,4.051578919643202,8
gen9_cross_8983,fixed,0.005,,,rr,3.9000000000000004,,,800,ranging,71.52779681875555,1018.2959099824861,2690,45.61338289962825,1.4137319253871137,5.268752460011875,1.5767684876587975,4.051578919643202,9
gen8_cross_2156,fixed,0.005,,40.0,rr,3.9000000000000004,,2.5,1700,ranging,71.494772839783,2163.878808712783,2690,45.61338289962825,1.4137319253871137,5.2687524600118625,1.5767684876587975,4.051578919643203,8
gen8_cross_2156,fixed,0.005,,40.0,rr,3.9000000000000004,,2.5,1700,ranging,71.494772839783,2163.878808712783,2690,45.61338289962825,1.4137319253871137,5.2687524600118625,1.5767684876587975,4.051578919643203,8
gen9_cross_9463,fixed,0.005,,,rr,3.9000000000000004,,,800,ranging,71.45981535301861,1018.2959099824861,2690,45.61338289962825,1.4137319253871137,5.268752460011875,1.5767684876587975,4.051578919643202,9
gen9_cross_3300,fixed,0.005,,,rr,3.9000000000000004,,,800,any,71.45557786969634,1018.2959099824861,2690,45.61338289962825,1.4137319253871137,5.268752460011875,1.5767684876587975,4.051578919643202,9
gen9_cross_7626,fixed,0.005,,,rr,3.9000000000000004,,,900,ranging,71.45516315489787,1145.582898730297,2690,45.61338289962825,1.4137319253871135,5.268752460011875,1.5767684876587975,4.051578919643203,9
gen9_cross_5109,fixed,0.005,,,rr,3.9000000000000004,,,800,ranging,71.41847083174184,1018.2959099824861,2690,45.61338289962825,1.4137319253871137,5.268752460011875,1.5767684876587975,4.051578919643202,9
gen9_cross_8400,fixed,0.005,,,rr,3.9000000000000004,,2.5,800,ranging,71.3908517691791,1018.2959099824861,2690,45.61338289962825,1.4137319253871137,5.268752460011875,1.5767684876587975,4.051578919643202,9
gen9_cross_2903,fixed,0.005,,,rr,3.9000000000000004,,2.5,800,ranging,71.37483449204181,1018.2959099824861,2690,45.61338289962825,1.4137319253871137,5.268752460011875,1.5767684876587975,4.051578919643202,9
gen7_cross_1620,fixed,0.005,,,rr,3.9000000000000004,,,800,ranging,71.24418219482422,1018.2959099824861,2690,45.61338289962825,1.4137319253871137,5.268752460011875,1.5767684876587975,4.051578919643202,7
gen7_cross_1620,fixed,0.005,,,rr,3.9000000000000004,,,800,ranging,71.24418219482422,1018.2959099824861,2690,45.61338289962825,1.4137319253871137,5.268752460011875,1.5767684876587975,4.051578919643202,7
gen8_cross_9271,fixed,0.005,,,rr,3.2,,2.5,800,ranging,71.24077288772904,883.0880598905444,2690,45.61338289962825,1.358797201995213,5.2687524600118705,1.4382569320089453,3.513616162616895,8
gen9_cross_9638,fixed,0.005,,,rr,3.9000000000000004,,,800,ranging,71.23735927799191,1018.2959099824861,2690,45.61338289962825,1.4137319253871137,5.268752460011875,1.5767684876587975,4.051578919643202,9
gen8_cross_4161,fixed,0.005,,,rr,3.9000000000000004,,,800,ranging,71.23055783066332,1018.2959099824861,2690,45.61338289962825,1.4137319253871137,5.268752460011875,1.5767684876587975,4.051578919643202,8
gen9_cross_2225,fixed,0.005,,,rr,3.9000000000000004,,,800,ranging,71.17798182926319,1018.2959099824861,2690,45.61338289962825,1.4137319253871137,5.268752460011875,1.5767684876587975,4.051578919643202,9
gen9_cross_4240,fixed,0.005,2.5,40.0,rr,3.9000000000000004,,2.5,800,ranging,71.16985512102578,1018.2959099824861,2690,45.61338289962825,1.4137319253871137,5.268752460011875,1.5767684876587975,4.051578919643202,9
gen8_cross_7814,fixed,0.005,,40.0,rr,3.6,,,800,any,71.16174404770848,978.6880195676017,2690,45.61338289962825,1.3976393057455856,5.268752460011868,1.5392580454586307,3.8939877005453623,8
gen8_cross_6654,fixed,0.005,,,rr,3.9000000000000004,,2.5,800,ranging,71.14801053191417,1018.2959099824861,2690,45.61338289962825,1.4137319253871137,5.268752460011875,1.5767684876587975,4.051578919643202,8
gen8_cross_5278,fixed,0.005,,,rr,3.9000000000000004,,,800,ranging,71.13911203573907,1018.2959099824861,2690,45.61338289962825,1.4137319253871137,5.268752460011875,1.5767684876587975,4.051578919643202,8
gen8_cross_7330,fixed,0.005,,,rr,3.9000000000000004,,,800,ranging,71.11972917707152,1018.2959099824861,2690,45.61338289962825,1.4137319253871137,5.268752460011875,1.5767684876587975,4.051578919643202,8
gen9_cross_3742,fixed,0.005,,,rr,3.6,,,800,any,71.10839695754254,978.6880195676017,2690,45.61338289962825,1.3976393057455856,5.268752460011868,1.5392580454586307,3.8939877005453623,9
gen7_cross_9934,fixed,0.005,,,rr,3.9000000000000004,,,800,ranging,71.097772974684,1018.2959099824861,2690,45.61338289962825,1.4137319253871137,5.268752460011875,1.5767684876587975,4.051578919643202,7
gen7_cross_9934,fixed,0.005,,,rr,3.9000000000000004,,,800,ranging,71.097772974684,1018.2959099824861,2690,45.61338289962825,1.4137319253871137,5.268752460011875,1.5767684876587975,4.051578919643202,7
gen9_cross_7804,fixed,0.005,,,rr,3.9000000000000004,,,800,ranging,71.09040871122359,1018.2959099824861,2690,45.61338289962825,1.4137319253871137,5.268752460011875,1.5767684876587975,4.051578919643202,9
gen9_cross_3798,fixed,0.005,,,rr,3.9000000000000004,0.015,,800,ranging,71.07823980504784,1018.2959099824861,2690,45.61338289962825,1.4137319253871137,5.268752460011875,1.5767684876587975,4.051578919643202,9
gen9_cross_3999,fixed,0.005,,,rr,3.9000000000000004,,,1100,any,71.07177542853154,1400.1568762259185,2690,45.61338289962825,1.4137319253871137,5.268752460011851,1.5767684876587975,4.051578919643202,9
gen9_cross_9540,fixed,0.005,,,rr,3.9000000000000004,,2.5,800,ranging,71.0620180600534,1018.2959099824861,2690,45.61338289962825,1.4137319253871137,5.268752460011875,1.5767684876587975,4.051578919643202,9
gen8_cross_4575,fixed,0.005,,40.0,rr,3.9000000000000004,,2.5,700,ranging,71.06016352568152,891.0089212346753,2690,45.61338289962825,1.4137319253871135,5.268752460011847,1.5767684876587975,4.051578919643202,8
gen8_cross_6718,fixed,0.005,,,rr,3.9000000000000004,,,800,ranging,71.04773370964041,1018.2959099824861,2690,45.61338289962825,1.4137319253871137,5.268752460011875,1.5767684876587975,4.051578919643202,8
gen8_cross_6718,fixed,0.005,,,rr,3.9000000000000004,,,800,ranging,71.04773370964041,1018.2959099824861,2690,45.61338289962825,1.4137319253871137,5.268752460011875,1.5767684876587975,4.051578919643202,8
gen9_cross_7298,fixed,0.005,,,rr,3.9000000000000004,,,800,ranging,71.03678974883037,1018.2959099824861,2690,45.61338289962825,1.4137319253871137,5.268752460011875,1.5767684876587975,4.051578919643202,9
gen9_cross_3263,fixed,0.005,,,rr,3.9000000000000004,,,1100,any,71.02851320297562,1400.1568762259185,2690,45.61338289962825,1.4137319253871137,5.268752460011851,1.5767684876587975,4.051578919643202,9
gen9_cross_8487,fixed,0.005,,,rr,3.9000000000000004,,2.5,1100,ranging,71.02442297253721,1400.1568762259185,2690,45.61338289962825,1.4137319253871137,5.268752460011851,1.5767684876587975,4.051578919643202,9
gen9_cross_1796,fixed,0.005,,,rr,3.9000000000000004,,,800,any,70.97570396963884,1018.2959099824861,2690,45.61338289962825,1.4137319253871137,5.268752460011875,1.5767684876587975,4.051578919643202,9
gen9_cross_5180,fixed,0.005,,40.0,rr,3.9000000000000004,,2.5,1700,ranging,70.9691122909313,2163.878808712783,2690,45.61338289962825,1.4137319253871137,5.2687524600118625,1.5767684876587975,4.051578919643203,9
gen8_cross_6785,fixed,0.005,,,rr,3.9000000000000004,,2.5,800,ranging,70.9634482080434,1018.2959099824861,2690,45.61338289962825,1.4137319253871137,5.268752460011875,1.5767684876587975,4.051578919643202,8
gen8_cross_4674,fixed,0.005,,,rr,3.9000000000000004,,2.5,800,ranging,70.96163523746935,1018.2959099824861,2690,45.61338289962825,1.4137319253871137,5.268752460011875,1.5767684876587975,4.051578919643202,8
gen9_cross_4137,fixed,0.005,,,rr,3.9000000000000004,,,900,ranging,70.95858125095626,1145.582898730297,2690,45.61338289962825,1.4137319253871135,5.268752460011875,1.5767684876587975,4.051578919643203,9
gen8_cross_3598,fixed,0.005,,,rr,3.9000000000000004,,2.5,800,ranging,70.90689556005655,1018.2959099824861,2690,45.61338289962825,1.4137319253871137,5.268752460011875,1.5767684876587975,4.051578919643202,8
gen8_cross_8799,fixed,0.005,,,rr,3.5,,,800,ranging,70.90652636946561,967.2297479185484,2690,45.61338289962825,1.3929838291355958,5.268752460011868,1.528158576310665,3.848397718877214,8
gen9_cross_7237,fixed,0.005,,,rr,3.9000000000000004,0.015,,800,ranging,70.89928546736988,1018.2959099824861,2690,45.61338289962825,1.4137319253871137,5.268752460011875,1.5767684876587975,4.051578919643202,9
gen9_cross_1636,fixed,0.005,2.5,,rr,3.9000000000000004,,2.5,800,ranging,70.89523467379881,1018.2959099824861,2690,45.61338289962825,1.4137319253871137,5.268752460011875,1.5767684876587975,4.051578919643202,9
gen9_cross_1661,fixed,0.005,,,rr,3.9000000000000004,,2.5,800,ranging,70.88571815635987,1018.2959099824861,2690,45.61338289962825,1.4137319253871137,5.268752460011875,1.5767684876587975,4.051578919643202,9
gen8_cross_6446,fixed,0.005,,,rr,3.9000000000000004,,,900,ranging,70.88246242559471,1145.582898730297,2690,45.61338289962825,1.4137319253871135,5.268752460011875,1.5767684876587975,4.051578919643203,8
gen8_cross_5572,fixed,0.005,,,rr,3.9000000000000004,,,800,ranging,70.86612520637031,1018.2959099824861,2690,45.61338289962825,1.4137319253871137,5.268752460011875,1.5767684876587975,4.051578919643202,8
gen9_cross_1828,fixed,0.005,,,rr,3.9000000000000004,,,800,ranging,70.86509963924541,1018.2959099824861,2690,45.61338289962825,1.4137319253871137,5.268752460011875,1.5767684876587975,4.051578919643202,9
gen9_cross_8944,fixed,0.005,,40.0,rr,3.9000000000000004,,,800,ranging,70.86276654206351,1018.2959099824861,2690,45.61338289962825,1.4137319253871137,5.268752460011875,1.5767684876587975,4.051578919643202,9
gen8_cross_3061,fixed,0.005,,,rr,3.9000000000000004,,,800,ranging,70.86104046442071,1018.2959099824861,2690,45.61338289962825,1.4137319253871137,5.268752460011875,1.5767684876587975,4.051578919643202,8
gen9_cross_7673,fixed,0.005,,,rr,3.9000000000000004,,2.5,1000,any,70.85917381167225,1272.8698874781078,2690,45.61338289962825,1.4137319253871137,5.2687524600118625,1.5767684876587975,4.051578919643202,9
gen8_cross_1280,fixed,0.005,,,rr,3.3000000000000003,,,800,ranging,70.85635772895054,913.5691893237471,2690,45.61338289962825,1.3711816339120513,5.268752460011865,1.4717388576585138,3.6348939761167096,8
gen9_cross_1887,fixed,0.005,,,rr,3.9000000000000004,,,800,ranging,70.85566320464186,1018.2959099824861,2690,45.61338289962825,1.4137319253871137,5.268752460011875,1.5767684876587975,4.051578919643202,9
gen9_cross_9268,fixed,0.005,,,rr,3.9000000000000004,0.015,,1100,any,70.85088541011595,1400.1568762259185,2690,45.61338289962825,1.4137319253871137,5.268752460011851,1.5767684876587975,4.051578919643202,9
gen8_cross_4696,fixed,0.005,,,rr,3.9000000000000004,,2.5,800,ranging,70.84100049106435,1018.2959099824861,2690,45.61338289962825,1.4137319253871137,5.268752460011875,1.5767684876587975,4.051578919643202,8
gen9_cross_1179,fixed,0.005,,,rr,3.9000000000000004,,2.5,800,ranging,70.8393522261374,1018.2959099824861,2690,45.61338289962825,1.4137319253871137,5.268752460011875,1.5767684876587975,4.051578919643202,9
gen9_cross_8228,fixed,0.005,,,rr,3.5,,,800,ranging,70.83469909042917,967.2297479185484,2690,45.61338289962825,1.3929838291355958,5.268752460011868,1.528158576310665,3.848397718877214,9
gen8_cross_1891,fixed,0.005,,,rr,3.5,,,800,ranging,70.82794228412766,967.2297479185484,2690,45.61338289962825,1.3929838291355958,5.268752460011868,1.528158576310665,3.848397718877214,8
gen9_cross_9365,fixed,0.005,,,rr,3.6,,2.5,800,ranging,70.82712091653944,978.6880195676017,2690,45.61338289962825,1.3976393057455856,5.268752460011868,1.5392580454586307,3.8939877005453623,9
gen7_cross_5392,fixed,0.005,,,rr,3.9000000000000004,,,800,ranging,70.82103244895416,1018.2959099824861,2690,45.61338289962825,1.4137319253871137,5.268752460011875,1.5767684876587975,4.051578919643202,7
gen7_cross_5392,fixed,0.005,,,rr,3.9000000000000004,,,800,ranging,70.82103244895416,1018.2959099824861,2690,45.61338289962825,1.4137319253871137,5.268752460011875,1.5767684876587975,4.051578919643202,7
gen8_cross_4396,fixed,0.005,,40.0,rr,3.9000000000000004,,2.5,800,ranging,70.80697869785003,1018.2959099824861,2690,45.61338289962825,1.4137319253871137,5.268752460011875,1.5767684876587975,4.051578919643202,8
gen8_cross_9414,fixed,0.005,,,rr,3.9000000000000004,,2.5,1100,ranging,70.80464565758002,1400.1568762259185,2690,45.61338289962825,1.4137319253871137,5.268752460011851,1.5767684876587975,4.051578919643202,8
gen8_cross_2002,fixed,0.005,2.5,,rr,3.9000000000000004,,2.5,800,ranging,70.79976504599483,1018.2959099824861,2690,45.61338289962825,1.4137319253871137,5.268752460011875,1.5767684876587975,4.051578919643202,8
gen7_cross_4093,fixed,0.005,,40.0,rr,3.9000000000000004,,,800,ranging,70.7995236914781,1018.2959099824861,2690,45.61338289962825,1.4137319253871137,5.268752460011875,1.5767684876587975,4.051578919643202,7
gen9_cross_6938,fixed,0.005,,40.0,rr,3.6,,,800,any,70.79631341796068,978.6880195676017,2690,45.61338289962825,1.3976393057455856,5.268752460011868,1.5392580454586307,3.8939877005453623,9
gen9_cross_2463,fixed,0.005,2.5,,rr,3.9000000000000004,,,800,ranging,70.7945860291664,1018.2959099824861,2690,45.61338289962825,1.4137319253871137,5.268752460011875,1.5767684876587975,4.051578919643202,9
gen7_cross_3517,fixed,0.005,,,rr,3.5,,,800,ranging,70.78151097827639,967.2297479185484,2690,45.61338289962825,1.3929838291355958,5.268752460011868,1.528158576310665,3.848397718877214,7
gen9_cross_9143,fixed,0.005,,,rr,3.9000000000000004,,2.5,800,ranging,70.77488945063473,1018.2959099824861,2690,45.61338289962825,1.4137319253871137,5.268752460011875,1.5767684876587975,4.051578919643202,9
gen7_cross_9640,fixed,0.005,,,rr,3.5,,,800,ranging,70.77160893275808,967.2297479185484,2690,45.61338289962825,1.3929838291355958,5.268752460011868,1.528158576310665,3.848397718877214,7
gen6_cross_8259,fixed,0.005,,,rr,3.3000000000000003,,,800,ranging,70.7574104156943,913.5691893237471,2690,45.61338289962825,1.3711816339120513,5.268752460011865,1.4717388576585138,3.6348939761167096,6
gen6_cross_8259,fixed,0.005,,,rr,3.3000000000000003,,,800,ranging,70.7574104156943,913.5691893237471,2690,45.61338289962825,1.3711816339120513,5.268752460011865,1.4717388576585138,3.6348939761167096,6
gen8_cross_5085,fixed,0.005,,,rr,3.9000000000000004,,2.5,800,ranging,70.75696689339496,1018.2959099824861,2690,45.61338289962825,1.4137319253871137,5.268752460011875,1.5767684876587975,4.051578919643202,8
gen9_cross_2892,fixed,0.005,,,rr,3.9000000000000004,,2.5,1500,ranging,70.75472147279581,1909.3048312171616,2690,45.61338289962825,1.4137319253871135,5.268752460011842,1.5767684876587975,4.051578919643202,9
gen9_cross_1560,fixed,0.005,,,rr,3.9000000000000004,,2.5,800,ranging,70.74850096948855,1018.2959099824861,2690,45.61338289962825,1.4137319253871137,5.268752460011875,1.5767684876587975,4.051578919643202,9
gen8_cross_6945,fixed,0.005,,,rr,3.9000000000000004,,,1100,ranging,70.72311820825725,1400.1568762259185,2690,45.61338289962825,1.4137319253871137,5.268752460011851,1.5767684876587975,4.051578919643202,8
gen9_cross_2901,fixed,0.005,,,rr,3.5,,,800,ranging,70.72262735418843,967.2297479185484,2690,45.61338289962825,1.3929838291355958,5.268752460011868,1.528158576310665,3.848397718877214,9
gen8_cross_5328,fixed,0.005,,,rr,3.9000000000000004,,,800,ranging,70.71157548594347,1018.2959099824861,2690,45.61338289962825,1.4137319253871137,5.268752460011875,1.5767684876587975,4.051578919643202,8
gen7_cross_9835,fixed,0.005,,,rr,3.3000000000000003,0.015,,800,ranging,70.71093466293264,913.5691893237471,2690,45.61338289962825,1.3711816339120513,5.268752460011865,1.4717388576585138,3.6348939761167096,7
gen7_cross_1316,fixed,0.005,,,rr,3.9000000000000004,,,800,ranging,70.70829857662551,1018.2959099824861,2690,45.61338289962825,1.4137319253871137,5.268752460011875,1.5767684876587975,4.051578919643202,7
gen9_cross_1873,fixed,0.005,,,rr,3.3000000000000003,,,1700,ranging,70.7076494967654,1941.3345273129626,2690,45.61338289962825,1.3711816339120513,5.2687524600118625,1.471738857658514,3.63489397611671,9
gen9_cross_3256,fixed,0.005,,,rr,3.9000000000000004,,2.5,800,ranging,70.7019245294778,1018.2959099824861,2690,45.61338289962825,1.4137319253871137,5.268752460011875,1.5767684876587975,4.051578919643202,9
gen9_cross_1630,fixed,0.005,,,rr,3.9000000000000004,,2.5,800,volatile,70.70131713838346,1018.2959099824861,2690,45.61338289962825,1.4137319253871137,5.268752460011875,1.5767684876587975,4.051578919643202,9
gen8_cross_6822,fixed,0.005,,40.0,rr,3.9000000000000004,,2.5,800,ranging,70.69896078237674,1018.2959099824861,2690,45.61338289962825,1.4137319253871137,5.268752460011875,1.5767684876587975,4.051578919643202,8
gen7_cross_7552,fixed,0.005,,,rr,3.3000000000000003,,,800,ranging,70.69748952011388,913.5691893237471,2690,45.61338289962825,1.3711816339120513,5.268752460011865,1.4717388576585138,3.6348939761167096,7
gen7_cross_7552,fixed,0.005,,,rr,3.3000000000000003,,,800,ranging,70.69748952011388,913.5691893237471,2690,45.61338289962825,1.3711816339120513,5.268752460011865,1.4717388576585138,3.6348939761167096,7
gen8_cross_5617,fixed,0.005,,,rr,3.9000000000000004,,,800,ranging,70.66169313533189,1018.2959099824861,2690,45.61338289962825,1.4137319253871137,5.268752460011875,1.5767684876587975,4.051578919643202,8
gen7_cross_2148,fixed,0.005,,40.0,rr,3.5,,,800,ranging,70.65864210028955,967.2297479185484,2690,45.61338289962825,1.3929838291355958,5.268752460011868,1.528158576310665,3.848397718877214,7
gen9_cross_1395,fixed,0.005,,,rr,3.9000000000000004,,2.5,800,ranging,70.65053116314412,1018.2959099824861,2690,45.61338289962825,1.4137319253871137,5.268752460011875,1.5767684876587975,4.051578919643202,9
gen8_cross_6661,fixed,0.005,,,rr,3.3000000000000003,0.015,,800,ranging,70.6475282175619,913.5691893237471,2690,45.61338289962825,1.3711816339120513,5.268752460011865,1.4717388576585138,3.6348939761167096,8
gen7_cross_4243,fixed,0.005,,,rr,3.9000000000000004,,2.5,800,ranging,70.63039322898832,1018.2959099824861,2690,45.61338289962825,1.4137319253871137,5.268752460011875,1.5767684876587975,4.051578919643202,7
gen8_cross_3171,fixed,0.005,,,rr,3.9000000000000004,,,900,ranging,70.60497913966375,1145.582898730297,2690,45.61338289962825,1.4137319253871135,5.268752460011875,1.5767684876587975,4.051578919643203,8
gen7_cross_7221,fixed,0.005,,40.0,rr,3.9000000000000004,,,800,ranging,70.59962509823657,1018.2959099824861,2690,45.61338289962825,1.4137319253871137,5.268752460011875,1.5767684876587975,4.051578919643202,7
gen8_cross_4122,fixed,0.005,,,rr,3.9000000000000004,,2.5,800,ranging,70.59481444611181,1018.2959099824861,2690,45.61338289962825,1.4137319253871137,5.268752460011875,1.5767684876587975,4.051578919643202,8
gen9_cross_1059,fixed,0.005,,,rr,3.9000000000000004,,2.5,800,ranging,70.59157087746841,1018.2959099824861,2690,45.61338289962825,1.4137319253871137,5.268752460011875,1.5767684876587975,4.051578919643202,9
gen8_cross_7724,fixed,0.005,,,rr,3.9000000000000004,,2.5,800,trending,70.59129849240769,1018.2959099824861,2690,45.61338289962825,1.4137319253871137,5.268752460011875,1.5767684876587975,4.051578919643202,8
gen9_cross_7753,fixed,0.005,,,rr,3.9000000000000004,,,800,ranging,70.58226792044191,1018.2959099824861,2690,45.61338289962825,1.4137319253871137,5.268752460011875,1.5767684876587975,4.051578919643202,9
gen9_cross_7107,fixed,0.005,2.5,,rr,3.9000000000000004,,2.5,800,ranging,70.57644141589878,1018.2959099824861,2690,45.61338289962825,1.4137319253871137,5.268752460011875,1.5767684876587975,4.051578919643202,9
gen9_cross_6293,fixed,0.005,,,rr,3.5,0.015,,900,ranging,70.57336842075756,1088.1334664083665,2690,45.61338289962825,1.3929838291355956,5.268752460011875,1.5281585763106647,3.848397718877214,9
gen7_cross_6331,fixed,0.005,,,rr,3.9000000000000004,,2.5,800,ranging,70.57139374945022,1018.2959099824861,2690,45.61338289962825,1.4137319253871137,5.268752460011875,1.5767684876587975,4.051578919643202,7
gen8_cross_7530,fixed,0.005,,40.0,rr,3.9000000000000004,,,800,any,70.56961468041946,1018.2959099824861,2690,45.61338289962825,1.4137319253871137,5.268752460011875,1.5767684876587975,4.051578919643202,8
gen8_cross_6859,fixed,0.005,,,rr,3.9000000000000004,,,800,ranging,70.56744600506413,1018.2959099824861,2690,45.61338289962825,1.4137319253871137,5.268752460011875,1.5767684876587975,4.051578919643202,8
gen9_cross_8995,fixed,0.005,,,rr,3.9000000000000004,,2.5,800,ranging,70.54460661369029,1018.2959099824861,2690,45.61338289962825,1.4137319253871137,5.268752460011875,1.5767684876587975,4.051578919643202,9
gen7_cross_1624,fixed,0.005,,,rr,3.5,,,800,any,70.53585729551509,967.2297479185484,2690,45.61338289962825,1.3929838291355958,5.268752460011868,1.528158576310665,3.848397718877214,7
gen7_cross_1461,fixed,0.005,,,rr,3.9000000000000004,,,800,ranging,70.533879264512,1018.2959099824861,2690,45.61338289962825,1.4137319253871137,5.268752460011875,1.5767684876587975,4.051578919643202,7
gen9_cross_4546,fixed,0.005,2.5,40.0,rr,3.9000000000000004,,2.5,800,ranging,70.52209585651057,1018.2959099824861,2690,45.61338289962825,1.4137319253871137,5.268752460011875,1.5767684876587975,4.051578919643202,9
gen8_cross_8717,fixed,0.005,,,rr,3.9000000000000004,0.015,,800,ranging,70.5209052945371,1018.2959099824861,2690,45.61338289962825,1.4137319253871137,5.268752460011875,1.5767684876587975,4.051578919643202,8
gen7_cross_5622,fixed,0.005,,40.0,rr,3.9000000000000004,,,800,ranging,70.51668280749766,1018.2959099824861,2690,45.61338289962825,1.4137319253871137,5.268752460011875,1.5767684876587975,4.051578919643202,7
gen9_cross_3475,fixed,0.005,,40.0,rr,3.9000000000000004,,2.5,1700,ranging,70.51186673468321,2163.878808712783,2690,45.61338289962825,1.4137319253871137,5.2687524600118625,1.5767684876587975,4.051578919643203,9
gen6_cross_8610,fixed,0.005,,,rr,3.9000000000000004,,,800,ranging,70.51091928205844,1018.2959099824861,2690,45.61338289962825,1.4137319253871137,5.268752460011875,1.5767684876587975,4.051578919643202,6
gen6_cross_8610,fixed,0.005,,,rr,3.9000000000000004,,,800,ranging,70.51091928205844,1018.2959099824861,2690,45.61338289962825,1.4137319253871137,5.268752460011875,1.5767684876587975,4.051578919643202,6
gen7_cross_1885,fixed,0.005,,,rr,3.9000000000000004,,2.5,800,ranging,70.49553081361675,1018.2959099824861,2690,45.61338289962825,1.4137319253871137,5.268752460011875,1.5767684876587975,4.051578919643202,7
gen9_cross_2672,fixed,0.005,,,rr,3.9000000000000004,,,800,ranging,70.49392096104593,1018.2959099824861,2690,45.61338289962825,1.4137319253871137,5.268752460011875,1.5767684876587975,4.051578919643202,9
gen8_cross_3977,fixed,0.005,,,rr,3.9000000000000004,,2.5,800,ranging,70.49306801542394,1018.2959099824861,2690,45.61338289962825,1.4137319253871137,5.268752460011875,1.5767684876587975,4.051578919643202,8
gen8_cross_2026,fixed,0.005,,,rr,3.9000000000000004,,2.5,800,ranging,70.4895123704312,1018.2959099824861,2690,45.61338289962825,1.4137319253871137,5.268752460011875,1.5767684876587975,4.051578919643202,8
gen8_cross_2026,fixed,0.005,,,rr,3.9000000000000004,,2.5,800,ranging,70.4895123704312,1018.2959099824861,2690,45.61338289962825,1.4137319253871137,5.268752460011875,1.5767684876587975,4.051578919643202,8
gen9_cross_8953,fixed,0.005,,,rr,3.9000000000000004,,2.5,1000,ranging,70.48505875995265,1272.8698874781078,2690,45.61338289962825,1.4137319253871137,5.2687524600118625,1.5767684876587975,4.051578919643202,9
gen7_cross_6746,fixed,0.005,,,rr,3.9000000000000004,,,800,ranging,70.47305106193826,1018.2959099824861,2690,45.61338289962825,1.4137319253871137,5.268752460011875,1.5767684876587975,4.051578919643202,7
gen7_cross_6746,fixed,0.005,,,rr,3.9000000000000004,,,800,ranging,70.47305106193826,1018.2959099824861,2690,45.61338289962825,1.4137319253871137,5.268752460011875,1.5767684876587975,4.051578919643202,7
gen8_cross_7406,fixed,0.005,,,rr,3.9000000000000004,,2.5,800,ranging,70.45726228928507,1018.2959099824861,2690,45.61338289962825,1.4137319253871137,5.268752460011875,1.5767684876587975,4.051578919643202,8
gen7_cross_9704,fixed,0.005,,,rr,3.9000000000000004,,,1100,ranging,70.45653377300796,1400.1568762259185,2690,45.61338289962825,1.4137319253871137,5.268752460011851,1.5767684876587975,4.051578919643202,7
gen8_cross_9936,fixed,0.005,,,rr,3.9000000000000004,,,800,ranging,70.45406046447168,1018.2959099824861,2690,45.61338289962825,1.4137319253871137,5.268752460011875,1.5767684876587975,4.051578919643202,8
gen8_cross_6054,fixed,0.005,,,rr,3.6,,,800,any,70.44650037632157,978.6880195676017,2690,45.61338289962825,1.3976393057455856,5.268752460011868,1.5392580454586307,3.8939877005453623,8
gen9_cross_8558,fixed,0.005,,,rr,3.3000000000000003,,,800,any,70.4322230680048,913.5691893237471,2690,45.61338289962825,1.3711816339120513,5.268752460011865,1.4717388576585138,3.6348939761167096,9
gen8_cross_6044,fixed,0.005,2.5,40.0,rr,3.9000000000000004,,2.5,800,ranging,70.41382473603647,1018.2959099824861,2690,45.61338289962825,1.4137319253871137,5.268752460011875,1.5767684876587975,4.051578919643202,8
gen8_cross_6044,fixed,0.005,2.5,40.0,rr,3.9000000000000004,,2.5,800,ranging,70.41382473603647,1018.2959099824861,2690,45.61338289962825,1.4137319253871137,5.268752460011875,1.5767684876587975,4.051578919643202,8
gen8_cross_7033,fixed,0.005,,,rr,3.9000000000000004,,2.5,800,ranging,70.41287146585486,1018.2959099824861,2690,45.61338289962825,1.4137319253871137,5.268752460011875,1.5767684876587975,4.051578919643202,8
gen8_cross_7255,fixed,0.005,,,rr,3.9000000000000004,,,800,ranging,70.40779180252518,1018.2959099824861,2690,45.61338289962825,1.4137319253871137,5.268752460011875,1.5767684876587975,4.051578919643202,8
gen9_cross_9201,fixed,0.005,,,rr,3.9000000000000004,,2.5,800,ranging,70.40249447333362,1018.2959099824861,2690,45.61338289962825,1.4137319253871137,5.268752460011875,1.5767684876587975,4.051578919643202,9
gen9_cross_7861,fixed,0.005,,,rr,3.9000000000000004,,2.5,800,ranging,70.40234754397186,1018.2959099824861,2690,45.61338289962825,1.4137319253871137,5.268752460011875,1.5767684876587975,4.051578919643202,9
gen9_cross_9275,fixed,0.005,,,rr,3.9000000000000004,,2.5,1000,ranging,70.39856553589725,1272.8698874781078,2690,45.61338289962825,1.4137319253871137,5.2687524600118625,1.5767684876587975,4.051578919643202,9
gen9_cross_5527,fixed,0.005,,,rr,3.9000000000000004,,,800,any,70.3939583297981,1018.2959099824861,2690,45.61338289962825,1.4137319253871137,5.268752460011875,1.5767684876587975,4.051578919643202,9
gen7_cross_2287,fixed,0.005,,40.0,rr,3.9000000000000004,,2.5,800,any,70.39104703160292,1018.2959099824861,2690,45.61338289962825,1.4137319253871137,5.268752460011875,1.5767684876587975,4.051578919643202,7
gen7_cross_1812,fixed,0.005,,,rr,3.9000000000000004,,,1100,any,70.38466006403573,1400.1568762259185,2690,45.61338289962825,1.4137319253871137,5.268752460011851,1.5767684876587975,4.051578919643202,7
gen8_cross_5320,fixed,0.005,,,rr,3.9000000000000004,,,800,ranging,70.38108217884528,1018.2959099824861,2690,45.61338289962825,1.4137319253871137,5.268752460011875,1.5767684876587975,4.051578919643202,8
gen7_cross_4991,fixed,0.005,,,rr,3.9000000000000004,,2.5,1000,ranging,70.37651376694059,1272.8698874781078,2690,45.61338289962825,1.4137319253871137,5.2687524600118625,1.5767684876587975,4.051578919643202,7
gen8_cross_1842,fixed,0.005,,,rr,3.9000000000000004,,2.5,1700,ranging,70.36594578188647,2163.878808712783,2690,45.61338289962825,1.4137319253871137,5.2687524600118625,1.5767684876587975,4.051578919643203,8
gen8_cross_1842,fixed,0.005,,,rr,3.9000000000000004,,2.5,1700,ranging,70.36594578188647,2163.878808712783,2690,45.61338289962825,1.4137319253871137,5.2687524600118625,1.5767684876587975,4.051578919643203,8
gen8_cross_8879,fixed,0.005,2.5,40.0,rr,3.9000000000000004,,2.5,800,ranging,70.35812561472548,1018.2959099824861,2690,45.61338289962825,1.4137319253871137,5.268752460011875,1.5767684876587975,4.051578919643202,8
gen8_cross_5321,fixed,0.005,,40.0,rr,3.9000000000000004,,2.5,800,ranging,70.34764351507606,1018.2959099824861,2690,45.61338289962825,1.4137319253871137,5.268752460011875,1.5767684876587975,4.051578919643202,8
gen9_cross_4277,fixed,0.005,,,rr,3.9000000000000004,0.015,2.5,1700,ranging,70.34509523121051,2163.878808712783,2690,45.61338289962825,1.4137319253871137,5.2687524600118625,1.5767684876587975,4.051578919643203,9
gen8_cross_3561,fixed,0.005,,,rr,3.9000000000000004,,2.5,800,ranging,70.32412902116928,1018.2959099824861,2690,45.61338289962825,1.4137319253871137,5.268752460011875,1.5767684876587975,4.051578919643202,8
gen8_cross_6132,fixed,0.005,,40.0,rr,3.9000000000000004,,2.5,800,any,70.32212928998385,1018.2959099824861,2690,45.61338289962825,1.4137319253871137,5.268752460011875,1.5767684876587975,4.051578919643202,8
gen7_cross_2419,fixed,0.005,,,rr,3.9000000000000004,,,1100,ranging,70.32061282155209,1400.1568762259185,2690,45.61338289962825,1.4137319253871137,5.268752460011851,1.5767684876587975,4.051578919643202,7
gen9_cross_3452,fixed,0.005,,,rr,3.9000000000000004,0.015,,800,ranging,70.32013567042713,1018.2959099824861,2690,45.61338289962825,1.4137319253871137,5.268752460011875,1.5767684876587975,4.051578919643202,9
gen8_cross_5401,fixed,0.005,,,rr,3.3000000000000003,,,800,trending,70.31612570491251,913.5691893237471,2690,45.61338289962825,1.3711816339120513,5.268752460011865,1.4717388576585138,3.6348939761167096,8
gen9_cross_9007,fixed,0.005,,,rr,3.9000000000000004,,2.5,1700,ranging,70.3106454703562,2163.878808712783,2690,45.61338289962825,1.4137319253871137,5.2687524600118625,1.5767684876587975,4.051578919643203,9
gen7_cross_1420,fixed,0.005,,,rr,3.5,,,800,ranging,70.30917340038411,967.2297479185484,2690,45.61338289962825,1.3929838291355958,5.268752460011868,1.528158576310665,3.848397718877214,7
gen9_cross_7734,fixed,0.005,,,rr,3.9000000000000004,,2.5,900,ranging,70.30163961766067,1145.582898730297,2690,45.61338289962825,1.4137319253871135,5.268752460011875,1.5767684876587975,4.051578919643203,9
gen8_cross_7081,fixed,0.005,2.5,,rr,3.5,,2.5,800,any,70.29504700798935,967.2297479185484,2690,45.61338289962825,1.3929838291355958,5.268752460011868,1.528158576310665,3.848397718877214,8
gen9_cross_9515,fixed,0.005,,,rr,3.9000000000000004,,,800,any,70.29437767913242,1018.2959099824861,2690,45.61338289962825,1.4137319253871137,5.268752460011875,1.5767684876587975,4.051578919643202,9
gen8_cross_1888,fixed,0.005,,40.0,rr,3.9000000000000004,,2.5,800,ranging,70.29225623922916,1018.2959099824861,2690,45.61338289962825,1.4137319253871137,5.268752460011875,1.5767684876587975,4.051578919643202,8
gen7_cross_4104,fixed,0.005,,,rr,3.5,,,800,ranging,70.2901766865924,967.2297479185484,2690,45.61338289962825,1.3929838291355958,5.268752460011868,1.528158576310665,3.848397718877214,7
gen7_cross_3055,fixed,0.005,,,rr,3.9000000000000004,,,1100,ranging,70.28312603753591,1400.1568762259185,2690,45.61338289962825,1.4137319253871137,5.268752460011851,1.5767684876587975,4.051578919643202,7
gen7_cross_6656,fixed,0.005,,,rr,3.9000000000000004,,2.5,800,ranging,70.27311572313457,1018.2959099824861,2690,45.61338289962825,1.4137319253871137,5.268752460011875,1.5767684876587975,4.051578919643202,7
gen7_cross_6656,fixed,0.005,,,rr,3.9000000000000004,,2.5,800,ranging,70.27311572313457,1018.2959099824861,2690,45.61338289962825,1.4137319253871137,5.268752460011875,1.5767684876587975,4.051578919643202,7
gen7_cross_6312,fixed,0.005,,40.0,rr,3.9000000000000004,,,800,ranging,70.26398279996064,1018.2959099824861,2690,45.61338289962825,1.4137319253871137,5.268752460011875,1.5767684876587975,4.051578919643202,7
gen9_cross_9414,fixed,0.005,,,rr,3.9000000000000004,,2.5,800,ranging,70.26145061091563,1018.2959099824861,2690,45.61338289962825,1.4137319253871137,5.268752460011875,1.5767684876587975,4.051578919643202,9
gen8_cross_4978,fixed,0.005,,,rr,3.9000000000000004,,,800,ranging,70.25826340600636,1018.2959099824861,2690,45.61338289962825,1.4137319253871137,5.268752460011875,1.5767684876587975,4.051578919643202,8
gen7_cross_5139,fixed,0.005,,,rr,3.0,,2.5,800,ranging,70.25570712182733,784.0155613102605,2690,45.61338289962825,1.318544211495391,5.268752460011874,1.3225335381867704,3.1194281443510037,7
gen8_cross_1985,fixed,0.005,,,rr,3.9000000000000004,,,1100,ranging,70.2529471518651,1400.1568762259185,2690,45.61338289962825,1.4137319253871137,5.268752460011851,1.5767684876587975,4.051578919643202,8
gen9_cross_2806,fixed,0.005,,,rr,3.9000000000000004,,2.5,1000,ranging,70.23090727191594,1272.8698874781078,2690,45.61338289962825,1.4137319253871137,5.2687524600118625,1.5767684876587975,4.051578919643202,9
gen8_cross_8932,fixed,0.005,,,rr,3.9000000000000004,,2.5,800,ranging,70.23048210701947,1018.2959099824861,2690,45.61338289962825,1.4137319253871137,5.268752460011875,1.5767684876587975,4.051578919643202,8
gen7_cross_5277,fixed,0.005,,,rr,3.5,,,800,any,70.22973455211422,967.2297479185484,2690,45.61338289962825,1.3929838291355958,5.268752460011868,1.528158576310665,3.848397718877214,7
gen8_cross_3533,fixed,0.005,,,rr,3.9000000000000004,,2.5,800,ranging,70.22589046509606,1018.2959099824861,2690,45.61338289962825,1.4137319253871137,5.268752460011875,1.5767684876587975,4.051578919643202,8
gen8_cross_3533,fixed,0.005,,,rr,3.9000000000000004,,2.5,800,ranging,70.22589046509606,1018.2959099824861,2690,45.61338289962825,1.4137319253871137,5.268752460011875,1.5767684876587975,4.051578919643202,8
gen8_cross_8117,fixed,0.005,,,rr,3.9000000000000004,,2.5,800,ranging,70.22436657643141,1018.2959099824861,2690,45.61338289962825,1.4137319253871137,5.268752460011875,1.5767684876587975,4.051578919643202,8
gen7_cross_9158,fixed,0.005,,,rr,3.9000000000000004,,,1100,volatile,70.22316808763601,1400.1568762259185,2690,45.61338289962825,1.4137319253871137,5.268752460011851,1.5767684876587975,4.051578919643202,7
gen8_cross_2529,fixed,0.005,,40.0,rr,3.9000000000000004,,2.5,800,ranging,70.201479072238,1018.2959099824861,2690,45.61338289962825,1.4137319253871137,5.268752460011875,1.5767684876587975,4.051578919643202,8
gen9_cross_9015,fixed,0.005,,,rr,3.5,,2.5,800,trending,70.19819632232938,967.2297479185484,2690,45.61338289962825,1.3929838291355958,5.268752460011868,1.528158576310665,3.848397718877214,9
gen7_cross_5997,fixed,0.005,,,rr,3.5,,2.5,800,ranging,70.19471117928295,967.2297479185484,2690,45.61338289962825,1.3929838291355958,5.268752460011868,1.528158576310665,3.848397718877214,7
gen9_cross_4179,fixed,0.005,,40.0,rr,3.3000000000000003,,,800,volatile,70.1940039761553,913.5691893237471,2690,45.61338289962825,1.3711816339120513,5.268752460011865,1.4717388576585138,3.6348939761167096,9
gen7_cross_2415,fixed,0.005,2.5,40.0,rr,3.9000000000000004,,2.5,800,ranging,70.19214711321303,1018.2959099824861,2690,45.61338289962825,1.4137319253871137,5.268752460011875,1.5767684876587975,4.051578919643202,7
gen7_cross_2415,fixed,0.005,2.5,40.0,rr,3.9000000000000004,,2.5,800,ranging,70.19214711321303,1018.2959099824861,2690,45.61338289962825,1.4137319253871137,5.268752460011875,1.5767684876587975,4.051578919643202,7
gen9_cross_1209,fixed,0.005,,,rr,3.9000000000000004,,,800,ranging,70.19079031874067,1018.2959099824861,2690,45.61338289962825,1.4137319253871137,5.268752460011875,1.5767684876587975,4.051578919643202,9
gen8_cross_1380,fixed,0.005,,,rr,3.9000000000000004,,2.5,800,ranging,70.18100684323048,1018.2959099824861,2690,45.61338289962825,1.4137319253871137,5.268752460011875,1.5767684876587975,4.051578919643202,8
gen8_cross_1380,fixed,0.005,,,rr,3.9000000000000004,,2.5,800,ranging,70.18100684323048,1018.2959099824861,2690,45.61338289962825,1.4137319253871137,5.268752460011875,1.5767684876587975,4.051578919643202,8
gen8_cross_1328,fixed,0.005,,,rr,3.9000000000000004,,2.5,800,ranging,70.17795841837679,1018.2959099824861,2690,45.61338289962825,1.4137319253871137,5.268752460011875,1.5767684876587975,4.051578919643202,8
gen7_cross_5572,fixed,0.005,,,rr,3.9000000000000004,,,800,ranging,70.16549640919757,1018.2959099824861,2690,45.61338289962825,1.4137319253871137,5.268752460011875,1.5767684876587975,4.051578919643202,7
gen7_cross_5572,fixed,0.005,,,rr,3.9000000000000004,,,800,ranging,70.16549640919757,1018.2959099824861,2690,45.61338289962825,1.4137319253871137,5.268752460011875,1.5767684876587975,4.051578919643202,7
gen8_cross_6543,fixed,0.005,,,rr,3.9000000000000004,,,800,ranging,70.16096333072534,1018.2959099824861,2690,45.61338289962825,1.4137319253871137,5.268752460011875,1.5767684876587975,4.051578919643202,8
gen8_cross_6543,fixed,0.005,,,rr,3.9000000000000004,,,800,ranging,70.16096333072534,1018.2959099824861,2690,45.61338289962825,1.4137319253871137,5.268752460011875,1.5767684876587975,4.051578919643202,8
gen7_cross_5127,fixed,0.005,,,rr,3.0,,2.5,800,ranging,70.13693553143162,784.0155613102605,2690,45.61338289962825,1.318544211495391,5.268752460011874,1.3225335381867704,3.1194281443510037,7
gen9_cross_3359,fixed,0.005,,,rr,3.9000000000000004,,,800,ranging,70.13637965819277,1018.2959099824861,2690,45.61338289962825,1.4137319253871137,5.268752460011875,1.5767684876587975,4.051578919643202,9
gen7_cross_6586,fixed,0.005,,,rr,3.9000000000000004,,,800,ranging,70.13355459267584,1018.2959099824861,2690,45.61338289962825,1.4137319253871137,5.268752460011875,1.5767684876587975,4.051578919643202,7
gen8_cross_2538,fixed,0.005,,,rr,3.9000000000000004,,,800,any,70.12840746976995,1018.2959099824861,2690,45.61338289962825,1.4137319253871137,5.268752460011875,1.5767684876587975,4.051578919643202,8
gen9_cross_8561,fixed,0.005,,,rr,3.9000000000000004,,2.5,800,ranging,70.1272227707457,1018.2959099824861,2690,45.61338289962825,1.4137319253871137,5.268752460011875,1.5767684876587975,4.051578919643202,9
gen7_cross_4906,fixed,0.005,,,rr,3.5,,,800,any,70.12374457813574,967.2297479185484,2690,45.61338289962825,1.3929838291355958,5.268752460011868,1.528158576310665,3.848397718877214,7
gen6_cross_3113,fixed,0.005,,,rr,3.9000000000000004,,2.5,800,ranging,70.11757811439463,1018.2959099824861,2690,45.61338289962825,1.4137319253871137,5.268752460011875,1.5767684876587975,4.051578919643202,6
gen6_cross_3113,fixed,0.005,,,rr,3.9000000000000004,,2.5,800,ranging,70.11757811439463,1018.2959099824861,2690,45.61338289962825,1.4137319253871137,5.268752460011875,1.5767684876587975,4.051578919643202,6
gen9_cross_1095,fixed,0.005,2.5,40.0,rr,3.9000000000000004,,,900,ranging,70.10783670445694,1145.582898730297,2690,45.61338289962825,1.4137319253871135,5.268752460011875,1.5767684876587975,4.051578919643203,9
gen9_cross_4280,fixed,0.005,,,rr,3.9000000000000004,,2.5,800,ranging,70.09686381494782,1018.2959099824861,2690,45.61338289962825,1.4137319253871137,5.268752460011875,1.5767684876587975,4.051578919643202,9
gen7_cross_6226,fixed,0.005,,,rr,3.3000000000000003,,2.5,800,ranging,70.09663681435033,913.5691893237471,2690,45.61338289962825,1.3711816339120513,5.268752460011865,1.4717388576585138,3.6348939761167096,7
gen7_cross_2914,fixed,0.005,,40.0,rr,3.9000000000000004,,,800,ranging,70.07347555507575,1018.2959099824861,2690,45.61338289962825,1.4137319253871137,5.268752460011875,1.5767684876587975,4.051578919643202,7
gen8_cross_7673,fixed,0.005,,40.0,rr,3.9000000000000004,,,900,ranging,70.0720191800622,1145.582898730297,2690,45.61338289962825,1.4137319253871135,5.268752460011875,1.5767684876587975,4.051578919643203,8
gen7_cross_6526,fixed,0.005,,,rr,3.9000000000000004,,2.5,800,ranging,70.06291716236794,1018.2959099824861,2690,45.61338289962825,1.4137319253871137,5.268752460011875,1.5767684876587975,4.051578919643202,7
gen7_cross_8329,fixed,0.005,,40.0,rr,3.9000000000000004,,,800,any,70.05713072557302,1018.2959099824861,2690,45.61338289962825,1.4137319253871137,5.268752460011875,1.5767684876587975,4.051578919643202,7
gen8_cross_3420,fixed,0.005,,,rr,3.9000000000000004,,,800,ranging,70.05008108678254,1018.2959099824861,2690,45.61338289962825,1.4137319253871137,5.268752460011875,1.5767684876587975,4.051578919643202,8
gen9_cross_1824,fixed,0.005,,,rr,3.9000000000000004,,2.5,800,ranging,70.04917370721454,1018.2959099824861,2690,45.61338289962825,1.4137319253871137,5.268752460011875,1.5767684876587975,4.051578919643202,9
gen5_cross_2171,fixed,0.005,,,rr,3.0,,,800,ranging,70.04135121723188,784.0155613102605,2690,45.61338289962825,1.318544211495391,5.268752460011874,1.3225335381867704,3.1194281443510037,5
gen5_cross_2171,fixed,0.005,,,rr,3.0,,,800,ranging,70.04135121723188,784.0155613102605,2690,45.61338289962825,1.318544211495391,5.268752460011874,1.3225335381867704,3.1194281443510037,5
gen6_cross_6632,fixed,0.005,,,rr,3.5,,,800,ranging,70.04100883880837,967.2297479185484,2690,45.61338289962825,1.3929838291355958,5.268752460011868,1.528158576310665,3.848397718877214,6
gen6_cross_2262,fixed,0.005,,,rr,3.5,,,1000,ranging,70.03844402461084,1209.0371848981856,2690,45.61338289962825,1.392983829135596,5.268752460011865,1.5281585763106647,3.848397718877213,6
gen9_cross_8898,fixed,0.005,,,rr,3.9000000000000004,,2.5,800,ranging,70.00898142727185,1018.2959099824861,2690,45.61338289962825,1.4137319253871137,5.268752460011875,1.5767684876587975,4.051578919643202,9
gen7_cross_2359,fixed,0.005,,,rr,3.0,,,800,ranging,70.00735771705745,784.0155613102605,2690,45.61338289962825,1.318544211495391,5.268752460011874,1.3225335381867704,3.1194281443510037,7
gen7_cross_5977,fixed,0.005,,,rr,3.3000000000000003,0.015,2.5,800,ranging,70.00384470134495,913.5691893237471,2690,45.61338289962825,1.3711816339120513,5.268752460011865,1.4717388576585138,3.6348939761167096,7
gen7_cross_3021,fixed,0.005,,40.0,rr,3.9000000000000004,,,800,ranging,70.00103550815628,1018.2959099824861,2690,45.61338289962825,1.4137319253871137,5.268752460011875,1.5767684876587975,4.051578919643202,7
gen6_cross_5926,fixed,0.005,,,rr,3.9000000000000004,,2.5,800,ranging,69.99108818517634,1018.2959099824861,2690,45.61338289962825,1.4137319253871137,5.268752460011875,1.5767684876587975,4.051578919643202,6
gen8_cross_9040,fixed,0.005,,,rr,3.9000000000000004,,2.5,800,ranging,69.98991029578414,1018.2959099824861,2690,45.61338289962825,1.4137319253871137,5.268752460011875,1.5767684876587975,4.051578919643202,8
gen7_cross_7020,fixed,0.005,,,rr,3.9000000000000004,,,800,ranging,69.9890867291301,1018.2959099824861,2690,45.61338289962825,1.4137319253871137,5.268752460011875,1.5767684876587975,4.051578919643202,7
gen8_cross_6954,fixed,0.005,,,rr,3.9000000000000004,,,800,ranging,69.98487726488453,1018.2959099824861,2690,45.61338289962825,1.4137319253871137,5.268752460011875,1.5767684876587975,4.051578919643202,8
gen9_cross_2442,fixed,0.005,,,rr,3.9000000000000004,,2.5,800,volatile,69.98091246691286,1018.2959099824861,2690,45.61338289962825,1.4137319253871137,5.268752460011875,1.5767684876587975,4.051578919643202,9
gen8_cross_9287,fixed,0.005,,,rr,3.9000000000000004,,,1100,ranging,69.98045996809286,1400.1568762259185,2690,45.61338289962825,1.4137319253871137,5.268752460011851,1.5767684876587975,4.051578919643202,8
gen7_cross_7792,fixed,0.005,,,rr,3.9000000000000004,,2.5,1000,ranging,69.97804582426271,1272.8698874781078,2690,45.61338289962825,1.4137319253871137,5.2687524600118625,1.5767684876587975,4.051578919643202,7
gen8_cross_2458,fixed,0.005,,,rr,3.9000000000000004,,2.5,800,ranging,69.96744668054235,1018.2959099824861,2690,45.61338289962825,1.4137319253871137,5.268752460011875,1.5767684876587975,4.051578919643202,8
gen7_cross_3200,fixed,0.005,,,rr,3.0,0.015,,800,ranging,69.96742596497276,784.0155613102605,2690,45.61338289962825,1.318544211495391,5.268752460011874,1.3225335381867704,3.1194281443510037,7
gen9_cross_4273,fixed,0.005,,,rr,3.9000000000000004,,2.5,800,ranging,69.96279123163636,1018.2959099824861,2690,45.61338289962825,1.4137319253871137,5.268752460011875,1.5767684876587975,4.051578919643202,9
gen6_cross_2697,fixed,0.005,,40.0,rr,3.0,,,800,any,69.95942180280223,784.0155613102605,2690,45.61338289962825,1.318544211495391,5.268752460011874,1.3225335381867704,3.1194281443510037,6
gen9_cross_1328,fixed,0.005,,,rr,3.9000000000000004,,,800,ranging,69.9527788150928,1018.2959099824861,2690,45.61338289962825,1.4137319253871137,5.268752460011875,1.5767684876587975,4.051578919643202,9
gen8_cross_5363,fixed,0.005,,,rr,3.9000000000000004,,2.5,1000,ranging,69.94630546084842,1272.8698874781078,2690,45.61338289962825,1.4137319253871137,5.2687524600118625,1.5767684876587975,4.051578919643202,8
gen8_cross_5363,fixed,0.005,,,rr,3.9000000000000004,,2.5,1000,ranging,69.94630546084842,1272.8698874781078,2690,45.61338289962825,1.4137319253871137,5.2687524600118625,1.5767684876587975,4.051578919643202,8
gen7_cross_8105,fixed,0.005,,,rr,3.9000000000000004,,,1000,ranging,69.9407789011679,1272.8698874781078,2690,45.61338289962825,1.4137319253871137,5.2687524600118625,1.5767684876587975,4.051578919643202,7
gen7_cross_6994,fixed,0.005,,,rr,3.9000000000000004,,,800,ranging,69.93515063841667,1018.2959099824861,2690,45.61338289962825,1.4137319253871137,5.268752460011875,1.5767684876587975,4.051578919643202,7
gen6_cross_8616,fixed,0.005,,,rr,3.0,,,800,any,69.93242579024859,784.0155613102605,2690,45.61338289962825,1.318544211495391,5.268752460011874,1.3225335381867704,3.1194281443510037,6
gen8_cross_7509,fixed,0.005,,,rr,3.9000000000000004,,2.5,800,ranging,69.93069078894888,1018.2959099824861,2690,45.61338289962825,1.4137319253871137,5.268752460011875,1.5767684876587975,4.051578919643202,8
gen9_cross_1917,fixed,0.005,,40.0,rr,3.9000000000000004,,2.5,800,ranging,69.92850738248507,1018.2959099824861,2690,45.61338289962825,1.4137319253871137,5.268752460011875,1.5767684876587975,4.051578919643202,9
gen7_cross_9364,fixed,0.005,,,rr,3.9000000000000004,,2.5,800,ranging,69.92410773582897,1018.2959099824861,2690,45.61338289962825,1.4137319253871137,5.268752460011875,1.5767684876587975,4.051578919643202,7
gen7_cross_3124,fixed,0.005,,40.0,rr,3.9000000000000004,,,800,any,69.91584114104255,1018.2959099824861,2690,45.61338289962825,1.4137319253871137,5.268752460011875,1.5767684876587975,4.051578919643202,7
gen6_cross_5047,fixed,0.005,2.5,40.0,rr,3.9000000000000004,,2.5,800,ranging,69.90938746795076,1018.2959099824861,2690,45.61338289962825,1.4137319253871137,5.268752460011875,1.5767684876587975,4.051578919643202,6
gen6_cross_5047,fixed,0.005,2.5,40.0,rr,3.9000000000000004,,2.5,800,ranging,69.90938746795076,1018.2959099824861,2690,45.61338289962825,1.4137319253871137,5.268752460011875,1.5767684876587975,4.051578919643202,6
gen6_cross_5047,fixed,0.005,2.5,40.0,rr,3.9000000000000004,,2.5,800,ranging,69.90938746795076,1018.2959099824861,2690,45.61338289962825,1.4137319253871137,5.268752460011875,1.5767684876587975,4.051578919643202,6
gen8_cross_5123,fixed,0.005,,40.0,rr,3.9000000000000004,,2.5,800,ranging,69.90844079973704,1018.2959099824861,2690,45.61338289962825,1.4137319253871137,5.268752460011875,1.5767684876587975,4.051578919643202,8
gen9_cross_2554,fixed,0.005,,,rr,3.9000000000000004,,,900,ranging,69.90707927169453,1145.582898730297,2690,45.61338289962825,1.4137319253871135,5.268752460011875,1.5767684876587975,4.051578919643203,9
gen8_cross_4133,fixed,0.005,,,rr,3.9000000000000004,,2.5,800,ranging,69.90466829906337,1018.2959099824861,2690,45.61338289962825,1.4137319253871137,5.268752460011875,1.5767684876587975,4.051578919643202,8
gen9_cross_9134,fixed,0.005,,40.0,rr,3.9000000000000004,,2.5,800,ranging,69.90325872420826,1018.2959099824861,2690,45.61338289962825,1.4137319253871137,5.268752460011875,1.5767684876587975,4.051578919643202,9
gen5_cross_8123,fixed,0.005,,,rr,3.3000000000000003,0.015,,800,volatile,69.90314638717116,913.5691893237471,2690,45.61338289962825,1.3711816339120513,5.268752460011865,1.4717388576585138,3.6348939761167096,5
gen5_cross_8123,fixed,0.005,,,rr,3.3000000000000003,0.015,,800,volatile,69.90314638717116,913.5691893237471,2690,45.61338289962825,1.3711816339120513,5.268752460011865,1.4717388576585138,3.6348939761167096,5
gen7_cross_8027,fixed,0.005,,,rr,3.9000000000000004,0.015,2.5,800,ranging,69.90273660155958,1018.2959099824861,2690,45.61338289962825,1.4137319253871137,5.268752460011875,1.5767684876587975,4.051578919643202,7
gen9_cross_9998,fixed,0.005,,,rr,3.9000000000000004,,2.5,800,ranging,69.88669241443083,1018.2959099824861,2690,45.61338289962825,1.4137319253871137,5.268752460011875,1.5767684876587975,4.051578919643202,9
gen9_cross_9422,fixed,0.005,,,rr,3.9000000000000004,,2.5,800,ranging,69.87257475502513,1018.2959099824861,2690,45.61338289962825,1.4137319253871137,5.268752460011875,1.5767684876587975,4.051578919643202,9
gen9_cross_1560,fixed,0.005,,40.0,rr,3.9000000000000004,,,800,ranging,69.86512612897513,1018.2959099824861,2690,45.61338289962825,1.4137319253871137,5.268752460011875,1.5767684876587975,4.051578919643202,9
gen8_cross_9828,fixed,0.005,,,rr,3.9000000000000004,,,1100,ranging,69.86186921256628,1400.1568762259185,2690,45.61338289962825,1.4137319253871137,5.268752460011851,1.5767684876587975,4.051578919643202,8
gen9_cross_4100,fixed,0.005,,,rr,3.9000000000000004,,,800,any,69.85847480884716,1018.2959099824861,2690,45.61338289962825,1.4137319253871137,5.268752460011875,1.5767684876587975,4.051578919643202,9
gen8_cross_1776,fixed,0.005,,,rr,3.9000000000000004,,2.5,800,ranging,69.85257043716653,1018.2959099824861,2690,45.61338289962825,1.4137319253871137,5.268752460011875,1.5767684876587975,4.051578919643202,8
gen7_cross_7468,fixed,0.005,,40.0,rr,3.9000000000000004,,,800,any,69.84957869308383,1018.2959099824861,2690,45.61338289962825,1.4137319253871137,5.268752460011875,1.5767684876587975,4.051578919643202,7
gen9_cross_1749,fixed,0.005,,,rr,3.9000000000000004,,2.5,800,ranging,69.84353182738278,1018.2959099824861,2690,45.61338289962825,1.4137319253871137,5.268752460011875,1.5767684876587975,4.051578919643202,9
gen8_cross_7041,fixed,0.005,,,rr,3.9000000000000004,,2.5,800,ranging,69.83835282634068,1018.2959099824861,2690,45.61338289962825,1.4137319253871137,5.268752460011875,1.5767684876587975,4.051578919643202,8
gen7_cross_7430,fixed,0.005,,40.0,rr,3.9000000000000004,,,900,ranging,69.83578795568127,1145.582898730297,2690,45.61338289962825,1.4137319253871135,5.268752460011875,1.5767684876587975,4.051578919643203,7
gen7_cross_7430,fixed,0.005,,40.0,rr,3.9000000000000004,,,900,ranging,69.83578795568127,1145.582898730297,2690,45.61338289962825,1.4137319253871135,5.268752460011875,1.5767684876587975,4.051578919643203,7
gen8_cross_2140,fixed,0.005,,,rr,3.5,0.015,,800,any,69.83153442008634,967.2297479185484,2690,45.61338289962825,1.3929838291355958,5.268752460011868,1.528158576310665,3.848397718877214,8
gen7_cross_8010,fixed,0.005,,,rr,3.0,,,800,ranging,69.80690581422309,784.0155613102605,2690,45.61338289962825,1.318544211495391,5.268752460011874,1.3225335381867704,3.1194281443510037,7
gen9_cross_5968,fixed,0.005,,,rr,3.5,0.015,,800,any,69.80348184637833,967.2297479185484,2690,45.61338289962825,1.3929838291355958,5.268752460011868,1.528158576310665,3.848397718877214,9
gen9_cross_8431,fixed,0.005,,,rr,3.3000000000000003,,2.5,800,ranging,69.80299216181038,913.5691893237471,2690,45.61338289962825,1.3711816339120513,5.268752460011865,1.4717388576585138,3.6348939761167096,9
gen9_cross_1451,fixed,0.005,,,rr,3.9000000000000004,,2.5,1700,ranging,69.80143513383862,2163.878808712783,2690,45.61338289962825,1.4137319253871137,5.2687524600118625,1.5767684876587975,4.051578919643203,9
gen6_cross_3444,fixed,0.005,,,rr,3.3000000000000003,0.015,2.5,800,ranging,69.78804635422911,913.5691893237471,2690,45.61338289962825,1.3711816339120513,5.268752460011865,1.4717388576585138,3.6348939761167096,6
gen5_cross_5715,fixed,0.005,,,rr,3.9000000000000004,,,1100,ranging,69.78796153064583,1400.1568762259185,2690,45.61338289962825,1.4137319253871137,5.268752460011851,1.5767684876587975,4.051578919643202,5
gen5_cross_5715,fixed,0.005,,,rr,3.9000000000000004,,,1100,ranging,69.78796153064583,1400.1568762259185,2690,45.61338289962825,1.4137319253871137,5.268752460011851,1.5767684876587975,4.051578919643202,5
gen8_cross_6738,fixed,0.005,,,rr,3.5,0.015,,800,ranging,69.78548327339033,967.2297479185484,2690,45.61338289962825,1.3929838291355958,5.268752460011868,1.528158576310665,3.848397718877214,8
gen8_cross_4706,fixed,0.005,,,rr,3.9000000000000004,,2.5,800,ranging,69.7845694208829,1018.2959099824861,2690,45.61338289962825,1.4137319253871137,5.268752460011875,1.5767684876587975,4.051578919643202,8
gen9_cross_6616,fixed,0.005,,,rr,3.9000000000000004,,,800,ranging,69.77101634514683,1018.2959099824861,2690,45.61338289962825,1.4137319253871137,5.268752460011875,1.5767684876587975,4.051578919643202,9
gen7_cross_1720,fixed,0.005,,,rr,3.9000000000000004,,2.5,800,ranging,69.75424220560515,1018.2959099824861,2690,45.61338289962825,1.4137319253871137,5.268752460011875,1.5767684876587975,4.051578919643202,7
gen8_cross_6547,fixed,0.005,,,rr,3.9000000000000004,,,900,ranging,69.74800139302975,1145.582898730297,2690,45.61338289962825,1.4137319253871135,5.268752460011875,1.5767684876587975,4.051578919643203,8
gen8_cross_3836,fixed,0.005,,40.0,rr,3.6,,2.5,800,ranging,69.7447132807049,978.6880195676017,2690,45.61338289962825,1.3976393057455856,5.268752460011868,1.5392580454586307,3.8939877005453623,8
gen9_cross_1504,fixed,0.005,,,rr,3.9000000000000004,,2.5,800,ranging,69.74268031357316,1018.2959099824861,2690,45.61338289962825,1.4137319253871137,5.268752460011875,1.5767684876587975,4.051578919643202,9
gen7_cross_9643,fixed,0.005,,,rr,3.5,,,1000,ranging,69.73850429991757,1209.0371848981856,2690,45.61338289962825,1.392983829135596,5.268752460011865,1.5281585763106647,3.848397718877213,7
gen9_cross_2367,fixed,0.005,,,rr,3.9000000000000004,,,800,ranging,69.73128337126171,1018.2959099824861,2690,45.61338289962825,1.4137319253871137,5.268752460011875,1.5767684876587975,4.051578919643202,9
gen8_cross_9831,fixed,0.005,,,rr,3.9000000000000004,,2.5,800,ranging,69.72658117883473,1018.2959099824861,2690,45.61338289962825,1.4137319253871137,5.268752460011875,1.5767684876587975,4.051578919643202,8
gen8_cross_9831,fixed,0.005,,,rr,3.9000000000000004,,2.5,800,ranging,69.72658117883473,1018.2959099824861,2690,45.61338289962825,1.4137319253871137,5.268752460011875,1.5767684876587975,4.051578919643202,8
gen6_cross_9399,fixed,0.005,,,rr,3.3000000000000003,,2.5,800,any,69.72077345440697,913.5691893237471,2690,45.61338289962825,1.3711816339120513,5.268752460011865,1.4717388576585138,3.6348939761167096,6
gen6_cross_9399,fixed,0.005,,,rr,3.3000000000000003,,2.5,800,any,69.72077345440697,913.5691893237471,2690,45.61338289962825,1.3711816339120513,5.268752460011865,1.4717388576585138,3.6348939761167096,6
gen6_cross_2547,fixed,0.005,,,rr,3.9000000000000004,,,800,ranging,69.71815897171429,1018.2959099824861,2690,45.61338289962825,1.4137319253871137,5.268752460011875,1.5767684876587975,4.051578919643202,6
gen6_cross_2547,fixed,0.005,,,rr,3.9000000000000004,,,800,ranging,69.71815897171429,1018.2959099824861,2690,45.61338289962825,1.4137319253871137,5.268752460011875,1.5767684876587975,4.051578919643202,6
gen9_cross_2839,fixed,0.005,,,rr,3.5,,2.5,800,ranging,69.71435764320853,967.2297479185484,2690,45.61338289962825,1.3929838291355958,5.268752460011868,1.528158576310665,3.848397718877214,9
gen8_cross_2574,fixed,0.005,,,rr,3.3000000000000003,,,800,ranging,69.71128254699246,913.5691893237471,2690,45.61338289962825,1.3711816339120513,5.268752460011865,1.4717388576585138,3.6348939761167096,8
gen9_cross_1498,fixed,0.005,,,rr,3.9000000000000004,0.015,2.5,800,ranging,69.70862334314829,1018.2959099824861,2690,45.61338289962825,1.4137319253871137,5.268752460011875,1.5767684876587975,4.051578919643202,9
gen7_cross_3252,fixed,0.005,,,rr,3.9000000000000004,0.015,2.5,800,ranging,69.70813631347198,1018.2959099824861,2690,45.61338289962825,1.4137319253871137,5.268752460011875,1.5767684876587975,4.051578919643202,7
gen8_cross_6150,fixed,0.005,,,rr,3.9000000000000004,,2.5,800,ranging,69.70432137056575,1018.2959099824861,2690,45.61338289962825,1.4137319253871137,5.268752460011875,1.5767684876587975,4.051578919643202,8
gen7_cross_7438,fixed,0.005,,,rr,3.5,,2.5,800,any,69.70380695815848,967.2297479185484,2690,45.61338289962825,1.3929838291355958,5.268752460011868,1.528158576310665,3.848397718877214,7
gen9_cross_3303,fixed,0.005,,40.0,rr,3.9000000000000004,,2.5,800,ranging,69.70264009364645,1018.2959099824861,2690,45.61338289962825,1.4137319253871137,5.268752460011875,1.5767684876587975,4.051578919643202,9
gen9_cross_2885,fixed,0.005,,,rr,3.9000000000000004,,2.5,800,ranging,69.69902706229144,1018.2959099824861,2690,45.61338289962825,1.4137319253871137,5.268752460011875,1.5767684876587975,4.051578919643202,9
gen7_cross_4311,fixed,0.005,,,rr,3.7,,,800,any,69.6916753687856,986.3482310547181,2690,45.61338289962825,1.4007516368630615,5.268752460011868,1.5463290173137023,3.9244660232774473,7
gen9_cross_5285,fixed,0.005,,,rr,3.9000000000000004,,,800,volatile,69.69077528635174,1018.2959099824861,2690,45.61338289962825,1.4137319253871137,5.268752460011875,1.5767684876587975,4.051578919643202,9
gen7_cross_6402,fixed,0.005,,40.0,rr,3.9000000000000004,,,800,ranging,69.6886694735233,1018.2959099824861,2690,45.61338289962825,1.4137319253871137,5.268752460011875,1.5767684876587975,4.051578919643202,7
gen7_cross_5086,fixed,0.005,,40.0,rr,3.0,,,1000,any,69.68545747452596,980.0194516378258,2690,45.61338289962825,1.3185442114953911,5.2687524600118625,1.3225335381867702,3.1194281443510024,7
gen9_cross_9112,fixed,0.005,,,rr,3.9000000000000004,,,800,trending,69.68021714244718,1018.2959099824861,2690,45.61338289962825,1.4137319253871137,5.268752460011875,1.5767684876587975,4.051578919643202,9
gen5_cross_8720,fixed,0.005,,,rr,3.3000000000000003,0.015,2.5,800,any,69.67652416216055,913.5691893237471,2690,45.61338289962825,1.3711816339120513,5.268752460011865,1.4717388576585138,3.6348939761167096,5
gen5_cross_8720,fixed,0.005,,,rr,3.3000000000000003,0.015,2.5,800,any,69.67652416216055,913.5691893237471,2690,45.61338289962825,1.3711816339120513,5.268752460011865,1.4717388576585138,3.6348939761167096,5
gen7_cross_6743,fixed,0.005,,,rr,3.9000000000000004,,,800,ranging,69.67529092781717,1018.2959099824861,2690,45.61338289962825,1.4137319253871137,5.268752460011875,1.5767684876587975,4.051578919643202,7
gen8_cross_4920,fixed,0.005,,,rr,3.3000000000000003,,,800,volatile,69.67456121184381,913.5691893237471,2690,45.61338289962825,1.3711816339120513,5.268752460011865,1.4717388576585138,3.6348939761167096,8
gen9_cross_6329,fixed,0.005,,,rr,3.9000000000000004,,2.5,800,ranging,69.6721406262944,1018.2959099824861,2690,45.61338289962825,1.4137319253871137,5.268752460011875,1.5767684876587975,4.051578919643202,9
gen7_cross_6507,fixed,0.005,,,rr,3.0,,2.5,1000,ranging,69.67121441069773,980.0194516378258,2690,45.61338289962825,1.3185442114953911,5.2687524600118625,1.3225335381867702,3.1194281443510024,7
gen9_cross_2534,fixed,0.005,2.5,40.0,rr,3.9000000000000004,,2.5,800,ranging,69.6552003528818,1018.2959099824861,2690,45.61338289962825,1.4137319253871137,5.268752460011875,1.5767684876587975,4.051578919643202,9
gen7_cross_1845,fixed,0.005,,,rr,3.9000000000000004,,2.5,800,ranging,69.65225289897856,1018.2959099824861,2690,45.61338289962825,1.4137319253871137,5.268752460011875,1.5767684876587975,4.051578919643202,7
gen6_cross_5391,fixed,0.005,,40.0,rr,3.0,,,800,any,69.65207847186787,784.0155613102605,2690,45.61338289962825,1.318544211495391,5.268752460011874,1.3225335381867704,3.1194281443510037,6
gen8_cross_1280,fixed,0.005,,,rr,3.9000000000000004,,,800,ranging,69.6520611322087,1018.2959099824861,2690,45.61338289962825,1.4137319253871137,5.268752460011875,1.5767684876587975,4.051578919643202,8
gen9_cross_6119,fixed,0.005,,,rr,3.9000000000000004,,,800,ranging,69.65034075408609,1018.2959099824861,2690,45.61338289962825,1.4137319253871137,5.268752460011875,1.5767684876587975,4.051578919643202,9
gen9_cross_6972,fixed,0.005,,40.0,rr,3.9000000000000004,,2.5,800,ranging,69.6478406667747,1018.2959099824861,2690,45.61338289962825,1.4137319253871137,5.268752460011875,1.5767684876587975,4.051578919643202,9
gen9_cross_9669,fixed,0.005,,,rr,3.9000000000000004,,2.5,800,ranging,69.6417183549483,1018.2959099824861,2690,45.61338289962825,1.4137319253871137,5.268752460011875,1.5767684876587975,4.051578919643202,9
gen8_cross_9759,fixed,0.005,2.5,,rr,3.9000000000000004,,2.5,800,ranging,69.63890629382206,1018.2959099824861,2690,45.61338289962825,1.4137319253871137,5.268752460011875,1.5767684876587975,4.051578919643202,8
gen8_cross_9759,fixed,0.005,2.5,,rr,3.9000000000000004,,2.5,800,ranging,69.63890629382206,1018.2959099824861,2690,45.61338289962825,1.4137319253871137,5.268752460011875,1.5767684876587975,4.051578919643202,8
gen8_cross_7949,fixed,0.005,,,rr,3.9000000000000004,,2.5,800,ranging,69.63512281431882,1018.2959099824861,2690,45.61338289962825,1.4137319253871137,5.268752460011875,1.5767684876587975,4.051578919643202,8
gen7_cross_7903,fixed,0.005,,,rr,3.0,,2.5,1100,any,69.6304314668063,1078.0213968016083,2690,45.61338289962825,1.3185442114953907,5.268752460011851,1.3225335381867702,3.1194281443510024,7
gen8_cross_6654,fixed,0.005,2.5,40.0,rr,3.9000000000000004,,,800,ranging,69.62809825001153,1018.2959099824861,2690,45.61338289962825,1.4137319253871137,5.268752460011875,1.5767684876587975,4.051578919643202,8
gen9_cross_5779,fixed,0.005,,,rr,3.6,,,800,any,69.62357330362809,978.6880195676017,2690,45.61338289962825,1.3976393057455856,5.268752460011868,1.5392580454586307,3.8939877005453623,9
gen7_cross_7805,fixed,0.005,,,rr,3.9000000000000004,,,800,ranging,69.62283865951687,1018.2959099824861,2690,45.61338289962825,1.4137319253871137,5.268752460011875,1.5767684876587975,4.051578919643202,7
gen8_cross_6734,fixed,0.005,,40.0,rr,3.9000000000000004,,,800,ranging,69.62217346865962,1018.2959099824861,2690,45.61338289962825,1.4137319253871137,5.268752460011875,1.5767684876587975,4.051578919643202,8
gen8_cross_7239,fixed,0.005,2.5,40.0,rr,3.9000000000000004,,,2000,ranging,69.62178432394084,2545.7397749562156,2690,45.61338289962825,1.4137319253871137,5.2687524600118625,1.5767684876587975,4.051578919643202,8
gen8_cross_9434,fixed,0.005,,,rr,3.9000000000000004,,,800,ranging,69.61893696597507,1018.2959099824861,2690,45.61338289962825,1.4137319253871137,5.268752460011875,1.5767684876587975,4.051578919643202,8
gen7_cross_8416,fixed,0.005,2.5,40.0,rr,3.9000000000000004,,2.5,800,ranging,69.61747822068088,1018.2959099824861,2690,45.61338289962825,1.4137319253871137,5.268752460011875,1.5767684876587975,4.051578919643202,7
gen9_cross_7526,fixed,0.005,,,rr,3.9000000000000004,,2.5,800,ranging,69.61703635432242,1018.2959099824861,2690,45.61338289962825,1.4137319253871137,5.268752460011875,1.5767684876587975,4.051578919643202,9
gen7_cross_3167,fixed,0.005,,40.0,rr,3.9000000000000004,,,800,ranging,69.60305687557174,1018.2959099824861,2690,45.61338289962825,1.4137319253871137,5.268752460011875,1.5767684876587975,4.051578919643202,7
gen7_cross_2670,fixed,0.005,,,rr,3.9000000000000004,,2.5,800,ranging,69.6025546680119,1018.2959099824861,2690,45.61338289962825,1.4137319253871137,5.268752460011875,1.5767684876587975,4.051578919643202,7
gen9_cross_7867,fixed,0.005,,,rr,3.9000000000000004,,2.5,800,ranging,69.59948030895985,1018.2959099824861,2690,45.61338289962825,1.4137319253871137,5.268752460011875,1.5767684876587975,4.051578919643202,9
gen7_cross_6849,fixed,0.005,,,rr,3.5,,,800,ranging,69.59797180134734,967.2297479185484,2690,45.61338289962825,1.3929838291355958,5.268752460011868,1.528158576310665,3.848397718877214,7
gen9_cross_1280,fixed,0.005,,40.0,rr,3.9000000000000004,,2.5,800,ranging,69.59791545675645,1018.2959099824861,2690,45.61338289962825,1.4137319253871137,5.268752460011875,1.5767684876587975,4.051578919643202,9
gen6_cross_8525,fixed,0.005,,,rr,3.0,,,800,ranging,69.59075450193328,784.0155613102605,2690,45.61338289962825,1.318544211495391,5.268752460011874,1.3225335381867704,3.1194281443510037,6
gen6_cross_4155,fixed,0.005,2.5,,rr,3.0,,,1700,ranging,69.58999917915048,1666.0330677843037,2690,45.61338289962825,1.318544211495391,5.268752460011869,1.3225335381867704,3.1194281443510037,6
gen6_cross_3713,fixed,0.005,,,rr,3.3000000000000003,0.015,,800,ranging,69.58381078361263,913.5691893237471,2690,45.61338289962825,1.3711816339120513,5.268752460011865,1.4717388576585138,3.6348939761167096,6
gen7_cross_6426,fixed,0.005,,,rr,3.8000000000000003,,,800,any,69.57968566074456,1003.9482310547179,2690,45.61338289962825,1.4079024874315746,5.26875246001187,1.563391225167011,3.9944926120977295,7
gen9_cross_5736,fixed,0.005,,,rr,3.3000000000000003,,,800,volatile,69.57750290528848,913.5691893237471,2690,45.61338289962825,1.3711816339120513,5.268752460011865,1.4717388576585138,3.6348939761167096,9
gen9_cross_8386,fixed,0.005,,,rr,3.9000000000000004,,2.5,800,ranging,69.57367813885297,1018.2959099824861,2690,45.61338289962825,1.4137319253871137,5.268752460011875,1.5767684876587975,4.051578919643202,9
gen8_cross_9765,fixed,0.005,,,rr,3.9000000000000004,,2.5,800,ranging,69.56615596447092,1018.2959099824861,2690,45.61338289962825,1.4137319253871137,5.268752460011875,1.5767684876587975,4.051578919643202,8
gen5_cross_8501,fixed,0.005,,,rr,3.5,,,800,ranging,69.56427513441679,967.2297479185484,2690,45.61338289962825,1.3929838291355958,5.268752460011868,1.528158576310665,3.848397718877214,5
gen5_cross_8501,fixed,0.005,,,rr,3.5,,,800,ranging,69.56427513441679,967.2297479185484,2690,45.61338289962825,1.3929838291355958,5.268752460011868,1.528158576310665,3.848397718877214,5
gen7_cross_6785,fixed,0.005,,,rr,3.9000000000000004,,,800,volatile,69.55545065218871,1018.2959099824861,2690,45.61338289962825,1.4137319253871137,5.268752460011875,1.5767684876587975,4.051578919643202,7
gen9_cross_9768,fixed,0.005,,,rr,3.9000000000000004,,,1100,ranging,69.55324000707098,1400.1568762259185,2690,45.61338289962825,1.4137319253871137,5.268752460011851,1.5767684876587975,4.051578919643202,9
gen7_cross_8970,fixed,0.005,,,rr,3.5,,2.5,800,ranging,69.54906592615419,967.2297479185484,2690,45.61338289962825,1.3929838291355958,5.268752460011868,1.528158576310665,3.848397718877214,7
gen8_cross_5527,fixed,0.005,,,rr,3.9000000000000004,,2.5,700,ranging,69.54904333241802,891.0089212346753,2690,45.61338289962825,1.4137319253871135,5.268752460011847,1.5767684876587975,4.051578919643202,8
gen9_cross_8768,fixed,0.005,,,rr,3.9000000000000004,,2.5,800,ranging,69.53460150923003,1018.2959099824861,2690,45.61338289962825,1.4137319253871137,5.268752460011875,1.5767684876587975,4.051578919643202,9
gen7_cross_5647,fixed,0.005,,,rr,3.9000000000000004,,,800,ranging,69.52128432235529,1018.2959099824861,2690,45.61338289962825,1.4137319253871137,5.268752460011875,1.5767684876587975,4.051578919643202,7
gen9_cross_6786,fixed,0.005,,,rr,3.9000000000000004,,,900,ranging,69.51452028653455,1145.582898730297,2690,45.61338289962825,1.4137319253871135,5.268752460011875,1.5767684876587975,4.051578919643203,9
gen6_cross_5119,fixed,0.005,,,rr,3.3000000000000003,0.015,,800,volatile,69.50371132475692,913.5691893237471,2690,45.61338289962825,1.3711816339120513,5.268752460011865,1.4717388576585138,3.6348939761167096,6
gen8_cross_1557,fixed,0.005,,,rr,3.9000000000000004,,2.5,800,ranging,69.50206374096486,1018.2959099824861,2690,45.61338289962825,1.4137319253871137,5.268752460011875,1.5767684876587975,4.051578919643202,8
gen8_cross_7717,fixed,0.005,,40.0,rr,3.9000000000000004,,,800,ranging,69.49784571817959,1018.2959099824861,2690,45.61338289962825,1.4137319253871137,5.268752460011875,1.5767684876587975,4.051578919643202,8
gen6_cross_2478,fixed,0.005,,,rr,3.0,,,800,ranging,69.49454387468238,784.0155613102605,2690,45.61338289962825,1.318544211495391,5.268752460011874,1.3225335381867704,3.1194281443510037,6
gen7_cross_6648,fixed,0.005,,,rr,3.5,,2.5,800,ranging,69.49104242604642,967.2297479185484,2690,45.61338289962825,1.3929838291355958,5.268752460011868,1.528158576310665,3.848397718877214,7
gen7_cross_6648,fixed,0.005,,,rr,3.5,,2.5,800,ranging,69.49104242604642,967.2297479185484,2690,45.61338289962825,1.3929838291355958,5.268752460011868,1.528158576310665,3.848397718877214,7
gen8_cross_4510,fixed,0.005,,40.0,rr,3.3000000000000003,,,800,ranging,69.49022084918217,913.5691893237471,2690,45.61338289962825,1.3711816339120513,5.268752460011865,1.4717388576585138,3.6348939761167096,8
gen7_cross_3378,fixed,0.005,,,rr,3.5,,,1100,any,69.48564247736189,1329.9409033880038,2690,45.61338289962825,1.3929838291355958,5.268752460011851,1.5281585763106647,3.848397718877213,7
gen9_cross_1217,fixed,0.005,,,rr,3.9000000000000004,,2.5,1100,any,69.48418631632876,1400.1568762259185,2690,45.61338289962825,1.4137319253871137,5.268752460011851,1.5767684876587975,4.051578919643202,9
gen8_cross_9769,fixed,0.005,,40.0,rr,3.9000000000000004,,2.5,800,ranging,69.48352688257175,1018.2959099824861,2690,45.61338289962825,1.4137319253871137,5.268752460011875,1.5767684876587975,4.051578919643202,8
gen7_cross_1487,fixed,0.005,,40.0,rr,3.9000000000000004,,,800,ranging,69.48349765306236,1018.2959099824861,2690,45.61338289962825,1.4137319253871137,5.268752460011875,1.5767684876587975,4.051578919643202,7
gen7_cross_1487,fixed,0.005,,40.0,rr,3.9000000000000004,,,800,ranging,69.48349765306236,1018.2959099824861,2690,45.61338289962825,1.4137319253871137,5.268752460011875,1.5767684876587975,4.051578919643202,7
gen7_cross_5603,fixed,0.005,,,rr,3.9000000000000004,,,1000,ranging,69.47541699475778,1272.8698874781078,2690,45.61338289962825,1.4137319253871137,5.2687524600118625,1.5767684876587975,4.051578919643202,7
gen8_cross_6972,fixed,0.005,,,rr,3.5,,2.5,800,any,69.4745069420427,967.2297479185484,2690,45.61338289962825,1.3929838291355958,5.268752460011868,1.528158576310665,3.848397718877214,8
gen6_cross_3476,fixed,0.005,2.5,,rr,3.0,,,1700,ranging,69.46632185974654,1666.0330677843037,2690,45.61338289962825,1.318544211495391,5.268752460011869,1.3225335381867704,3.1194281443510037,6
gen8_cross_8433,fixed,0.005,,40.0,rr,3.5,,,800,any,69.46592945439829,967.2297479185484,2690,45.61338289962825,1.3929838291355958,5.268752460011868,1.528158576310665,3.848397718877214,8
gen6_cross_9048,fixed,0.005,,40.0,rr,3.0,,,800,ranging,69.4628469654918,784.0155613102605,2690,45.61338289962825,1.318544211495391,5.268752460011874,1.3225335381867704,3.1194281443510037,6
gen8_cross_6857,fixed,0.005,,,rr,3.9000000000000004,,2.5,1100,ranging,69.46259703314175,1400.1568762259185,2690,45.61338289962825,1.4137319253871137,5.268752460011851,1.5767684876587975,4.051578919643202,8
gen9_cross_1304,fixed,0.005,,,rr,3.9000000000000004,,,800,any,69.45951967870695,1018.2959099824861,2690,45.61338289962825,1.4137319253871137,5.268752460011875,1.5767684876587975,4.051578919643202,9
gen7_cross_5132,fixed,0.005,,,rr,3.3000000000000003,,2.5,800,ranging,69.45704869558868,913.5691893237471,2690,45.61338289962825,1.3711816339120513,5.268752460011865,1.4717388576585138,3.6348939761167096,7
gen8_cross_2131,fixed,0.005,2.5,,rr,3.9000000000000004,,2.5,800,ranging,69.45343764255077,1018.2959099824861,2690,45.61338289962825,1.4137319253871137,5.268752460011875,1.5767684876587975,4.051578919643202,8
gen8_cross_2359,fixed,0.005,,,rr,3.9000000000000004,,2.5,800,ranging,69.44748766151474,1018.2959099824861,2690,45.61338289962825,1.4137319253871137,5.268752460011875,1.5767684876587975,4.051578919643202,8
gen6_cross_1501,fixed,0.005,,,rr,3.9000000000000004,,2.5,800,ranging,69.44063461920675,1018.2959099824861,2690,45.61338289962825,1.4137319253871137,5.268752460011875,1.5767684876587975,4.051578919643202,6
gen7_cross_9329,fixed,0.005,,,rr,3.5,,2.5,800,ranging,69.43739111801854,967.2297479185484,2690,45.61338289962825,1.3929838291355958,5.268752460011868,1.528158576310665,3.848397718877214,7
gen9_cross_4017,fixed,0.005,2.5,40.0,rr,3.5,0.015,,800,ranging,69.43238686134686,967.2297479185484,2690,45.61338289962825,1.3929838291355958,5.268752460011868,1.528158576310665,3.848397718877214,9
gen6_cross_6847,fixed,0.005,,,rr,3.3000000000000003,0.015,,800,ranging,69.43009222702541,913.5691893237471,2690,45.61338289962825,1.3711816339120513,5.268752460011865,1.4717388576585138,3.6348939761167096,6
gen7_cross_9400,fixed,0.005,,,rr,3.9000000000000004,,2.5,800,ranging,69.42951883302815,1018.2959099824861,2690,45.61338289962825,1.4137319253871137,5.268752460011875,1.5767684876587975,4.051578919643202,7
gen7_cross_7504,fixed,0.005,,40.0,rr,3.9000000000000004,,,1100,any,69.42951322774039,1400.1568762259185,2690,45.61338289962825,1.4137319253871137,5.268752460011851,1.5767684876587975,4.051578919643202,7
gen8_cross_6846,fixed,0.005,,,rr,3.9000000000000004,,2.5,800,ranging,69.41827215579168,1018.2959099824861,2690,45.61338289962825,1.4137319253871137,5.268752460011875,1.5767684876587975,4.051578919643202,8
gen6_cross_8927,fixed,0.005,,40.0,rr,3.9000000000000004,,,800,ranging,69.41500822221526,1018.2959099824861,2690,45.61338289962825,1.4137319253871137,5.268752460011875,1.5767684876587975,4.051578919643202,6
gen6_cross_8927,fixed,0.005,,40.0,rr,3.9000000000000004,,,800,ranging,69.41500822221526,1018.2959099824861,2690,45.61338289962825,1.4137319253871137,5.268752460011875,1.5767684876587975,4.051578919643202,6
gen5_cross_9464,fixed,0.005,,,rr,3.9000000000000004,,2.5,800,ranging,69.40709055231613,1018.2959099824861,2690,45.61338289962825,1.4137319253871137,5.268752460011875,1.5767684876587975,4.051578919643202,5
gen5_cross_9464,fixed,0.005,,,rr,3.9000000000000004,,2.5,800,ranging,69.40709055231613,1018.2959099824861,2690,45.61338289962825,1.4137319253871137,5.268752460011875,1.5767684876587975,4.051578919643202,5
gen5_cross_9464,fixed,0.005,,,rr,3.9000000000000004,,2.5,800,ranging,69.40709055231613,1018.2959099824861,2690,45.61338289962825,1.4137319253871137,5.268752460011875,1.5767684876587975,4.051578919643202,5
gen7_cross_1944,fixed,0.005,,,rr,3.9000000000000004,,,800,ranging,69.4055104187113,1018.2959099824861,2690,45.61338289962825,1.4137319253871137,5.268752460011875,1.5767684876587975,4.051578919643202,7
gen9_cross_1508,fixed,0.005,,,rr,3.9000000000000004,,2.5,800,any,69.40285305628353,1018.2959099824861,2690,45.61338289962825,1.4137319253871137,5.268752460011875,1.5767684876587975,4.051578919643202,9
gen6_cross_9275,fixed,0.005,,,rr,3.0,,,800,ranging,69.40169248183619,784.0155613102605,2690,45.61338289962825,1.318544211495391,5.268752460011874,1.3225335381867704,3.1194281443510037,6
gen6_cross_8455,fixed,0.005,,,rr,3.9000000000000004,,,800,ranging,69.39538166569163,1018.2959099824861,2690,45.61338289962825,1.4137319253871137,5.268752460011875,1.5767684876587975,4.051578919643202,6
gen6_cross_1916,fixed,0.005,,,rr,3.3000000000000003,,2.5,800,ranging,69.39465375676455,913.5691893237471,2690,45.61338289962825,1.3711816339120513,5.268752460011865,1.4717388576585138,3.6348939761167096,6
gen8_cross_8031,fixed,0.005,,,rr,3.9000000000000004,,,800,ranging,69.38492080067917,1018.2959099824861,2690,45.61338289962825,1.4137319253871137,5.268752460011875,1.5767684876587975,4.051578919643202,8
gen8_cross_2016,fixed,0.005,,,rr,3.9000000000000004,,,900,ranging,69.38325411233718,1145.582898730297,2690,45.61338289962825,1.4137319253871135,5.268752460011875,1.5767684876587975,4.051578919643203,8
gen6_cross_4755,fixed,0.005,,,rr,3.3000000000000003,0.015,,800,ranging,69.38034259468783,913.5691893237471,2690,45.61338289962825,1.3711816339120513,5.268752460011865,1.4717388576585138,3.6348939761167096,6
gen7_cross_7776,fixed,0.005,2.5,,rr,3.3000000000000003,0.015,,800,any,69.37791140585095,913.5691893237471,2690,45.61338289962825,1.3711816339120513,5.268752460011865,1.4717388576585138,3.6348939761167096,7
gen8_cross_7743,fixed,0.005,,,rr,3.9000000000000004,,,800,ranging,69.37549775393907,1018.2959099824861,2690,45.61338289962825,1.4137319253871137,5.268752460011875,1.5767684876587975,4.051578919643202,8
gen7_cross_6109,fixed,0.005,,,rr,3.5,,,800,ranging,69.37077579915952,967.2297479185484,2690,45.61338289962825,1.3929838291355958,5.268752460011868,1.528158576310665,3.848397718877214,7
gen7_cross_7203,fixed,0.005,,,rr,3.0,,,800,ranging,69.36522101703065,784.0155613102605,2690,45.61338289962825,1.318544211495391,5.268752460011874,1.3225335381867704,3.1194281443510037,7
gen7_cross_1315,fixed,0.005,,,rr,3.3000000000000003,,2.5,800,ranging,69.36439204064013,913.5691893237471,2690,45.61338289962825,1.3711816339120513,5.268752460011865,1.4717388576585138,3.6348939761167096,7
gen7_cross_8355,fixed,0.005,,,rr,3.5,,,800,any,69.35836252399626,967.2297479185484,2690,45.61338289962825,1.3929838291355958,5.268752460011868,1.528158576310665,3.848397718877214,7
gen8_cross_3530,fixed,0.005,,,rr,3.9000000000000004,,2.5,800,ranging,69.35801762193215,1018.2959099824861,2690,45.61338289962825,1.4137319253871137,5.268752460011875,1.5767684876587975,4.051578919643202,8
gen8_cross_6609,fixed,0.005,,,rr,3.9000000000000004,,2.5,800,ranging,69.35774514728288,1018.2959099824861,2690,45.61338289962825,1.4137319253871137,5.268752460011875,1.5767684876587975,4.051578919643202,8
gen8_cross_6249,fixed,0.005,,,rr,3.9000000000000004,,2.5,800,ranging,69.3563887023745,1018.2959099824861,2690,45.61338289962825,1.4137319253871137,5.268752460011875,1.5767684876587975,4.051578919643202,8
gen7_cross_5695,fixed,0.005,,,rr,3.9000000000000004,,,1000,ranging,69.35062746998037,1272.8698874781078,2690,45.61338289962825,1.4137319253871137,5.2687524600118625,1.5767684876587975,4.051578919643202,7
gen8_cross_3050,fixed,0.005,,40.0,rr,3.9000000000000004,,2.5,800,ranging,69.34948574279557,1018.2959099824861,2690,45.61338289962825,1.4137319253871137,5.268752460011875,1.5767684876587975,4.051578919643202,8
gen7_cross_4908,fixed,0.005,,,rr,3.9000000000000004,,,800,ranging,69.34768889455984,1018.2959099824861,2690,45.61338289962825,1.4137319253871137,5.268752460011875,1.5767684876587975,4.051578919643202,7
gen7_cross_9034,fixed,0.005,,40.0,rr,3.9000000000000004,,,800,ranging,69.34726195367237,1018.2959099824861,2690,45.61338289962825,1.4137319253871137,5.268752460011875,1.5767684876587975,4.051578919643202,7
gen7_cross_1848,fixed,0.005,,,rr,3.9000000000000004,,,800,ranging,69.3464220185579,1018.2959099824861,2690,45.61338289962825,1.4137319253871137,5.268752460011875,1.5767684876587975,4.051578919643202,7
gen8_cross_1912,fixed,0.005,,,rr,3.9000000000000004,,,800,any,69.34497161361656,1018.2959099824861,2690,45.61338289962825,1.4137319253871137,5.268752460011875,1.5767684876587975,4.051578919643202,8
gen8_cross_1912,fixed,0.005,,,rr,3.9000000000000004,,,800,any,69.34497161361656,1018.2959099824861,2690,45.61338289962825,1.4137319253871137,5.268752460011875,1.5767684876587975,4.051578919643202,8
gen8_cross_4581,fixed,0.005,,40.0,rr,3.6,,,800,any,69.33792366869494,978.6880195676017,2690,45.61338289962825,1.3976393057455856,5.268752460011868,1.5392580454586307,3.8939877005453623,8
gen8_cross_4581,fixed,0.005,,40.0,rr,3.6,,,800,any,69.33792366869494,978.6880195676017,2690,45.61338289962825,1.3976393057455856,5.268752460011868,1.5392580454586307,3.8939877005453623,8
gen7_cross_7199,fixed,0.005,,,rr,3.0,,,800,any,69.33682498512786,784.0155613102605,2690,45.61338289962825,1.318544211495391,5.268752460011874,1.3225335381867704,3.1194281443510037,7
gen8_cross_4301,fixed,0.005,,40.0,rr,3.9000000000000004,,,800,ranging,69.33607597842855,1018.2959099824861,2690,45.61338289962825,1.4137319253871137,5.268752460011875,1.5767684876587975,4.051578919643202,8
gen6_cross_6241,fixed,0.005,,,rr,3.9000000000000004,,,1100,ranging,69.33389601943854,1400.1568762259185,2690,45.61338289962825,1.4137319253871137,5.268752460011851,1.5767684876587975,4.051578919643202,6
gen6_cross_6241,fixed,0.005,,,rr,3.9000000000000004,,,1100,ranging,69.33389601943854,1400.1568762259185,2690,45.61338289962825,1.4137319253871137,5.268752460011851,1.5767684876587975,4.051578919643202,6
gen7_cross_3313,fixed,0.005,,40.0,rr,3.9000000000000004,,,1100,ranging,69.3236620546749,1400.1568762259185,2690,45.61338289962825,1.4137319253871137,5.268752460011851,1.5767684876587975,4.051578919643202,7
gen6_cross_1825,fixed,0.005,,,rr,3.9000000000000004,,,800,ranging,69.32312242658125,1018.2959099824861,2690,45.61338289962825,1.4137319253871137,5.268752460011875,1.5767684876587975,4.051578919643202,6
gen6_cross_1825,fixed,0.005,,,rr,3.9000000000000004,,,800,ranging,69.32312242658125,1018.2959099824861,2690,45.61338289962825,1.4137319253871137,5.268752460011875,1.5767684876587975,4.051578919643202,6
gen6_cross_2172,fixed,0.005,,,rr,3.3000000000000003,,2.5,800,ranging,69.3189548716481,913.5691893237471,2690,45.61338289962825,1.3711816339120513,5.268752460011865,1.4717388576585138,3.6348939761167096,6
gen6_cross_1614,fixed,0.005,,,rr,3.5,,,800,ranging,69.31209208396609,967.2297479185484,2690,45.61338289962825,1.3929838291355958,5.268752460011868,1.528158576310665,3.848397718877214,6
gen6_cross_1614,fixed,0.005,,,rr,3.5,,,800,ranging,69.31209208396609,967.2297479185484,2690,45.61338289962825,1.3929838291355958,5.268752460011868,1.528158576310665,3.848397718877214,6
gen9_cross_8333,fixed,0.005,,40.0,rr,3.9000000000000004,,,800,ranging,69.3045879969441,1018.2959099824861,2690,45.61338289962825,1.4137319253871137,5.268752460011875,1.5767684876587975,4.051578919643202,9
gen8_cross_6922,fixed,0.005,,,rr,3.9000000000000004,,,800,ranging,69.30424382578826,1018.2959099824861,2690,45.61338289962825,1.4137319253871137,5.268752460011875,1.5767684876587975,4.051578919643202,8
gen9_cross_5090,fixed,0.005,,40.0,rr,3.9000000000000004,,2.5,1700,ranging,69.29847094161408,2163.878808712783,2690,45.61338289962825,1.4137319253871137,5.2687524600118625,1.5767684876587975,4.051578919643203,9
gen6_cross_4952,fixed,0.005,,,rr,3.3000000000000003,,,800,ranging,69.2895918719723,913.5691893237471,2690,45.61338289962825,1.3711816339120513,5.268752460011865,1.4717388576585138,3.6348939761167096,6
gen8_cross_5783,fixed,0.005,,,rr,3.9000000000000004,,2.5,800,ranging,69.27815515196825,1018.2959099824861,2690,45.61338289962825,1.4137319253871137,5.268752460011875,1.5767684876587975,4.051578919643202,8
gen8_cross_7192,fixed,0.005,,,rr,3.3000000000000003,,,800,ranging,69.27031046874332,913.5691893237471,2690,45.61338289962825,1.3711816339120513,5.268752460011865,1.4717388576585138,3.6348939761167096,8
gen8_cross_8448,fixed,0.005,,,rr,3.5,,,800,ranging,69.27011348213959,967.2297479185484,2690,45.61338289962825,1.3929838291355958,5.268752460011868,1.528158576310665,3.848397718877214,8
gen7_cross_3671,fixed,0.005,,,rr,3.0,0.015,2.5,800,ranging,69.2698285947565,784.0155613102605,2690,45.61338289962825,1.318544211495391,5.268752460011874,1.3225335381867704,3.1194281443510037,7
gen9_cross_9575,fixed,0.005,,,rr,3.9000000000000004,,,800,ranging,69.26944427825318,1018.2959099824861,2690,45.61338289962825,1.4137319253871137,5.268752460011875,1.5767684876587975,4.051578919643202,9
gen8_cross_1836,fixed,0.005,2.5,40.0,rr,3.9000000000000004,,2.5,800,ranging,69.2644271992329,1018.2959099824861,2690,45.61338289962825,1.4137319253871137,5.268752460011875,1.5767684876587975,4.051578919643202,8
gen8_cross_8545,fixed,0.005,,40.0,rr,3.9000000000000004,,,800,ranging,69.26415396217914,1018.2959099824861,2690,45.61338289962825,1.4137319253871137,5.268752460011875,1.5767684876587975,4.051578919643202,8
gen9_cross_9461,fixed,0.005,,,rr,3.9000000000000004,,2.5,800,ranging,69.26263352511658,1018.2959099824861,2690,45.61338289962825,1.4137319253871137,5.268752460011875,1.5767684876587975,4.051578919643202,9
gen9_cross_8484,fixed,0.005,,,rr,3.9000000000000004,,2.5,800,ranging,69.25552937830444,1018.2959099824861,2690,45.61338289962825,1.4137319253871137,5.268752460011875,1.5767684876587975,4.051578919643202,9
gen7_cross_8542,fixed,0.005,,,rr,3.3000000000000003,,,800,any,69.25192120392516,913.5691893237471,2690,45.61338289962825,1.3711816339120513,5.268752460011865,1.4717388576585138,3.6348939761167096,7
gen7_cross_8542,fixed,0.005,,,rr,3.3000000000000003,,,800,any,69.25192120392516,913.5691893237471,2690,45.61338289962825,1.3711816339120513,5.268752460011865,1.4717388576585138,3.6348939761167096,7
gen6_cross_2186,fixed,0.005,,,rr,3.5,,,800,ranging,69.24782802171487,967.2297479185484,2690,45.61338289962825,1.3929838291355958,5.268752460011868,1.528158576310665,3.848397718877214,6
gen6_cross_1014,fixed,0.005,,,rr,3.9000000000000004,,2.5,800,ranging,69.2466323332569,1018.2959099824861,2690,45.61338289962825,1.4137319253871137,5.268752460011875,1.5767684876587975,4.051578919643202,6
gen6_cross_1014,fixed,0.005,,,rr,3.9000000000000004,,2.5,800,ranging,69.2466323332569,1018.2959099824861,2690,45.61338289962825,1.4137319253871137,5.268752460011875,1.5767684876587975,4.051578919643202,6
gen8_cross_9416,fixed,0.005,,,rr,3.3000000000000003,,,800,ranging,69.2440094975848,913.5691893237471,2690,45.61338289962825,1.3711816339120513,5.268752460011865,1.4717388576585138,3.6348939761167096,8
gen9_cross_8988,fixed,0.005,,,rr,3.5,,2.5,800,ranging,69.24248986473982,967.2297479185484,2690,45.61338289962825,1.3929838291355958,5.268752460011868,1.528158576310665,3.848397718877214,9
gen7_cross_7968,fixed,0.005,,,rr,3.0,,,800,ranging,69.23571200416664,784.0155613102605,2690,45.61338289962825,1.318544211495391,5.268752460011874,1.3225335381867704,3.1194281443510037,7
gen7_cross_1297,fixed,0.005,,,rr,3.9000000000000004,,2.5,800,ranging,69.22577263822032,1018.2959099824861,2690,45.61338289962825,1.4137319253871137,5.268752460011875,1.5767684876587975,4.051578919643202,7
gen7_cross_2111,fixed,0.005,,,rr,3.9000000000000004,,,800,ranging,69.22568041464093,1018.2959099824861,2690,45.61338289962825,1.4137319253871137,5.268752460011875,1.5767684876587975,4.051578919643202,7
gen8_cross_4780,fixed,0.005,,40.0,rr,3.9000000000000004,,,800,ranging,69.22454788861941,1018.2959099824861,2690,45.61338289962825,1.4137319253871137,5.268752460011875,1.5767684876587975,4.051578919643202,8
gen7_cross_5585,fixed,0.005,,,rr,3.5,,,800,ranging,69.22216685716802,967.2297479185484,2690,45.61338289962825,1.3929838291355958,5.268752460011868,1.528158576310665,3.848397718877214,7
gen6_cross_7126,fixed,0.005,,,rr,3.3000000000000003,,,800,ranging,69.21946506327959,913.5691893237471,2690,45.61338289962825,1.3711816339120513,5.268752460011865,1.4717388576585138,3.6348939761167096,6
gen7_cross_6110,fixed,0.005,,,rr,3.5,,,800,ranging,69.2187181030295,967.2297479185484,2690,45.61338289962825,1.3929838291355958,5.268752460011868,1.528158576310665,3.848397718877214,7
gen7_cross_3550,fixed,0.005,2.5,40.0,rr,3.9000000000000004,,2.5,800,ranging,69.20845416603902,1018.2959099824861,2690,45.61338289962825,1.4137319253871137,5.268752460011875,1.5767684876587975,4.051578919643202,7
gen6_cross_8804,fixed,0.005,,,rr,3.5,,,800,ranging,69.20444530562054,967.2297479185484,2690,45.61338289962825,1.3929838291355958,5.268752460011868,1.528158576310665,3.848397718877214,6
gen6_cross_8804,fixed,0.005,,,rr,3.5,,,800,ranging,69.20444530562054,967.2297479185484,2690,45.61338289962825,1.3929838291355958,5.268752460011868,1.528158576310665,3.848397718877214,6
gen6_cross_2760,fixed,0.005,,,rr,3.9000000000000004,,2.5,800,ranging,69.20108800486685,1018.2959099824861,2690,45.61338289962825,1.4137319253871137,5.268752460011875,1.5767684876587975,4.051578919643202,6
gen8_cross_2112,fixed,0.005,,,rr,3.9000000000000004,,2.5,800,ranging,69.18151069333797,1018.2959099824861,2690,45.61338289962825,1.4137319253871137,5.268752460011875,1.5767684876587975,4.051578919643202,8
gen9_cross_8390,fixed,0.005,,40.0,rr,3.9000000000000004,,2.5,800,ranging,69.18058619523858,1018.2959099824861,2690,45.61338289962825,1.4137319253871137,5.268752460011875,1.5767684876587975,4.051578919643202,9
gen9_cross_9735,fixed,0.005,,40.0,rr,3.9000000000000004,,2.5,800,ranging,69.17935783933883,1018.2959099824861,2690,45.61338289962825,1.4137319253871137,5.268752460011875,1.5767684876587975,4.051578919643202,9
gen7_cross_1954,fixed,0.005,,40.0,rr,3.9000000000000004,,2.5,800,ranging,69.17690068916139,1018.2959099824861,2690,45.61338289962825,1.4137319253871137,5.268752460011875,1.5767684876587975,4.051578919643202,7
gen7_cross_1954,fixed,0.005,,40.0,rr,3.9000000000000004,,2.5,800,ranging,69.17690068916139,1018.2959099824861,2690,45.61338289962825,1.4137319253871137,5.268752460011875,1.5767684876587975,4.051578919643202,7
gen8_cross_5170,fixed,0.005,,,rr,3.9000000000000004,,2.5,800,ranging,69.17261025562448,1018.2959099824861,2690,45.61338289962825,1.4137319253871137,5.268752460011875,1.5767684876587975,4.051578919643202,8
gen8_cross_8347,fixed,0.005,,40.0,rr,3.9000000000000004,,,800,ranging,69.17151412890536,1018.2959099824861,2690,45.61338289962825,1.4137319253871137,5.268752460011875,1.5767684876587975,4.051578919643202,8
gen7_cross_4772,fixed,0.005,,,rr,3.9000000000000004,,,800,any,69.17095724052355,1018.2959099824861,2690,45.61338289962825,1.4137319253871137,5.268752460011875,1.5767684876587975,4.051578919643202,7
gen6_cross_7788,fixed,0.005,,,rr,3.0,,,800,volatile,69.16840608034333,784.0155613102605,2690,45.61338289962825,1.318544211495391,5.268752460011874,1.3225335381867704,3.1194281443510037,6
gen8_cross_9410,fixed,0.005,,,rr,3.3000000000000003,,,800,ranging,69.1683970622507,913.5691893237471,2690,45.61338289962825,1.3711816339120513,5.268752460011865,1.4717388576585138,3.6348939761167096,8
gen9_cross_1070,fixed,0.005,,,rr,3.2,,2.5,800,any,69.15986406842883,883.0880598905444,2690,45.61338289962825,1.358797201995213,5.2687524600118705,1.4382569320089453,3.513616162616895,9
gen9_cross_6154,fixed,0.005,,40.0,rr,3.9000000000000004,,2.5,800,ranging,69.15727258356237,1018.2959099824861,2690,45.61338289962825,1.4137319253871137,5.268752460011875,1.5767684876587975,4.051578919643202,9
gen8_cross_8873,fixed,0.005,,,rr,3.9000000000000004,,,800,ranging,69.1503398644746,1018.2959099824861,2690,45.61338289962825,1.4137319253871137,5.268752460011875,1.5767684876587975,4.051578919643202,8
gen9_cross_8658,fixed,0.005,,,rr,3.9000000000000004,,,800,any,69.13402710077601,1018.2959099824861,2690,45.61338289962825,1.4137319253871137,5.268752460011875,1.5767684876587975,4.051578919643202,9
gen8_cross_6567,fixed,0.005,,,rr,3.9000000000000004,,,800,ranging,69.13122899980844,1018.2959099824861,2690,45.61338289962825,1.4137319253871137,5.268752460011875,1.5767684876587975,4.051578919643202,8
gen9_cross_7470,fixed,0.005,,40.0,rr,3.7,,2.5,800,ranging,69.1255977753385,986.3482310547181,2690,45.61338289962825,1.4007516368630615,5.268752460011868,1.5463290173137023,3.9244660232774473,9
gen7_cross_3547,fixed,0.005,,,rr,3.5,,,800,ranging,69.12176461255703,967.2297479185484,2690,45.61338289962825,1.3929838291355958,5.268752460011868,1.528158576310665,3.848397718877214,7
gen7_cross_3547,fixed,0.005,,,rr,3.5,,,800,ranging,69.12176461255703,967.2297479185484,2690,45.61338289962825,1.3929838291355958,5.268752460011868,1.528158576310665,3.848397718877214,7
gen8_cross_4680,fixed,0.005,,,rr,3.9000000000000004,,2.5,800,ranging,69.11946866072324,1018.2959099824861,2690,45.61338289962825,1.4137319253871137,5.268752460011875,1.5767684876587975,4.051578919643202,8
gen6_cross_6530,fixed,0.005,,,rr,3.5,0.015,2.5,800,any,69.11817385499623,967.2297479185484,2690,45.61338289962825,1.3929838291355958,5.268752460011868,1.528158576310665,3.848397718877214,6
gen5_cross_5217,fixed,0.005,,,rr,3.0,,,1900,ranging,69.113763239215,1862.0369581118687,2690,45.61338289962825,1.318544211495391,5.268752460011868,1.3225335381867702,3.1194281443510024,5
gen6_cross_5348,fixed,0.005,,,rr,3.3000000000000003,0.015,2.5,800,ranging,69.11311079869954,913.5691893237471,2690,45.61338289962825,1.3711816339120513,5.268752460011865,1.4717388576585138,3.6348939761167096,6
gen6_cross_5348,fixed,0.005,,,rr,3.3000000000000003,0.015,2.5,800,ranging,69.11311079869954,913.5691893237471,2690,45.61338289962825,1.3711816339120513,5.268752460011865,1.4717388576585138,3.6348939761167096,6
gen7_cross_8163,fixed,0.005,,,rr,3.5,,,800,any,69.1116755817806,967.2297479185484,2690,45.61338289962825,1.3929838291355958,5.268752460011868,1.528158576310665,3.848397718877214,7
gen7_cross_8163,fixed,0.005,,,rr,3.5,,,800,any,69.1116755817806,967.2297479185484,2690,45.61338289962825,1.3929838291355958,5.268752460011868,1.528158576310665,3.848397718877214,7
gen8_cross_6858,fixed,0.005,,,rr,3.5,,2.5,800,ranging,69.10803489862363,967.2297479185484,2690,45.61338289962825,1.3929838291355958,5.268752460011868,1.528158576310665,3.848397718877214,8
gen7_cross_1748,fixed,0.005,,,rr,3.3000000000000003,,2.5,800,ranging,69.10688083142851,913.5691893237471,2690,45.61338289962825,1.3711816339120513,5.268752460011865,1.4717388576585138,3.6348939761167096,7
gen9_cross_4911,fixed,0.005,,,rr,3.6,,2.5,800,ranging,69.10429817712607,978.6880195676017,2690,45.61338289962825,1.3976393057455856,5.268752460011868,1.5392580454586307,3.8939877005453623,9
gen6_cross_8310,fixed,0.005,,,rr,3.3000000000000003,,,800,ranging,69.10139502881549,913.5691893237471,2690,45.61338289962825,1.3711816339120513,5.268752460011865,1.4717388576585138,3.6348939761167096,6
gen7_cross_8224,fixed,0.005,,,rr,3.9000000000000004,,,800,ranging,69.09615411970984,1018.2959099824861,2690,45.61338289962825,1.4137319253871137,5.268752460011875,1.5767684876587975,4.051578919643202,7
gen7_cross_5150,fixed,0.005,,,rr,3.5,,2.5,800,ranging,69.09516275565343,967.2297479185484,2690,45.61338289962825,1.3929838291355958,5.268752460011868,1.528158576310665,3.848397718877214,7
gen8_cross_8595,fixed,0.005,,,rr,3.9000000000000004,,2.5,800,ranging,69.09347621900797,1018.2959099824861,2690,45.61338289962825,1.4137319253871137,5.268752460011875,1.5767684876587975,4.051578919643202,8
gen5_cross_1210,fixed,0.005,,,rr,3.0,,,800,ranging,69.09109571118721,784.0155613102605,2690,45.61338289962825,1.318544211495391,5.268752460011874,1.3225335381867704,3.1194281443510037,5
gen6_cross_8465,fixed,0.005,,,rr,3.3000000000000003,0.015,,800,any,69.08250450895487,913.5691893237471,2690,45.61338289962825,1.3711816339120513,5.268752460011865,1.4717388576585138,3.6348939761167096,6
gen9_cross_5780,fixed,0.005,,40.0,rr,3.9000000000000004,,2.5,800,ranging,69.08175110453197,1018.2959099824861,2690,45.61338289962825,1.4137319253871137,5.268752460011875,1.5767684876587975,4.051578919643202,9
gen7_cross_7694,fixed,0.005,,,rr,3.9000000000000004,,2.5,800,ranging,69.08066016283563,1018.2959099824861,2690,45.61338289962825,1.4137319253871137,5.268752460011875,1.5767684876587975,4.051578919643202,7
gen7_cross_7694,fixed,0.005,,,rr,3.9000000000000004,,2.5,800,ranging,69.08066016283563,1018.2959099824861,2690,45.61338289962825,1.4137319253871137,5.268752460011875,1.5767684876587975,4.051578919643202,7
gen8_cross_7424,fixed,0.005,,,rr,3.9000000000000004,,,1100,ranging,69.07460549653311,1400.1568762259185,2690,45.61338289962825,1.4137319253871137,5.268752460011851,1.5767684876587975,4.051578919643202,8
gen8_cross_7249,fixed,0.005,,,rr,3.9000000000000004,,,800,ranging,69.06993391073773,1018.2959099824861,2690,45.61338289962825,1.4137319253871137,5.268752460011875,1.5767684876587975,4.051578919643202,8
gen5_cross_8243,fixed,0.005,2.5,,rr,3.0,,,1100,ranging,69.06694522684464,1078.0213968016083,2690,45.61338289962825,1.3185442114953907,5.268752460011851,1.3225335381867702,3.1194281443510024,5
gen7_cross_5654,fixed,0.005,2.5,,rr,3.9000000000000004,,2.5,800,ranging,69.06018488392769,1018.2959099824861,2690,45.61338289962825,1.4137319253871137,5.268752460011875,1.5767684876587975,4.051578919643202,7
gen8_cross_1660,fixed,0.005,,40.0,rr,3.5,,2.5,800,ranging,69.05834100779546,967.2297479185484,2690,45.61338289962825,1.3929838291355958,5.268752460011868,1.528158576310665,3.848397718877214,8
gen6_cross_5776,fixed,0.005,,,rr,3.9000000000000004,,2.5,800,ranging,69.05799540193665,1018.2959099824861,2690,45.61338289962825,1.4137319253871137,5.268752460011875,1.5767684876587975,4.051578919643202,6
gen8_cross_2644,fixed,0.005,,,rr,3.9000000000000004,,,900,ranging,69.05007789810155,1145.582898730297,2690,45.61338289962825,1.4137319253871135,5.268752460011875,1.5767684876587975,4.051578919643203,8
gen7_cross_2180,fixed,0.005,,,rr,3.0,,,800,any,69.04693713980267,784.0155613102605,2690,45.61338289962825,1.318544211495391,5.268752460011874,1.3225335381867704,3.1194281443510037,7
gen9_cross_4508,fixed,0.005,,,rr,3.9000000000000004,,2.5,800,ranging,69.04371383219083,1018.2959099824861,2690,45.61338289962825,1.4137319253871137,5.268752460011875,1.5767684876587975,4.051578919643202,9
gen4_cross_2922,fixed,0.005,,,rr,3.0,,,800,ranging,69.04087094223014,784.0155613102605,2690,45.61338289962825,1.318544211495391,5.268752460011874,1.3225335381867704,3.1194281443510037,4
gen4_cross_2922,fixed,0.005,,,rr,3.0,,,800,ranging,69.04087094223014,784.0155613102605,2690,45.61338289962825,1.318544211495391,5.268752460011874,1.3225335381867704,3.1194281443510037,4
gen6_cross_6689,fixed,0.005,,,rr,3.5,0.015,2.5,800,ranging,69.04013134460122,967.2297479185484,2690,45.61338289962825,1.3929838291355958,5.268752460011868,1.528158576310665,3.848397718877214,6
gen7_cross_8519,fixed,0.005,,40.0,rr,3.5,,,800,any,69.02798068883752,967.2297479185484,2690,45.61338289962825,1.3929838291355958,5.268752460011868,1.528158576310665,3.848397718877214,7
gen8_cross_3910,fixed,0.005,,,rr,3.5,,,800,ranging,69.01710829648972,967.2297479185484,2690,45.61338289962825,1.3929838291355958,5.268752460011868,1.528158576310665,3.848397718877214,8
gen8_cross_6503,fixed,0.005,,40.0,rr,3.9000000000000004,,2.5,800,ranging,69.01582611085888,1018.2959099824861,2690,45.61338289962825,1.4137319253871137,5.268752460011875,1.5767684876587975,4.051578919643202,8
gen6_cross_4062,fixed,0.005,,,rr,3.0,,,800,ranging,69.01550073274296,784.0155613102605,2690,45.61338289962825,1.318544211495391,5.268752460011874,1.3225335381867704,3.1194281443510037,6
gen9_cross_1323,fixed,0.005,,,rr,3.9000000000000004,,,800,ranging,69.01446455541588,1018.2959099824861,2690,45.61338289962825,1.4137319253871137,5.268752460011875,1.5767684876587975,4.051578919643202,9
gen5_cross_1109,fixed,0.005,,,rr,3.0,,,1200,ranging,69.01438376295503,1176.023341965391,2690,45.61338289962825,1.318544211495391,5.268752460011869,1.3225335381867704,3.1194281443510024,5
gen5_cross_1440,fixed,0.005,,,rr,3.0,,,800,ranging,69.01342689626169,784.0155613102605,2690,45.61338289962825,1.318544211495391,5.268752460011874,1.3225335381867704,3.1194281443510037,5
gen8_cross_7941,fixed,0.005,2.5,40.0,rr,3.9000000000000004,,2.5,800,ranging,69.01285865921919,1018.2959099824861,2690,45.61338289962825,1.4137319253871137,5.268752460011875,1.5767684876587975,4.051578919643202,8
gen5_cross_7302,fixed,0.005,,,rr,3.0,,,800,ranging,69.0121392148526,784.0155613102605,2690,45.61338289962825,1.318544211495391,5.268752460011874,1.3225335381867704,3.1194281443510037,5
gen8_cross_4758,fixed,0.005,,,rr,3.9000000000000004,,2.5,900,ranging,69.01056041073213,1145.582898730297,2690,45.61338289962825,1.4137319253871135,5.268752460011875,1.5767684876587975,4.051578919643203,8
gen9_cross_7414,fixed,0.005,,,rr,3.6,,,800,ranging,69.00916828111909,978.6880195676017,2690,45.61338289962825,1.3976393057455856,5.268752460011868,1.5392580454586307,3.8939877005453623,9
gen7_cross_6993,fixed,0.005,,,rr,3.9000000000000004,,2.5,800,ranging,69.00167456980068,1018.2959099824861,2690,45.61338289962825,1.4137319253871137,5.268752460011875,1.5767684876587975,4.051578919643202,7
gen5_cross_4506,fixed,0.005,2.5,,rr,3.0,0.015,,800,ranging,69.00102433212476,784.0155613102605,2690,45.61338289962825,1.318544211495391,5.268752460011874,1.3225335381867704,3.1194281443510037,5
gen6_cross_7575,fixed,0.005,,,rr,3.0,,,800,ranging,68.99843681549459,784.0155613102605,2690,45.61338289962825,1.318544211495391,5.268752460011874,1.3225335381867704,3.1194281443510037,6
gen5_cross_9558,fixed,0.005,,,rr,3.0,,,800,ranging,68.99694956003208,784.0155613102605,2690,45.61338289962825,1.318544211495391,5.268752460011874,1.3225335381867704,3.1194281443510037,5
gen6_cross_3950,fixed,0.005,,,rr,3.0,0.015,,800,ranging,68.99677487810581,784.0155613102605,2690,45.61338289962825,1.318544211495391,5.268752460011874,1.3225335381867704,3.1194281443510037,6
gen9_cross_1387,fixed,0.005,,,rr,3.9000000000000004,,2.5,800,ranging,68.99424033637047,1018.2959099824861,2690,45.61338289962825,1.4137319253871137,5.268752460011875,1.5767684876587975,4.051578919643202,9
gen9_cross_2012,fixed,0.005,,,rr,3.9000000000000004,,2.5,800,ranging,68.99221188289938,1018.2959099824861,2690,45.61338289962825,1.4137319253871137,5.268752460011875,1.5767684876587975,4.051578919643202,9
gen7_cross_7416,fixed,0.005,,40.0,rr,3.7,,,800,ranging,68.99179660616063,986.3482310547181,2690,45.61338289962825,1.4007516368630615,5.268752460011868,1.5463290173137023,3.9244660232774473,7
gen6_cross_6225,fixed,0.005,,,rr,3.0,0.015,,800,ranging,68.98818168132308,784.0155613102605,2690,45.61338289962825,1.318544211495391,5.268752460011874,1.3225335381867704,3.1194281443510037,6
gen9_cross_9368,fixed,0.005,,,rr,3.9000000000000004,,2.5,800,ranging,68.98611684594651,1018.2959099824861,2690,45.61338289962825,1.4137319253871137,5.268752460011875,1.5767684876587975,4.051578919643202,9
gen8_cross_1624,fixed,0.005,,,rr,3.5,,,800,ranging,68.98185258661309,967.2297479185484,2690,45.61338289962825,1.3929838291355958,5.268752460011868,1.528158576310665,3.848397718877214,8
gen8_cross_1812,fixed,0.005,,40.0,rr,3.9000000000000004,,2.5,900,ranging,68.97738498853441,1145.582898730297,2690,45.61338289962825,1.4137319253871135,5.268752460011875,1.5767684876587975,4.051578919643203,8
gen5_cross_6586,fixed,0.005,2.5,40.0,rr,3.0,,2.5,800,ranging,68.97719994302169,784.0155613102605,2690,45.61338289962825,1.318544211495391,5.268752460011874,1.3225335381867704,3.1194281443510037,5
gen9_cross_8940,fixed,0.005,,40.0,rr,3.9000000000000004,,2.5,800,ranging,68.9756798575603,1018.2959099824861,2690,45.61338289962825,1.4137319253871137,5.268752460011875,1.5767684876587975,4.051578919643202,9
gen8_cross_9626,fixed,0.005,,40.0,rr,3.6,,,800,any,68.96921610680793,978.6880195676017,2690,45.61338289962825,1.3976393057455856,5.268752460011868,1.5392580454586307,3.8939877005453623,8
gen7_cross_4420,fixed,0.005,,,rr,3.9000000000000004,,2.5,800,ranging,68.96723864522943,1018.2959099824861,2690,45.61338289962825,1.4137319253871137,5.268752460011875,1.5767684876587975,4.051578919643202,7
gen6_cross_5744,fixed,0.005,,,rr,3.0,,,800,ranging,68.96646325727245,784.0155613102605,2690,45.61338289962825,1.318544211495391,5.268752460011874,1.3225335381867704,3.1194281443510037,6
gen5_cross_2252,fixed,0.005,2.5,,rr,3.0,,,800,ranging,68.965903588393,784.0155613102605,2690,45.61338289962825,1.318544211495391,5.268752460011874,1.3225335381867704,3.1194281443510037,5
gen5_cross_6489,fixed,0.005,,40.0,rr,3.0,,2.5,800,any,68.9653561927615,784.0155613102605,2690,45.61338289962825,1.318544211495391,5.268752460011874,1.3225335381867704,3.1194281443510037,5
gen8_cross_2564,fixed,0.005,,,rr,3.9000000000000004,,,800,ranging,68.9630897661041,1018.2959099824861,2690,45.61338289962825,1.4137319253871137,5.268752460011875,1.5767684876587975,4.051578919643202,8
gen7_cross_4443,fixed,0.005,,,rr,3.5,,2.5,800,ranging,68.95808147164078,967.2297479185484,2690,45.61338289962825,1.3929838291355958,5.268752460011868,1.528158576310665,3.848397718877214,7
gen5_cross_1195,fixed,0.005,,,rr,3.0,,,1100,ranging,68.95760160817697,1078.0213968016083,2690,45.61338289962825,1.3185442114953907,5.268752460011851,1.3225335381867702,3.1194281443510024,5
gen9_cross_9131,fixed,0.005,,40.0,rr,3.7,,2.5,800,ranging,68.95522091222007,986.3482310547181,2690,45.61338289962825,1.4007516368630615,5.268752460011868,1.5463290173137023,3.9244660232774473,9
gen7_cross_2469,fixed,0.005,,,rr,3.9000000000000004,,,1100,ranging,68.94909658078954,1400.1568762259185,2690,45.61338289962825,1.4137319253871137,5.268752460011851,1.5767684876587975,4.051578919643202,7
gen7_cross_2469,fixed,0.005,,,rr,3.9000000000000004,,,1100,ranging,68.94909658078954,1400.1568762259185,2690,45.61338289962825,1.4137319253871137,5.268752460011851,1.5767684876587975,4.051578919643202,7
gen8_cross_8589,fixed,0.005,,,rr,3.6,,,800,any,68.93758073944258,978.6880195676017,2690,45.61338289962825,1.3976393057455856,5.268752460011868,1.5392580454586307,3.8939877005453623,8
gen9_cross_3029,fixed,0.005,,,rr,3.5,,2.5,800,trending,68.93239053509267,967.2297479185484,2690,45.61338289962825,1.3929838291355958,5.268752460011868,1.528158576310665,3.848397718877214,9
gen6_cross_5876,fixed,0.005,,,rr,3.0,0.015,,800,any,68.93073122963244,784.0155613102605,2690,45.61338289962825,1.318544211495391,5.268752460011874,1.3225335381867704,3.1194281443510037,6
gen5_cross_2048,fixed,0.005,2.5,,rr,3.0,,,1100,ranging,68.92971241765807,1078.0213968016083,2690,45.61338289962825,1.3185442114953907,5.268752460011851,1.3225335381867702,3.1194281443510024,5
gen7_cross_1899,fixed,0.005,,,rr,3.9000000000000004,,,800,any,68.92925411398147,1018.2959099824861,2690,45.61338289962825,1.4137319253871137,5.268752460011875,1.5767684876587975,4.051578919643202,7
gen9_cross_7931,fixed,0.005,,,rr,3.9000000000000004,,2.5,1700,ranging,68.92633318300446,2163.878808712783,2690,45.61338289962825,1.4137319253871137,5.2687524600118625,1.5767684876587975,4.051578919643203,9
gen4_cross_1890,fixed,0.005,2.5,,rr,3.0,,2.5,1100,ranging,68.92199109976923,1078.0213968016083,2690,45.61338289962825,1.3185442114953907,5.268752460011851,1.3225335381867702,3.1194281443510024,4
gen5_cross_4830,fixed,0.005,,,rr,3.0,,,800,ranging,68.91775596484305,784.0155613102605,2690,45.61338289962825,1.318544211495391,5.268752460011874,1.3225335381867704,3.1194281443510037,5
gen7_cross_7279,fixed,0.005,,,rr,3.3000000000000003,,2.5,800,any,68.91698934718738,913.5691893237471,2690,45.61338289962825,1.3711816339120513,5.268752460011865,1.4717388576585138,3.6348939761167096,7
gen8_cross_1005,fixed,0.005,,,rr,3.3000000000000003,,,800,ranging,68.91419479253634,913.5691893237471,2690,45.61338289962825,1.3711816339120513,5.268752460011865,1.4717388576585138,3.6348939761167096,8
gen6_cross_6683,fixed,0.005,,,rr,3.9000000000000004,,2.5,1100,ranging,68.90933249187813,1400.1568762259185,2690,45.61338289962825,1.4137319253871137,5.268752460011851,1.5767684876587975,4.051578919643202,6
gen8_cross_2035,fixed,0.005,,40.0,rr,3.9000000000000004,,2.5,800,ranging,68.90853836426768,1018.2959099824861,2690,45.61338289962825,1.4137319253871137,5.268752460011875,1.5767684876587975,4.051578919643202,8
gen8_cross_1122,fixed,0.005,,,rr,3.9000000000000004,,2.5,800,ranging,68.90785682290176,1018.2959099824861,2690,45.61338289962825,1.4137319253871137,5.268752460011875,1.5767684876587975,4.051578919643202,8
gen6_cross_5678,fixed,0.005,,,rr,3.3000000000000003,0.015,2.5,800,any,68.88584109411514,913.5691893237471,2690,45.61338289962825,1.3711816339120513,5.268752460011865,1.4717388576585138,3.6348939761167096,6
gen6_cross_6752,fixed,0.005,,,rr,3.0,,,1900,ranging,68.87848553169363,1862.0369581118687,2690,45.61338289962825,1.318544211495391,5.268752460011868,1.3225335381867702,3.1194281443510024,6
gen5_cross_5046,fixed,0.005,,,rr,3.0,,,800,ranging,68.87742759264387,784.0155613102605,2690,45.61338289962825,1.318544211495391,5.268752460011874,1.3225335381867704,3.1194281443510037,5
gen8_cross_3717,fixed,0.005,,,rr,3.9000000000000004,,,1100,ranging,68.87734137627545,1400.1568762259185,2690,45.61338289962825,1.4137319253871137,5.268752460011851,1.5767684876587975,4.051578919643202,8
gen7_cross_6113,fixed,0.005,,,rr,3.5,0.015,,800,ranging,68.87013452755288,967.2297479185484,2690,45.61338289962825,1.3929838291355958,5.268752460011868,1.528158576310665,3.848397718877214,7
gen7_cross_6113,fixed,0.005,,,rr,3.5,0.015,,800,ranging,68.87013452755288,967.2297479185484,2690,45.61338289962825,1.3929838291355958,5.268752460011868,1.528158576310665,3.848397718877214,7
gen5_cross_2431,fixed,0.005,2.5,,rr,3.0,,,1000,ranging,68.86974215079708,980.0194516378258,2690,45.61338289962825,1.3185442114953911,5.2687524600118625,1.3225335381867702,3.1194281443510024,5
gen7_cross_9378,fixed,0.005,,,rr,3.9000000000000004,,,800,ranging,68.86269377141359,1018.2959099824861,2690,45.61338289962825,1.4137319253871137,5.268752460011875,1.5767684876587975,4.051578919643202,7
gen6_cross_2709,fixed,0.005,,,rr,3.3000000000000003,0.015,,800,ranging,68.86165747276272,913.5691893237471,2690,45.61338289962825,1.3711816339120513,5.268752460011865,1.4717388576585138,3.6348939761167096,6
gen5_cross_4659,fixed,0.005,,,rr,3.0,,,800,trending,68.86114240960275,784.0155613102605,2690,45.61338289962825,1.318544211495391,5.268752460011874,1.3225335381867704,3.1194281443510037,5
gen8_cross_1030,fixed,0.005,,,rr,3.9000000000000004,,,800,ranging,68.85712745650893,1018.2959099824861,2690,45.61338289962825,1.4137319253871137,5.268752460011875,1.5767684876587975,4.051578919643202,8
gen9_cross_4951,fixed,0.005,,,rr,3.9000000000000004,,2.5,800,ranging,68.85662858401432,1018.2959099824861,2690,45.61338289962825,1.4137319253871137,5.268752460011875,1.5767684876587975,4.051578919643202,9
gen9_cross_8058,fixed,0.005,,,rr,3.9000000000000004,,,800,ranging,68.84229792975819,1018.2959099824861,2690,45.61338289962825,1.4137319253871137,5.268752460011875,1.5767684876587975,4.051578919643202,9
gen9_cross_3759,fixed,0.005,2.5,,rr,3.9000000000000004,0.015,,800,ranging,68.84025078503053,1018.2959099824861,2690,45.61338289962825,1.4137319253871137,5.268752460011875,1.5767684876587975,4.051578919643202,9
gen7_cross_9142,fixed,0.005,,,rr,3.9000000000000004,,2.5,800,ranging,68.83702694974835,1018.2959099824861,2690,45.61338289962825,1.4137319253871137,5.268752460011875,1.5767684876587975,4.051578919643202,7
gen9_cross_1672,fixed,0.005,,,rr,3.9000000000000004,,,800,ranging,68.83423926717084,1018.2959099824861,2690,45.61338289962825,1.4137319253871137,5.268752460011875,1.5767684876587975,4.051578919643202,9
gen9_cross_9171,fixed,0.005,,,rr,3.9000000000000004,,,800,any,68.83391581945203,1018.2959099824861,2690,45.61338289962825,1.4137319253871137,5.268752460011875,1.5767684876587975,4.051578919643202,9
gen7_cross_4438,fixed,0.005,,,rr,3.9000000000000004,,,800,ranging,68.83253194178369,1018.2959099824861,2690,45.61338289962825,1.4137319253871137,5.268752460011875,1.5767684876587975,4.051578919643202,7
gen9_cross_1603,fixed,0.005,,,rr,3.9000000000000004,,2.5,800,ranging,68.83236761917738,1018.2959099824861,2690,45.61338289962825,1.4137319253871137,5.268752460011875,1.5767684876587975,4.051578919643202,9
gen5_cross_6434,fixed,0.005,,40.0,rr,3.0,,2.5,800,trending,68.83199024335569,784.0155613102605,2690,45.61338289962825,1.318544211495391,5.268752460011874,1.3225335381867704,3.1194281443510037,5
gen5_cross_5161,fixed,0.005,,,rr,3.0,,,800,volatile,68.82771986216137,784.0155613102605,2690,45.61338289962825,1.318544211495391,5.268752460011874,1.3225335381867704,3.1194281443510037,5
gen7_cross_1397,fixed,0.005,,,rr,3.3000000000000003,,,800,any,68.82699142471111,913.5691893237471,2690,45.61338289962825,1.3711816339120513,5.268752460011865,1.4717388576585138,3.6348939761167096,7
gen6_cross_7307,fixed,0.005,,,rr,3.9000000000000004,,,800,ranging,68.82521189156324,1018.2959099824861,2690,45.61338289962825,1.4137319253871137,5.268752460011875,1.5767684876587975,4.051578919643202,6
gen9_cross_1865,fixed,0.005,,,rr,3.9000000000000004,,2.5,800,ranging,68.82432526844406,1018.2959099824861,2690,45.61338289962825,1.4137319253871137,5.268752460011875,1.5767684876587975,4.051578919643202,9
gen6_cross_3066,fixed,0.005,,,rr,3.0,,,800,ranging,68.81892386137534,784.0155613102605,2690,45.61338289962825,1.318544211495391,5.268752460011874,1.3225335381867704,3.1194281443510037,6
gen6_cross_3066,fixed,0.005,,,rr,3.0,,,800,ranging,68.81892386137534,784.0155613102605,2690,45.61338289962825,1.318544211495391,5.268752460011874,1.3225335381867704,3.1194281443510037,6
gen5_cross_9001,fixed,0.005,,,rr,3.0,,,800,trending,68.81700393462165,784.0155613102605,2690,45.61338289962825,1.318544211495391,5.268752460011874,1.3225335381867704,3.1194281443510037,5
gen6_cross_4689,fixed,0.005,,,rr,3.0,,,800,any,68.81419979498378,784.0155613102605,2690,45.61338289962825,1.318544211495391,5.268752460011874,1.3225335381867704,3.1194281443510037,6
gen6_cross_6368,fixed,0.005,,,rr,3.0,,2.5,800,ranging,68.81355846021462,784.0155613102605,2690,45.61338289962825,1.318544211495391,5.268752460011874,1.3225335381867704,3.1194281443510037,6
gen4_cross_4217,fixed,0.005,2.5,,rr,3.0,,,1100,ranging,68.80389854844849,1078.0213968016083,2690,45.61338289962825,1.3185442114953907,5.268752460011851,1.3225335381867702,3.1194281443510024,4
gen7_cross_8496,fixed,0.005,,40.0,rr,3.9000000000000004,,,800,ranging,68.80328748792006,1018.2959099824861,2690,45.61338289962825,1.4137319253871137,5.268752460011875,1.5767684876587975,4.051578919643202,7
gen9_cross_2439,fixed,0.005,,,rr,3.9000000000000004,,2.5,1300,ranging,68.80141458544392,1654.7308537215404,2690,45.61338289962825,1.4137319253871137,5.26875246001185,1.576768487658798,4.051578919643202,9
gen5_cross_5559,fixed,0.005,,,rr,3.0,,,800,ranging,68.79635785339575,784.0155613102605,2690,45.61338289962825,1.318544211495391,5.268752460011874,1.3225335381867704,3.1194281443510037,5
gen8_cross_2526,fixed,0.005,,,rr,3.3000000000000003,,2.5,800,any,68.79427949694934,913.5691893237471,2690,45.61338289962825,1.3711816339120513,5.268752460011865,1.4717388576585138,3.6348939761167096,8
gen8_cross_9315,fixed,0.005,,,rr,3.9000000000000004,,,800,ranging,68.79120188562273,1018.2959099824861,2690,45.61338289962825,1.4137319253871137,5.268752460011875,1.5767684876587975,4.051578919643202,8
gen9_cross_1754,fixed,0.006,,,rr,3.5,,2.5,800,any,68.79102309514835,833.3207393458364,2690,45.687732342007436,1.3090770046971398,6.523417070479474,1.2303128383034507,2.7778067864171394,9
gen7_cross_3682,fixed,0.005,,,rr,3.9000000000000004,,,1100,ranging,68.78848313349476,1400.1568762259185,2690,45.61338289962825,1.4137319253871137,5.268752460011851,1.5767684876587975,4.051578919643202,7
gen6_cross_1046,fixed,0.005,,,rr,3.9000000000000004,,,800,ranging,68.78709422686701,1018.2959099824861,2690,45.61338289962825,1.4137319253871137,5.268752460011875,1.5767684876587975,4.051578919643202,6
gen6_cross_1046,fixed,0.005,,,rr,3.9000000000000004,,,800,ranging,68.78709422686701,1018.2959099824861,2690,45.61338289962825,1.4137319253871137,5.268752460011875,1.5767684876587975,4.051578919643202,6
gen9_cross_1296,fixed,0.005,,,rr,3.9000000000000004,,,800,any,68.78682235181559,1018.2959099824861,2690,45.61338289962825,1.4137319253871137,5.268752460011875,1.5767684876587975,4.051578919643202,9
gen5_cross_3635,fixed,0.005,,,rr,3.0,,,800,any,68.78617667173239,784.0155613102605,2690,45.61338289962825,1.318544211495391,5.268752460011874,1.3225335381867704,3.1194281443510037,5
gen5_cross_3635,fixed,0.005,,,rr,3.0,,,800,any,68.78617667173239,784.0155613102605,2690,45.61338289962825,1.318544211495391,5.268752460011874,1.3225335381867704,3.1194281443510037,5
gen6_cross_6388,fixed,0.005,,,rr,3.0,,,800,any,68.78531824508775,784.0155613102605,2690,45.61338289962825,1.318544211495391,5.268752460011874,1.3225335381867704,3.1194281443510037,6
gen6_cross_1654,fixed,0.005,,,rr,3.0,,,800,ranging,68.7810379172535,784.0155613102605,2690,45.61338289962825,1.318544211495391,5.268752460011874,1.3225335381867704,3.1194281443510037,6
gen8_cross_3854,fixed,0.005,2.5,40.0,rr,3.9000000000000004,,2.5,800,ranging,68.77806163085836,1018.2959099824861,2690,45.61338289962825,1.4137319253871137,5.268752460011875,1.5767684876587975,4.051578919643202,8
gen8_cross_3854,fixed,0.005,2.5,40.0,rr,3.9000000000000004,,2.5,800,ranging,68.77806163085836,1018.2959099824861,2690,45.61338289962825,1.4137319253871137,5.268752460011875,1.5767684876587975,4.051578919643202,8
gen4_cross_6987,fixed,0.005,2.5,,rr,3.0,,,1100,ranging,68.77527447621578,1078.0213968016083,2690,45.61338289962825,1.3185442114953907,5.268752460011851,1.3225335381867702,3.1194281443510024,4
gen6_cross_6061,fixed,0.005,,,rr,3.9000000000000004,,,1100,ranging,68.77251233479546,1400.1568762259185,2690,45.61338289962825,1.4137319253871137,5.268752460011851,1.5767684876587975,4.051578919643202,6
gen6_cross_4766,fixed,0.005,,,rr,3.5,,,800,any,68.76525832947243,967.2297479185484,2690,45.61338289962825,1.3929838291355958,5.268752460011868,1.528158576310665,3.848397718877214,6
gen6_cross_4766,fixed,0.005,,,rr,3.5,,,800,any,68.76525832947243,967.2297479185484,2690,45.61338289962825,1.3929838291355958,5.268752460011868,1.528158576310665,3.848397718877214,6
gen3_cross_2615,fixed,0.005,2.5,,rr,3.0,0.015,,1000,ranging,68.76431931576899,980.0194516378258,2690,45.61338289962825,1.3185442114953911,5.2687524600118625,1.3225335381867702,3.1194281443510024,3
gen3_cross_2615,fixed,0.005,2.5,,rr,3.0,0.015,,1000,ranging,68.76431931576899,980.0194516378258,2690,45.61338289962825,1.3185442114953911,5.2687524600118625,1.3225335381867702,3.1194281443510024,3
gen8_cross_3099,fixed,0.005,,,rr,3.9000000000000004,,2.5,1500,ranging,68.75980327103962,1909.3048312171616,2690,45.61338289962825,1.4137319253871135,5.268752460011842,1.5767684876587975,4.051578919643202,8
gen8_cross_1124,fixed,0.005,,,rr,3.2,,2.5,800,ranging,68.75767045976725,883.0880598905444,2690,45.61338289962825,1.358797201995213,5.2687524600118705,1.4382569320089453,3.513616162616895,8
gen8_cross_2474,fixed,0.005,,,rr,3.9000000000000004,,,800,ranging,68.75638754648013,1018.2959099824861,2690,45.61338289962825,1.4137319253871137,5.268752460011875,1.5767684876587975,4.051578919643202,8
gen5_cross_6369,fixed,0.005,,,rr,3.0,,,800,ranging,68.75222751163948,784.0155613102605,2690,45.61338289962825,1.318544211495391,5.268752460011874,1.3225335381867704,3.1194281443510037,5
gen5_cross_6369,fixed,0.005,,,rr,3.0,,,800,ranging,68.75222751163948,784.0155613102605,2690,45.61338289962825,1.318544211495391,5.268752460011874,1.3225335381867704,3.1194281443510037,5
gen6_cross_5826,fixed,0.005,,,rr,3.9000000000000004,,,800,volatile,68.75185062804358,1018.2959099824861,2690,45.61338289962825,1.4137319253871137,5.268752460011875,1.5767684876587975,4.051578919643202,6
gen6_cross_3671,fixed,0.005,,,rr,3.9000000000000004,,2.5,800,any,68.74412361911226,1018.2959099824861,2690,45.61338289962825,1.4137319253871137,5.268752460011875,1.5767684876587975,4.051578919643202,6
gen7_cross_9592,fixed,0.005,,,rr,3.9000000000000004,,,1000,any,68.7410373078137,1272.8698874781078,2690,45.61338289962825,1.4137319253871137,5.2687524600118625,1.5767684876587975,4.051578919643202,7
gen9_cross_8079,fixed,0.005,,,rr,3.9000000000000004,,2.5,800,any,68.73931573966088,1018.2959099824861,2690,45.61338289962825,1.4137319253871137,5.268752460011875,1.5767684876587975,4.051578919643202,9
gen8_cross_7083,fixed,0.005,,40.0,rr,3.6,,,800,ranging,68.73634778040325,978.6880195676017,2690,45.61338289962825,1.3976393057455856,5.268752460011868,1.5392580454586307,3.8939877005453623,8
gen4_cross_2201,fixed,0.005,,,rr,3.0,0.015,,1000,volatile,68.73085272668831,980.0194516378258,2690,45.61338289962825,1.3185442114953911,5.2687524600118625,1.3225335381867702,3.1194281443510024,4
gen7_cross_8455,fixed,0.005,,,rr,3.9000000000000004,,2.5,800,ranging,68.72896371842772,1018.2959099824861,2690,45.61338289962825,1.4137319253871137,5.268752460011875,1.5767684876587975,4.051578919643202,7
gen8_cross_3525,fixed,0.005,,,rr,3.9000000000000004,,,800,ranging,68.72817197330664,1018.2959099824861,2690,45.61338289962825,1.4137319253871137,5.268752460011875,1.5767684876587975,4.051578919643202,8
gen5_cross_2397,fixed,0.005,,40.0,rr,3.9000000000000004,,2.5,800,any,68.7273518887085,1018.2959099824861,2690,45.61338289962825,1.4137319253871137,5.268752460011875,1.5767684876587975,4.051578919643202,5
gen9_cross_6695,fixed,0.005,,,rr,3.9000000000000004,,2.5,800,ranging,68.72620344280136,1018.2959099824861,2690,45.61338289962825,1.4137319253871137,5.268752460011875,1.5767684876587975,4.051578919643202,9
gen5_cross_9468,fixed,0.005,,,rr,3.0,,2.5,800,any,68.72111746169199,784.0155613102605,2690,45.61338289962825,1.318544211495391,5.268752460011874,1.3225335381867704,3.1194281443510037,5
gen5_cross_6496,fixed,0.005,,,rr,3.0,,,800,ranging,68.7153028022462,784.0155613102605,2690,45.61338289962825,1.318544211495391,5.268752460011874,1.3225335381867704,3.1194281443510037,5
gen5_cross_4535,fixed,0.005,,,rr,3.0,,,800,ranging,68.71065697796219,784.0155613102605,2690,45.61338289962825,1.318544211495391,5.268752460011874,1.3225335381867704,3.1194281443510037,5
gen6_cross_4827,fixed,0.005,,,rr,3.3000000000000003,,2.5,800,any,68.70951679932095,913.5691893237471,2690,45.61338289962825,1.3711816339120513,5.268752460011865,1.4717388576585138,3.6348939761167096,6
gen5_cross_8422,fixed,0.005,,,rr,3.0,,,800,ranging,68.7048825204603,784.0155613102605,2690,45.61338289962825,1.318544211495391,5.268752460011874,1.3225335381867704,3.1194281443510037,5
gen8_cross_5606,fixed,0.005,,,rr,3.9000000000000004,,,800,ranging,68.69856122870168,1018.2959099824861,2690,45.61338289962825,1.4137319253871137,5.268752460011875,1.5767684876587975,4.051578919643202,8
gen9_cross_6025,fixed,0.005,,,rr,3.9000000000000004,,2.5,800,ranging,68.69653911863793,1018.2959099824861,2690,45.61338289962825,1.4137319253871137,5.268752460011875,1.5767684876587975,4.051578919643202,9
gen7_cross_3653,fixed,0.005,,,rr,3.9000000000000004,,,800,ranging,68.68865697641388,1018.2959099824861,2690,45.61338289962825,1.4137319253871137,5.268752460011875,1.5767684876587975,4.051578919643202,7
gen7_cross_3653,fixed,0.005,,,rr,3.9000000000000004,,,800,ranging,68.68865697641388,1018.2959099824861,2690,45.61338289962825,1.4137319253871137,5.268752460011875,1.5767684876587975,4.051578919643202,7
gen7_cross_3653,fixed,0.005,,,rr,3.9000000000000004,,,800,ranging,68.68865697641388,1018.2959099824861,2690,45.61338289962825,1.4137319253871137,5.268752460011875,1.5767684876587975,4.051578919643202,7
gen4_cross_5562,fixed,0.005,,,rr,3.0,,,1100,ranging,68.68829201747482,1078.0213968016083,2690,45.61338289962825,1.3185442114953907,5.268752460011851,1.3225335381867702,3.1194281443510024,4
gen5_cross_8208,fixed,0.005,,40.0,rr,3.0,,,800,any,68.68711718572817,784.0155613102605,2690,45.61338289962825,1.318544211495391,5.268752460011874,1.3225335381867704,3.1194281443510037,5
gen8_cross_4283,fixed,0.005,,40.0,rr,3.9000000000000004,,,800,ranging,68.68412917845126,1018.2959099824861,2690,45.61338289962825,1.4137319253871137,5.268752460011875,1.5767684876587975,4.051578919643202,8
gen8_cross_5153,fixed,0.005,,40.0,rr,3.9000000000000004,,2.5,1100,ranging,68.68409069029435,1400.1568762259185,2690,45.61338289962825,1.4137319253871137,5.268752460011851,1.5767684876587975,4.051578919643202,8
gen3_cross_3382,fixed,0.005,,,rr,3.0,,,1100,ranging,68.68141526699833,1078.0213968016083,2690,45.61338289962825,1.3185442114953907,5.268752460011851,1.3225335381867702,3.1194281443510024,3
gen3_cross_3382,fixed,0.005,,,rr,3.0,,,1100,ranging,68.68141526699833,1078.0213968016083,2690,45.61338289962825,1.3185442114953907,5.268752460011851,1.3225335381867702,3.1194281443510024,3
gen3_cross_3382,fixed,0.005,,,rr,3.0,,,1100,ranging,68.68141526699833,1078.0213968016083,2690,45.61338289962825,1.3185442114953907,5.268752460011851,1.3225335381867702,3.1194281443510024,3
gen8_cross_8583,fixed,0.005,,,rr,3.3000000000000003,,,800,ranging,68.68117378738245,913.5691893237471,2690,45.61338289962825,1.3711816339120513,5.268752460011865,1.4717388576585138,3.6348939761167096,8
gen6_cross_5408,fixed,0.005,,,rr,3.3000000000000003,,2.5,1700,ranging,68.67761968806525,1941.3345273129626,2690,45.61338289962825,1.3711816339120513,5.2687524600118625,1.471738857658514,3.63489397611671,6
gen8_cross_7371,fixed,0.005,,40.0,rr,3.9000000000000004,,2.5,800,ranging,68.6759022479482,1018.2959099824861,2690,45.61338289962825,1.4137319253871137,5.268752460011875,1.5767684876587975,4.051578919643202,8
gen9_cross_1289,fixed,0.005,,,rr,3.9000000000000004,,,800,ranging,68.67240324998373,1018.2959099824861,2690,45.61338289962825,1.4137319253871137,5.268752460011875,1.5767684876587975,4.051578919643202,9
gen4_cross_8981,fixed,0.005,,,rr,3.0,0.015,,1100,ranging,68.6699269286768,1078.0213968016083,2690,45.61338289962825,1.3185442114953907,5.268752460011851,1.3225335381867702,3.1194281443510024,4
gen4_cross_8595,fixed,0.005,,,rr,3.0,,,800,ranging,68.66962198193079,784.0155613102605,2690,45.61338289962825,1.318544211495391,5.268752460011874,1.3225335381867704,3.1194281443510037,4
gen4_cross_8595,fixed,0.005,,,rr,3.0,,,800,ranging,68.66962198193079,784.0155613102605,2690,45.61338289962825,1.318544211495391,5.268752460011874,1.3225335381867704,3.1194281443510037,4
gen8_cross_4040,fixed,0.005,,,rr,3.5,0.015,,800,ranging,68.6681103095156,967.2297479185484,2690,45.61338289962825,1.3929838291355958,5.268752460011868,1.528158576310665,3.848397718877214,8
gen9_cross_6838,fixed,0.005,,,rr,3.9000000000000004,,2.5,1600,ranging,68.65685152562384,2036.5918199649723,2690,45.61338289962825,1.4137319253871137,5.268752460011875,1.5767684876587975,4.051578919643202,9
gen6_cross_7843,fixed,0.005,,,rr,3.0,,2.5,800,volatile,68.65624381998249,784.0155613102605,2690,45.61338289962825,1.318544211495391,5.268752460011874,1.3225335381867704,3.1194281443510037,6
gen5_cross_3603,fixed,0.005,,,rr,3.0,,,800,ranging,68.65468980095561,784.0155613102605,2690,45.61338289962825,1.318544211495391,5.268752460011874,1.3225335381867704,3.1194281443510037,5
gen9_cross_5216,fixed,0.005,,,rr,3.9000000000000004,,,800,ranging,68.64078484785003,1018.2959099824861,2690,45.61338289962825,1.4137319253871137,5.268752460011875,1.5767684876587975,4.051578919643202,9
gen7_cross_8938,fixed,0.005,,40.0,rr,3.9000000000000004,,,1100,any,68.63968018075116,1400.1568762259185,2690,45.61338289962825,1.4137319253871137,5.268752460011851,1.5767684876587975,4.051578919643202,7
gen5_cross_1117,fixed,0.005,,,rr,3.0,,,800,ranging,68.63206295840774,784.0155613102605,2690,45.61338289962825,1.318544211495391,5.268752460011874,1.3225335381867704,3.1194281443510037,5
gen6_cross_7242,fixed,0.005,,,rr,3.0,,,800,ranging,68.6248827992193,784.0155613102605,2690,45.61338289962825,1.318544211495391,5.268752460011874,1.3225335381867704,3.1194281443510037,6
gen4_cross_5988,fixed,0.005,,,rr,3.0,0.015,,800,trending,68.62231796149128,784.0155613102605,2690,45.61338289962825,1.318544211495391,5.268752460011874,1.3225335381867704,3.1194281443510037,4
gen4_cross_5988,fixed,0.005,,,rr,3.0,0.015,,800,trending,68.62231796149128,784.0155613102605,2690,45.61338289962825,1.318544211495391,5.268752460011874,1.3225335381867704,3.1194281443510037,4
gen6_cross_2063,fixed,0.005,,,rr,3.0,,,800,ranging,68.62084409257014,784.0155613102605,2690,45.61338289962825,1.318544211495391,5.268752460011874,1.3225335381867704,3.1194281443510037,6
gen8_cross_6214,fixed,0.005,2.5,,rr,3.5,,2.5,800,ranging,68.62082102907982,967.2297479185484,2690,45.61338289962825,1.3929838291355958,5.268752460011868,1.528158576310665,3.848397718877214,8
gen5_cross_1416,fixed,0.005,,,rr,3.0,,,800,ranging,68.61918237125644,784.0155613102605,2690,45.61338289962825,1.318544211495391,5.268752460011874,1.3225335381867704,3.1194281443510037,5
gen6_cross_5775,fixed,0.005,2.5,,rr,3.0,,,800,ranging,68.61842320769837,784.0155613102605,2690,45.61338289962825,1.318544211495391,5.268752460011874,1.3225335381867704,3.1194281443510037,6
gen9_cross_6394,fixed,0.005,,40.0,rr,3.6,,,800,any,68.61277437314321,978.6880195676017,2690,45.61338289962825,1.3976393057455856,5.268752460011868,1.5392580454586307,3.8939877005453623,9
gen4_cross_8264,fixed,0.005,,,rr,3.0,,,1000,ranging,68.60863325158422,980.0194516378258,2690,45.61338289962825,1.3185442114953911,5.2687524600118625,1.3225335381867702,3.1194281443510024,4
gen9_cross_6758,fixed,0.005,,,rr,3.9000000000000004,,,900,ranging,68.60799444702972,1145.582898730297,2690,45.61338289962825,1.4137319253871135,5.268752460011875,1.5767684876587975,4.051578919643203,9
gen6_cross_8091,fixed,0.005,,,rr,3.9000000000000004,,,1100,ranging,68.60628429058086,1400.1568762259185,2690,45.61338289962825,1.4137319253871137,5.268752460011851,1.5767684876587975,4.051578919643202,6
gen5_cross_8676,fixed,0.005,,,rr,3.0,,,800,ranging,68.60507080540307,784.0155613102605,2690,45.61338289962825,1.318544211495391,5.268752460011874,1.3225335381867704,3.1194281443510037,5
gen8_cross_9177,fixed,0.005,,40.0,rr,3.9000000000000004,0.015,,900,ranging,68.60266585502656,1145.582898730297,2690,45.61338289962825,1.4137319253871135,5.268752460011875,1.5767684876587975,4.051578919643203,8
gen9_cross_5277,fixed,0.005,,,rr,3.9000000000000004,,2.5,800,any,68.59957087465315,1018.2959099824861,2690,45.61338289962825,1.4137319253871137,5.268752460011875,1.5767684876587975,4.051578919643202,9
gen7_cross_4763,fixed,0.005,,,rr,3.9000000000000004,,2.5,800,ranging,68.59472072448457,1018.2959099824861,2690,45.61338289962825,1.4137319253871137,5.268752460011875,1.5767684876587975,4.051578919643202,7
gen9_cross_6056,fixed,0.005,,,rr,3.9000000000000004,,,1100,any,68.58957015178055,1400.1568762259185,2690,45.61338289962825,1.4137319253871137,5.268752460011851,1.5767684876587975,4.051578919643202,9
gen5_cross_3590,fixed,0.005,,,rr,3.0,0.015,,800,trending,68.58899496947566,784.0155613102605,2690,45.61338289962825,1.318544211495391,5.268752460011874,1.3225335381867704,3.1194281443510037,5
gen9_cross_7717,fixed,0.005,,,rr,3.3000000000000003,,,1900,volatile,68.58650362134307,2169.7268246438985,2690,45.61338289962825,1.3711816339120513,5.26875246001187,1.4717388576585138,3.6348939761167096,9
gen5_cross_1907,fixed,0.005,2.5,,rr,3.0,,,800,ranging,68.58392308839652,784.0155613102605,2690,45.61338289962825,1.318544211495391,5.268752460011874,1.3225335381867704,3.1194281443510037,5
gen4_cross_3078,fixed,0.005,,,rr,3.0,,,1000,ranging,68.58072556102769,980.0194516378258,2690,45.61338289962825,1.3185442114953911,5.2687524600118625,1.3225335381867702,3.1194281443510024,4
gen9_cross_4190,fixed,0.005,,,rr,3.9000000000000004,,,800,any,68.57148050117311,1018.2959099824861,2690,45.61338289962825,1.4137319253871137,5.268752460011875,1.5767684876587975,4.051578919643202,9
gen9_cross_6701,fixed,0.005,,,rr,3.9000000000000004,,2.5,800,ranging,68.5706587579792,1018.2959099824861,2690,45.61338289962825,1.4137319253871137,5.268752460011875,1.5767684876587975,4.051578919643202,9
gen9_cross_3633,fixed,0.005,,,rr,3.5,0.015,,800,ranging,68.56832583538416,967.2297479185484,2690,45.61338289962825,1.3929838291355958,5.268752460011868,1.528158576310665,3.848397718877214,9
gen7_cross_2309,fixed,0.005,,,rr,3.0,,,800,ranging,68.56593667208506,784.0155613102605,2690,45.61338289962825,1.318544211495391,5.268752460011874,1.3225335381867704,3.1194281443510037,7
gen7_cross_4976,fixed,0.005,,40.0,rr,3.9000000000000004,,,800,any,68.54792226556626,1018.2959099824861,2690,45.61338289962825,1.4137319253871137,5.268752460011875,1.5767684876587975,4.051578919643202,7
gen7_cross_8702,fixed,0.005,,40.0,rr,3.0,,,800,ranging,68.54370256605216,784.0155613102605,2690,45.61338289962825,1.318544211495391,5.268752460011874,1.3225335381867704,3.1194281443510037,7
gen5_cross_4677,fixed,0.005,,,rr,3.0,,,800,ranging,68.54275637392082,784.0155613102605,2690,45.61338289962825,1.318544211495391,5.268752460011874,1.3225335381867704,3.1194281443510037,5
gen7_cross_2518,fixed,0.005,,,rr,3.9000000000000004,,2.5,800,ranging,68.54249627869993,1018.2959099824861,2690,45.61338289962825,1.4137319253871137,5.268752460011875,1.5767684876587975,4.051578919643202,7
gen7_cross_2518,fixed,0.005,,,rr,3.9000000000000004,,2.5,800,ranging,68.54249627869993,1018.2959099824861,2690,45.61338289962825,1.4137319253871137,5.268752460011875,1.5767684876587975,4.051578919643202,7
gen7_cross_2518,fixed,0.005,,,rr,3.9000000000000004,,2.5,800,ranging,68.54249627869993,1018.2959099824861,2690,45.61338289962825,1.4137319253871137,5.268752460011875,1.5767684876587975,4.051578919643202,7
gen9_cross_3384,fixed,0.005,,,rr,3.9000000000000004,,,900,ranging,68.53941439279998,1145.582898730297,2690,45.61338289962825,1.4137319253871135,5.268752460011875,1.5767684876587975,4.051578919643203,9
gen6_cross_9816,fixed,0.005,,,rr,3.0,,,800,ranging,68.5300544435768,784.0155613102605,2690,45.61338289962825,1.318544211495391,5.268752460011874,1.3225335381867704,3.1194281443510037,6
gen6_cross_6506,fixed,0.005,,,rr,3.0,0.015,,800,ranging,68.51722577501343,784.0155613102605,2690,45.61338289962825,1.318544211495391,5.268752460011874,1.3225335381867704,3.1194281443510037,6
gen6_cross_3451,fixed,0.005,,,rr,3.0,,,800,ranging,68.51485155285901,784.0155613102605,2690,45.61338289962825,1.318544211495391,5.268752460011874,1.3225335381867704,3.1194281443510037,6
gen5_cross_3888,fixed,0.005,,,rr,3.0,,,800,ranging,68.51141130523321,784.0155613102605,2690,45.61338289962825,1.318544211495391,5.268752460011874,1.3225335381867704,3.1194281443510037,5
gen9_cross_1073,fixed,0.005,,,rr,3.9000000000000004,,2.5,800,ranging,68.51040502849943,1018.2959099824861,2690,45.61338289962825,1.4137319253871137,5.268752460011875,1.5767684876587975,4.051578919643202,9
gen6_cross_7533,fixed,0.005,,,rr,3.3000000000000003,0.015,,800,any,68.50697708659922,913.5691893237471,2690,45.61338289962825,1.3711816339120513,5.268752460011865,1.4717388576585138,3.6348939761167096,6
gen4_cross_2720,fixed,0.005,,,rr,3.0,,,1000,ranging,68.50340633551265,980.0194516378258,2690,45.61338289962825,1.3185442114953911,5.2687524600118625,1.3225335381867702,3.1194281443510024,4
gen7_cross_3866,fixed,0.005,,,rr,3.9000000000000004,,,1100,ranging,68.49279012996031,1400.1568762259185,2690,45.61338289962825,1.4137319253871137,5.268752460011851,1.5767684876587975,4.051578919643202,7
gen7_cross_3866,fixed,0.005,,,rr,3.9000000000000004,,,1100,ranging,68.49279012996031,1400.1568762259185,2690,45.61338289962825,1.4137319253871137,5.268752460011851,1.5767684876587975,4.051578919643202,7
gen9_cross_5608,fixed,0.005,,,rr,3.9000000000000004,,,800,ranging,68.48233592481803,1018.2959099824861,2690,45.61338289962825,1.4137319253871137,5.268752460011875,1.5767684876587975,4.051578919643202,9
gen8_cross_8569,fixed,0.005,,,rr,3.5,,2.5,800,trending,68.47664314929519,967.2297479185484,2690,45.61338289962825,1.3929838291355958,5.268752460011868,1.528158576310665,3.848397718877214,8
gen8_cross_8569,fixed,0.005,,,rr,3.5,,2.5,800,trending,68.47664314929519,967.2297479185484,2690,45.61338289962825,1.3929838291355958,5.268752460011868,1.528158576310665,3.848397718877214,8
gen5_cross_5270,fixed,0.005,,,rr,3.0,,,1000,trending,68.47576973217328,980.0194516378258,2690,45.61338289962825,1.3185442114953911,5.2687524600118625,1.3225335381867702,3.1194281443510024,5
gen5_cross_5270,fixed,0.005,,,rr,3.0,,,1000,trending,68.47576973217328,980.0194516378258,2690,45.61338289962825,1.3185442114953911,5.2687524600118625,1.3225335381867702,3.1194281443510024,5
gen9_cross_2264,fixed,0.005,,,rr,3.5,,2.5,800,trending,68.46935204568791,967.2297479185484,2690,45.61338289962825,1.3929838291355958,5.268752460011868,1.528158576310665,3.848397718877214,9
gen6_cross_5223,fixed,0.005,,,rr,3.0,,,800,ranging,68.46911056565132,784.0155613102605,2690,45.61338289962825,1.318544211495391,5.268752460011874,1.3225335381867704,3.1194281443510037,6
gen6_cross_4398,fixed,0.005,,40.0,rr,3.0,,,800,any,68.46698739294398,784.0155613102605,2690,45.61338289962825,1.318544211495391,5.268752460011874,1.3225335381867704,3.1194281443510037,6
gen8_cross_3041,fixed,0.005,,,rr,3.3000000000000003,,,1100,ranging,68.46066793377261,1256.1576353201517,2690,45.61338289962825,1.3711816339120513,5.268752460011851,1.471738857658514,3.6348939761167096,8
gen8_cross_1238,fixed,0.005,,,rr,3.9000000000000004,,,800,ranging,68.45922590146056,1018.2959099824861,2690,45.61338289962825,1.4137319253871137,5.268752460011875,1.5767684876587975,4.051578919643202,8
gen8_cross_3895,fixed,0.005,,40.0,rr,3.9000000000000004,,2.5,800,ranging,68.45795838035016,1018.2959099824861,2690,45.61338289962825,1.4137319253871137,5.268752460011875,1.5767684876587975,4.051578919643202,8
gen6_cross_3820,fixed,0.005,,,rr,3.0,,,1000,ranging,68.45322600107592,980.0194516378258,2690,45.61338289962825,1.3185442114953911,5.2687524600118625,1.3225335381867702,3.1194281443510024,6
gen3_cross_7004,fixed,0.005,,,rr,3.0,,,800,ranging,68.45196791809909,784.0155613102605,2690,45.61338289962825,1.318544211495391,5.268752460011874,1.3225335381867704,3.1194281443510037,3
gen3_cross_7004,fixed,0.005,,,rr,3.0,,,800,ranging,68.45196791809909,784.0155613102605,2690,45.61338289962825,1.318544211495391,5.268752460011874,1.3225335381867704,3.1194281443510037,3
gen3_cross_7004,fixed,0.005,,,rr,3.0,,,800,ranging,68.45196791809909,784.0155613102605,2690,45.61338289962825,1.318544211495391,5.268752460011874,1.3225335381867704,3.1194281443510037,3
gen8_cross_3251,fixed,0.005,,,rr,3.9000000000000004,,,1000,ranging,68.44762489244732,1272.8698874781078,2690,45.61338289962825,1.4137319253871137,5.2687524600118625,1.5767684876587975,4.051578919643202,8
gen7_cross_9328,fixed,0.005,,,rr,3.9000000000000004,,,800,ranging,68.44688413508744,1018.2959099824861,2690,45.61338289962825,1.4137319253871137,5.268752460011875,1.5767684876587975,4.051578919643202,7
gen9_cross_7103,fixed,0.005,,,rr,3.9000000000000004,,,800,ranging,68.44558797571001,1018.2959099824861,2690,45.61338289962825,1.4137319253871137,5.268752460011875,1.5767684876587975,4.051578919643202,9
gen6_cross_6782,fixed,0.005,,,rr,3.3000000000000003,0.015,,800,volatile,68.44125976017928,913.5691893237471,2690,45.61338289962825,1.3711816339120513,5.268752460011865,1.4717388576585138,3.6348939761167096,6
gen8_cross_9848,fixed,0.005,,,rr,3.9000000000000004,,2.5,800,ranging,68.4395413040661,1018.2959099824861,2690,45.61338289962825,1.4137319253871137,5.268752460011875,1.5767684876587975,4.051578919643202,8
gen8_cross_9848,fixed,0.005,,,rr,3.9000000000000004,,2.5,800,ranging,68.4395413040661,1018.2959099824861,2690,45.61338289962825,1.4137319253871137,5.268752460011875,1.5767684876587975,4.051578919643202,8
gen8_cross_4584,fixed,0.005,,,rr,3.9000000000000004,,2.5,800,ranging,68.43555352689606,1018.2959099824861,2690,45.61338289962825,1.4137319253871137,5.268752460011875,1.5767684876587975,4.051578919643202,8
gen8_cross_4584,fixed,0.005,,,rr,3.9000000000000004,,2.5,800,ranging,68.43555352689606,1018.2959099824861,2690,45.61338289962825,1.4137319253871137,5.268752460011875,1.5767684876587975,4.051578919643202,8
gen6_cross_7363,fixed,0.005,,,rr,3.2,,,800,ranging,68.43423413560141,883.0880598905444,2690,45.61338289962825,1.358797201995213,5.2687524600118705,1.4382569320089453,3.513616162616895,6
gen5_cross_5446,fixed,0.005,,,rr,3.0,,,800,any,68.42594149801081,784.0155613102605,2690,45.61338289962825,1.318544211495391,5.268752460011874,1.3225335381867704,3.1194281443510037,5
gen5_cross_4694,fixed,0.005,,,rr,3.0,,,800,ranging,68.41616913874711,784.0155613102605,2690,45.61338289962825,1.318544211495391,5.268752460011874,1.3225335381867704,3.1194281443510037,5
gen8_cross_9837,fixed,0.005,,,rr,3.9000000000000004,,2.5,800,ranging,68.41171571545132,1018.2959099824861,2690,45.61338289962825,1.4137319253871137,5.268752460011875,1.5767684876587975,4.051578919643202,8
gen5_cross_8123,fixed,0.005,,40.0,rr,3.0,,,1200,ranging,68.41120195601566,1176.023341965391,2690,45.61338289962825,1.318544211495391,5.268752460011869,1.3225335381867704,3.1194281443510024,5
gen8_cross_6960,fixed,0.005,,,rr,3.9000000000000004,,,800,ranging,68.40934611111163,1018.2959099824861,2690,45.61338289962825,1.4137319253871137,5.268752460011875,1.5767684876587975,4.051578919643202,8
gen9_cross_4303,fixed,0.005,,40.0,rr,3.9000000000000004,,2.5,800,ranging,68.40422982413786,1018.2959099824861,2690,45.61338289962825,1.4137319253871137,5.268752460011875,1.5767684876587975,4.051578919643202,9
gen6_cross_3449,fixed,0.005,,,rr,3.9000000000000004,,,800,any,68.40261880348393,1018.2959099824861,2690,45.61338289962825,1.4137319253871137,5.268752460011875,1.5767684876587975,4.051578919643202,6
gen9_cross_5363,fixed,0.005,,,rr,3.3000000000000003,,2.5,800,ranging,68.39632426687547,913.5691893237471,2690,45.61338289962825,1.3711816339120513,5.268752460011865,1.4717388576585138,3.6348939761167096,9
gen7_cross_4634,fixed,0.005,,,rr,3.0,,,1100,any,68.39389494562089,1078.0213968016083,2690,45.61338289962825,1.3185442114953907,5.268752460011851,1.3225335381867702,3.1194281443510024,7
gen9_cross_1204,fixed,0.005,,40.0,rr,3.9000000000000004,,2.5,800,ranging,68.39358506512842,1018.2959099824861,2690,45.61338289962825,1.4137319253871137,5.268752460011875,1.5767684876587975,4.051578919643202,9
gen4_cross_9697,fixed,0.005,1.25,,rr,3.0,,,800,any,68.39278625633708,784.0155613102605,2690,45.61338289962825,1.318544211495391,5.268752460011874,1.3225335381867704,3.1194281443510037,4
gen7_cross_2490,fixed,0.005,,,rr,3.9000000000000004,,2.5,800,ranging,68.38994068546191,1018.2959099824861,2690,45.61338289962825,1.4137319253871137,5.268752460011875,1.5767684876587975,4.051578919643202,7
gen7_cross_6231,fixed,0.005,,,rr,3.9000000000000004,,,800,volatile,68.38919631712444,1018.2959099824861,2690,45.61338289962825,1.4137319253871137,5.268752460011875,1.5767684876587975,4.051578919643202,7
gen7_cross_1359,fixed,0.005,,,rr,3.5,,,800,ranging,68.38868462643597,967.2297479185484,2690,45.61338289962825,1.3929838291355958,5.268752460011868,1.528158576310665,3.848397718877214,7
gen8_cross_5500,fixed,0.005,,,rr,3.9000000000000004,,2.5,800,any,68.38814062632325,1018.2959099824861,2690,45.61338289962825,1.4137319253871137,5.268752460011875,1.5767684876587975,4.051578919643202,8
gen9_cross_4014,fixed,0.005,,,rr,3.5,0.015,,800,ranging,68.38662932653774,967.2297479185484,2690,45.61338289962825,1.3929838291355958,5.268752460011868,1.528158576310665,3.848397718877214,9
gen6_cross_5012,fixed,0.005,,,rr,3.5,0.015,2.5,800,ranging,68.3857527788205,967.2297479185484,2690,45.61338289962825,1.3929838291355958,5.268752460011868,1.528158576310665,3.848397718877214,6
gen4_cross_5228,fixed,0.005,,40.0,rr,3.0,,,800,any,68.36649113349522,784.0155613102605,2690,45.61338289962825,1.318544211495391,5.268752460011874,1.3225335381867704,3.1194281443510037,4
gen4_cross_5228,fixed,0.005,,40.0,rr,3.0,,,800,any,68.36649113349522,784.0155613102605,2690,45.61338289962825,1.318544211495391,5.268752460011874,1.3225335381867704,3.1194281443510037,4
gen8_cross_6364,fixed,0.005,,,rr,3.5,,,800,any,68.36567934317125,967.2297479185484,2690,45.61338289962825,1.3929838291355958,5.268752460011868,1.528158576310665,3.848397718877214,8
gen4_cross_5481,fixed,0.005,,,rr,3.0,,,1000,any,68.35846572530886,980.0194516378258,2690,45.61338289962825,1.3185442114953911,5.2687524600118625,1.3225335381867702,3.1194281443510024,4
gen5_cross_3728,fixed,0.005,,,rr,3.0,,2.5,800,ranging,68.35091328450119,784.0155613102605,2690,45.61338289962825,1.318544211495391,5.268752460011874,1.3225335381867704,3.1194281443510037,5
gen7_cross_8827,fixed,0.005,,40.0,rr,3.0,,2.5,800,ranging,68.35052341589046,784.0155613102605,2690,45.61338289962825,1.318544211495391,5.268752460011874,1.3225335381867704,3.1194281443510037,7
gen4_cross_4102,fixed,0.005,2.5,,rr,3.0,,,800,ranging,68.35029368592676,784.0155613102605,2690,45.61338289962825,1.318544211495391,5.268752460011874,1.3225335381867704,3.1194281443510037,4
gen5_cross_3239,fixed,0.005,,,rr,3.0,,,800,ranging,68.34608313826726,784.0155613102605,2690,45.61338289962825,1.318544211495391,5.268752460011874,1.3225335381867704,3.1194281443510037,5
gen9_cross_9312,fixed,0.005,,,rr,3.9000000000000004,,2.5,800,ranging,68.34173643497546,1018.2959099824861,2690,45.61338289962825,1.4137319253871137,5.268752460011875,1.5767684876587975,4.051578919643202,9
gen4_cross_6889,fixed,0.005,,,rr,3.0,,,800,ranging,68.33915847972263,784.0155613102605,2690,45.61338289962825,1.318544211495391,5.268752460011874,1.3225335381867704,3.1194281443510037,4
gen7_cross_4558,fixed,0.005,,,rr,3.0,,,800,ranging,68.33870828972873,784.0155613102605,2690,45.61338289962825,1.318544211495391,5.268752460011874,1.3225335381867704,3.1194281443510037,7
gen7_cross_2196,fixed,0.005,,,rr,3.3000000000000003,,,800,any,68.33591822621501,913.5691893237471,2690,45.61338289962825,1.3711816339120513,5.268752460011865,1.4717388576585138,3.6348939761167096,7
gen4_cross_9988,fixed,0.006,,,rr,3.0,,2.5,800,any,68.33195643120283,745.0478554177374,2690,45.687732342007436,1.276336767628406,6.523417070479486,1.1371039926851372,2.483556320234605,4
gen6_cross_5346,fixed,0.005,,,rr,3.0,,,1100,ranging,68.33016748816934,1078.0213968016083,2690,45.61338289962825,1.3185442114953907,5.268752460011851,1.3225335381867702,3.1194281443510024,6
gen6_cross_7363,fixed,0.005,,,rr,3.0,,,800,any,68.33010225520695,784.0155613102605,2690,45.61338289962825,1.318544211495391,5.268752460011874,1.3225335381867704,3.1194281443510037,6
gen7_cross_5793,fixed,0.005,,,rr,3.9000000000000004,,2.5,800,ranging,68.32460399307843,1018.2959099824861,2690,45.61338289962825,1.4137319253871137,5.268752460011875,1.5767684876587975,4.051578919643202,7
gen4_cross_1943,fixed,0.005,,,rr,2.8000000000000003,,,1700,any,68.32449775307003,1439.2713926020454,2690,45.61338289962825,1.2751875576479546,5.302644666966327,1.1869408784321285,2.6948466847738177,4
gen6_cross_3095,fixed,0.005,,,rr,3.0,,,800,ranging,68.32222596525476,784.0155613102605,2690,45.61338289962825,1.318544211495391,5.268752460011874,1.3225335381867704,3.1194281443510037,6
gen9_cross_3897,fixed,0.005,,,rr,3.9000000000000004,,2.5,800,ranging,68.31903490393005,1018.2959099824861,2690,45.61338289962825,1.4137319253871137,5.268752460011875,1.5767684876587975,4.051578919643202,9
gen8_cross_3105,fixed,0.005,,,rr,3.3000000000000003,,,800,any,68.31842379352535,913.5691893237471,2690,45.61338289962825,1.3711816339120513,5.268752460011865,1.4717388576585138,3.6348939761167096,8
gen9_cross_6919,fixed,0.005,,40.0,rr,3.9000000000000004,,,800,any,68.31603190477104,1018.2959099824861,2690,45.61338289962825,1.4137319253871137,5.268752460011875,1.5767684876587975,4.051578919643202,9
gen5_cross_3655,fixed,0.005,,,rr,3.0,,,800,ranging,68.3147060300061,784.0155613102605,2690,45.61338289962825,1.318544211495391,5.268752460011874,1.3225335381867704,3.1194281443510037,5
gen5_cross_8472,fixed,0.005,,,rr,3.0,,2.5,800,any,68.31208100006369,784.0155613102605,2690,45.61338289962825,1.318544211495391,5.268752460011874,1.3225335381867704,3.1194281443510037,5
gen6_cross_8982,fixed,0.005,,,rr,3.0,,,800,volatile,68.31199736756706,784.0155613102605,2690,45.61338289962825,1.318544211495391,5.268752460011874,1.3225335381867704,3.1194281443510037,6
gen5_cross_4598,fixed,0.005,2.5,,rr,3.0,,,800,any,68.31001362939114,784.0155613102605,2690,45.61338289962825,1.318544211495391,5.268752460011874,1.3225335381867704,3.1194281443510037,5
gen5_cross_8211,fixed,0.005,,40.0,rr,3.0,,2.5,800,any,68.3062015228952,784.0155613102605,2690,45.61338289962825,1.318544211495391,5.268752460011874,1.3225335381867704,3.1194281443510037,5
gen5_cross_3530,fixed,0.005,,,rr,3.0,,,800,any,68.29747192407463,784.0155613102605,2690,45.61338289962825,1.318544211495391,5.268752460011874,1.3225335381867704,3.1194281443510037,5
gen9_cross_2843,fixed,0.005,,,rr,3.5,,,800,ranging,68.29554584895881,967.2297479185484,2690,45.61338289962825,1.3929838291355958,5.268752460011868,1.528158576310665,3.848397718877214,9
gen8_cross_7149,fixed,0.005,,,rr,3.5,,2.5,800,ranging,68.29183215208559,967.2297479185484,2690,45.61338289962825,1.3929838291355958,5.268752460011868,1.528158576310665,3.848397718877214,8
gen7_cross_1608,fixed,0.005,,,rr,3.9000000000000004,,2.5,1400,ranging,68.29161125784626,1782.0178424693506,2690,45.61338289962825,1.4137319253871135,5.268752460011847,1.5767684876587975,4.051578919643202,7
gen6_cross_5793,fixed,0.005,,,rr,3.0,,,800,ranging,68.29133028440393,784.0155613102605,2690,45.61338289962825,1.318544211495391,5.268752460011874,1.3225335381867704,3.1194281443510037,6
gen9_cross_8341,fixed,0.005,,,rr,3.9000000000000004,,,800,any,68.28176307010469,1018.2959099824861,2690,45.61338289962825,1.4137319253871137,5.268752460011875,1.5767684876587975,4.051578919643202,9
gen9_cross_8812,fixed,0.005,,40.0,rr,3.9000000000000004,,2.5,800,ranging,68.2787564022006,1018.2959099824861,2690,45.61338289962825,1.4137319253871137,5.268752460011875,1.5767684876587975,4.051578919643202,9
gen4_cross_3007,fixed,0.005,,,rr,3.0,,,1100,ranging,68.27812470267162,1078.0213968016083,2690,45.61338289962825,1.3185442114953907,5.268752460011851,1.3225335381867702,3.1194281443510024,4
gen7_cross_4671,fixed,0.005,2.5,,rr,3.0,,,800,ranging,68.27313891479356,784.0155613102605,2690,45.61338289962825,1.318544211495391,5.268752460011874,1.3225335381867704,3.1194281443510037,7
gen6_cross_5895,fixed,0.005,,,rr,3.0,0.015,,800,ranging,68.2713860569351,784.0155613102605,2690,45.61338289962825,1.318544211495391,5.268752460011874,1.3225335381867704,3.1194281443510037,6
gen9_cross_3045,fixed,0.005,,,rr,3.5,0.015,,1800,trending,68.27097654418381,2176.266932816733,2690,45.61338289962825,1.3929838291355956,5.268752460011875,1.5281585763106647,3.848397718877214,9
gen8_cross_9888,fixed,0.005,,40.0,rr,3.9000000000000004,,,1000,ranging,68.27083414004993,1272.8698874781078,2690,45.61338289962825,1.4137319253871137,5.2687524600118625,1.5767684876587975,4.051578919643202,8
gen9_cross_4426,fixed,0.005,,,rr,3.9000000000000004,,2.5,800,trending,68.26974930190767,1018.2959099824861,2690,45.61338289962825,1.4137319253871137,5.268752460011875,1.5767684876587975,4.051578919643202,9
gen9_cross_1765,fixed,0.005,2.5,40.0,rr,3.9000000000000004,,2.5,800,ranging,68.26573387862992,1018.2959099824861,2690,45.61338289962825,1.4137319253871137,5.268752460011875,1.5767684876587975,4.051578919643202,9
gen6_cross_2851,fixed,0.005,,,rr,3.0,,,800,any,68.26043246472034,784.0155613102605,2690,45.61338289962825,1.318544211495391,5.268752460011874,1.3225335381867704,3.1194281443510037,6
gen7_cross_2206,fixed,0.005,,,rr,3.9000000000000004,,,800,ranging,68.25988651781928,1018.2959099824861,2690,45.61338289962825,1.4137319253871137,5.268752460011875,1.5767684876587975,4.051578919643202,7
gen7_cross_4389,fixed,0.005,,,rr,3.5,,,800,ranging,68.2588718679455,967.2297479185484,2690,45.61338289962825,1.3929838291355958,5.268752460011868,1.528158576310665,3.848397718877214,7
gen5_cross_8216,fixed,0.005,,,rr,3.0,,,800,ranging,68.25491449455097,784.0155613102605,2690,45.61338289962825,1.318544211495391,5.268752460011874,1.3225335381867704,3.1194281443510037,5
gen5_cross_3002,fixed,0.005,,,rr,3.0,,,800,ranging,68.25337604113105,784.0155613102605,2690,45.61338289962825,1.318544211495391,5.268752460011874,1.3225335381867704,3.1194281443510037,5
gen5_cross_3002,fixed,0.005,,,rr,3.0,,,800,ranging,68.25337604113105,784.0155613102605,2690,45.61338289962825,1.318544211495391,5.268752460011874,1.3225335381867704,3.1194281443510037,5
gen6_cross_5568,fixed,0.005,,,rr,3.0,,,800,ranging,68.2524260856319,784.0155613102605,2690,45.61338289962825,1.318544211495391,5.268752460011874,1.3225335381867704,3.1194281443510037,6
gen6_cross_5568,fixed,0.005,,,rr,3.0,,,800,ranging,68.2524260856319,784.0155613102605,2690,45.61338289962825,1.318544211495391,5.268752460011874,1.3225335381867704,3.1194281443510037,6
gen6_cross_4320,fixed,0.005,,,rr,3.0,,,800,ranging,68.24330873894321,784.0155613102605,2690,45.61338289962825,1.318544211495391,5.268752460011874,1.3225335381867704,3.1194281443510037,6
gen6_cross_4320,fixed,0.005,,,rr,3.0,,,800,ranging,68.24330873894321,784.0155613102605,2690,45.61338289962825,1.318544211495391,5.268752460011874,1.3225335381867704,3.1194281443510037,6
gen4_cross_1354,fixed,0.005,,,rr,3.0,0.015,,800,trending,68.239891384361,784.0155613102605,2690,45.61338289962825,1.318544211495391,5.268752460011874,1.3225335381867704,3.1194281443510037,4
gen7_cross_2420,fixed,0.005,,,rr,3.0,,2.5,800,ranging,68.23486063136347,784.0155613102605,2690,45.61338289962825,1.318544211495391,5.268752460011874,1.3225335381867704,3.1194281443510037,7
gen7_cross_6283,fixed,0.005,,,rr,3.0,,,800,ranging,68.23326728054981,784.0155613102605,2690,45.61338289962825,1.318544211495391,5.268752460011874,1.3225335381867704,3.1194281443510037,7
gen9_cross_2860,fixed,0.005,,,rr,3.9000000000000004,,2.5,800,ranging,68.22784167149976,1018.2959099824861,2690,45.61338289962825,1.4137319253871137,5.268752460011875,1.5767684876587975,4.051578919643202,9
gen7_cross_8965,fixed,0.005,,,rr,3.3000000000000003,,2.5,800,ranging,68.22757527573131,913.5691893237471,2690,45.61338289962825,1.3711816339120513,5.268752460011865,1.4717388576585138,3.6348939761167096,7
gen6_cross_6928,fixed,0.005,,,rr,3.0,,,800,ranging,68.22751249247969,784.0155613102605,2690,45.61338289962825,1.318544211495391,5.268752460011874,1.3225335381867704,3.1194281443510037,6
gen5_cross_1834,fixed,0.005,,40.0,rr,3.0,,,800,ranging,68.22476508696963,784.0155613102605,2690,45.61338289962825,1.318544211495391,5.268752460011874,1.3225335381867704,3.1194281443510037,5
gen7_cross_2137,fixed,0.005,,,rr,3.9000000000000004,,,800,ranging,68.22472461831445,1018.2959099824861,2690,45.61338289962825,1.4137319253871137,5.268752460011875,1.5767684876587975,4.051578919643202,7
gen5_cross_7131,fixed,0.005,,40.0,rr,2.9000000000000004,,,1000,any,68.21713417493325,915.0565269624678,2690,45.61338289962825,1.2974287493659782,5.268381706765437,1.2579637291551944,2.912649416405351,5
gen5_cross_8892,fixed,0.005,,,rr,3.0,0.015,,800,ranging,68.21210449643486,784.0155613102605,2690,45.61338289962825,1.318544211495391,5.268752460011874,1.3225335381867704,3.1194281443510037,5
gen5_cross_1193,fixed,0.005,,,rr,3.0,,,800,ranging,68.19471207232655,784.0155613102605,2690,45.61338289962825,1.318544211495391,5.268752460011874,1.3225335381867704,3.1194281443510037,5
gen7_cross_9996,fixed,0.005,,,rr,3.9000000000000004,,2.5,800,ranging,68.19449199164318,1018.2959099824861,2690,45.61338289962825,1.4137319253871137,5.268752460011875,1.5767684876587975,4.051578919643202,7
gen7_cross_9996,fixed,0.005,,,rr,3.9000000000000004,,2.5,800,ranging,68.19449199164318,1018.2959099824861,2690,45.61338289962825,1.4137319253871137,5.268752460011875,1.5767684876587975,4.051578919643202,7
gen6_cross_5083,fixed,0.005,,,rr,3.3000000000000003,,,1700,ranging,68.1898100512009,1941.3345273129626,2690,45.61338289962825,1.3711816339120513,5.2687524600118625,1.471738857658514,3.63489397611671,6
gen7_cross_9124,fixed,0.005,,,rr,3.9000000000000004,,,800,ranging,68.1875621880556,1018.2959099824861,2690,45.61338289962825,1.4137319253871137,5.268752460011875,1.5767684876587975,4.051578919643202,7
gen9_cross_2876,fixed,0.005,,,rr,3.9000000000000004,,2.5,800,ranging,68.1873599959675,1018.2959099824861,2690,45.61338289962825,1.4137319253871137,5.268752460011875,1.5767684876587975,4.051578919643202,9
gen6_cross_1524,fixed,0.005,,,rr,3.0,,,800,any,68.18484465338489,784.0155613102605,2690,45.61338289962825,1.318544211495391,5.268752460011874,1.3225335381867704,3.1194281443510037,6
gen6_cross_1410,fixed,0.005,,,rr,3.0,,,1800,ranging,68.18140523955375,1764.035012948087,2690,45.61338289962825,1.3185442114953907,5.2687524600118785,1.3225335381867704,3.1194281443510032,6
gen7_cross_5163,fixed,0.005,,,rr,3.0,,,800,ranging,68.17388161309562,784.0155613102605,2690,45.61338289962825,1.318544211495391,5.268752460011874,1.3225335381867704,3.1194281443510037,7
gen7_cross_9676,fixed,0.005,,,rr,3.5,,2.5,800,ranging,68.1723114721703,967.2297479185484,2690,45.61338289962825,1.3929838291355958,5.268752460011868,1.528158576310665,3.848397718877214,7
gen5_cross_2192,fixed,0.005,,,rr,3.0,,,1000,ranging,68.16877378464072,980.0194516378258,2690,45.61338289962825,1.3185442114953911,5.2687524600118625,1.3225335381867702,3.1194281443510024,5
gen5_cross_4631,fixed,0.005,,40.0,rr,3.0,,,800,any,68.1682522319818,784.0155613102605,2690,45.61338289962825,1.318544211495391,5.268752460011874,1.3225335381867704,3.1194281443510037,5
gen6_cross_9916,fixed,0.005,,,rr,3.0,,,800,ranging,68.16130474216953,784.0155613102605,2690,45.61338289962825,1.318544211495391,5.268752460011874,1.3225335381867704,3.1194281443510037,6
gen4_cross_3140,fixed,0.005,,,rr,3.0,,,800,ranging,68.1529402437022,784.0155613102605,2690,45.61338289962825,1.318544211495391,5.268752460011874,1.3225335381867704,3.1194281443510037,4
gen7_cross_5394,fixed,0.005,2.5,,rr,3.9000000000000004,,,1600,ranging,68.15116898684059,2036.5918199649723,2690,45.61338289962825,1.4137319253871137,5.268752460011875,1.5767684876587975,4.051578919643202,7
gen5_cross_4396,fixed,0.005,,,rr,3.0,,,800,ranging,68.14888577351262,784.0155613102605,2690,45.61338289962825,1.318544211495391,5.268752460011874,1.3225335381867704,3.1194281443510037,5
gen5_cross_7760,fixed,0.005,2.5,,rr,3.0,,,800,ranging,68.14669217152,784.0155613102605,2690,45.61338289962825,1.318544211495391,5.268752460011874,1.3225335381867704,3.1194281443510037,5
gen7_cross_1561,fixed,0.005,2.5,40.0,rr,3.9000000000000004,,2.5,800,ranging,68.14173759172044,1018.2959099824861,2690,45.61338289962825,1.4137319253871137,5.268752460011875,1.5767684876587975,4.051578919643202,7
gen8_cross_8461,fixed,0.005,,,rr,3.9000000000000004,,,800,ranging,68.13702700148761,1018.2959099824861,2690,45.61338289962825,1.4137319253871137,5.268752460011875,1.5767684876587975,4.051578919643202,8
gen6_cross_7022,fixed,0.005,,,rr,3.5,,,800,ranging,68.1348022311806,967.2297479185484,2690,45.61338289962825,1.3929838291355958,5.268752460011868,1.528158576310665,3.848397718877214,6
gen6_cross_4267,fixed,0.005,,,rr,3.3000000000000003,0.015,,800,ranging,68.12926196681833,913.5691893237471,2690,45.61338289962825,1.3711816339120513,5.268752460011865,1.4717388576585138,3.6348939761167096,6
gen6_cross_5627,fixed,0.005,,,rr,3.0,,,800,trending,68.1243068709676,784.0155613102605,2690,45.61338289962825,1.318544211495391,5.268752460011874,1.3225335381867704,3.1194281443510037,6
gen8_cross_3873,fixed,0.005,,,rr,3.3000000000000003,,,800,volatile,68.12284230449528,913.5691893237471,2690,45.61338289962825,1.3711816339120513,5.268752460011865,1.4717388576585138,3.6348939761167096,8
gen8_cross_3873,fixed,0.005,,,rr,3.3000000000000003,,,800,volatile,68.12284230449528,913.5691893237471,2690,45.61338289962825,1.3711816339120513,5.268752460011865,1.4717388576585138,3.6348939761167096,8
gen9_cross_6486,fixed,0.005,,,rr,3.9000000000000004,,2.5,1100,ranging,68.12282313752755,1400.1568762259185,2690,45.61338289962825,1.4137319253871137,5.268752460011851,1.5767684876587975,4.051578919643202,9
gen6_cross_8129,fixed,0.005,,,rr,3.0,,2.5,800,ranging,68.12179196764056,784.0155613102605,2690,45.61338289962825,1.318544211495391,5.268752460011874,1.3225335381867704,3.1194281443510037,6
gen7_cross_9110,fixed,0.005,,,rr,3.9000000000000004,,2.5,800,ranging,68.1169134401857,1018.2959099824861,2690,45.61338289962825,1.4137319253871137,5.268752460011875,1.5767684876587975,4.051578919643202,7
gen5_cross_1054,fixed,0.005,,,rr,3.0,,,800,any,68.11470907767495,784.0155613102605,2690,45.61338289962825,1.318544211495391,5.268752460011874,1.3225335381867704,3.1194281443510037,5
gen5_cross_1054,fixed,0.005,,,rr,3.0,,,800,any,68.11470907767495,784.0155613102605,2690,45.61338289962825,1.318544211495391,5.268752460011874,1.3225335381867704,3.1194281443510037,5
gen9_cross_8322,fixed,0.005,,,rr,3.9000000000000004,,2.5,800,ranging,68.11376625423992,1018.2959099824861,2690,45.61338289962825,1.4137319253871137,5.268752460011875,1.5767684876587975,4.051578919643202,9
gen9_cross_6027,fixed,0.005,2.5,,rr,3.9000000000000004,,,800,ranging,68.11015269351346,1018.2959099824861,2690,45.61338289962825,1.4137319253871137,5.268752460011875,1.5767684876587975,4.051578919643202,9
gen6_cross_9490,fixed,0.005,,,rr,3.0,,,1300,volatile,68.10981796509274,1274.0252871291732,2690,45.61338289962825,1.318544211495391,5.2687524600118625,1.3225335381867702,3.1194281443510024,6
gen5_cross_4632,fixed,0.005,,,rr,3.0,,,800,ranging,68.10878433742033,784.0155613102605,2690,45.61338289962825,1.318544211495391,5.268752460011874,1.3225335381867704,3.1194281443510037,5
gen8_cross_3436,fixed,0.005,,,rr,3.5,,,800,ranging,68.10406595108225,967.2297479185484,2690,45.61338289962825,1.3929838291355958,5.268752460011868,1.528158576310665,3.848397718877214,8
gen5_cross_6130,fixed,0.005,,40.0,rr,3.0,,,800,volatile,68.10273316520168,784.0155613102605,2690,45.61338289962825,1.318544211495391,5.268752460011874,1.3225335381867704,3.1194281443510037,5
gen6_cross_5107,fixed,0.005,,,rr,3.0,,2.5,800,any,68.10017575885124,784.0155613102605,2690,45.61338289962825,1.318544211495391,5.268752460011874,1.3225335381867704,3.1194281443510037,6
gen5_cross_6022,fixed,0.005,,,rr,3.0,,,800,ranging,68.10016282767076,784.0155613102605,2690,45.61338289962825,1.318544211495391,5.268752460011874,1.3225335381867704,3.1194281443510037,5
gen7_cross_1679,fixed,0.005,,40.0,rr,3.9000000000000004,,,1100,any,68.09706402865257,1400.1568762259185,2690,45.61338289962825,1.4137319253871137,5.268752460011851,1.5767684876587975,4.051578919643202,7
gen7_cross_9366,fixed,0.005,,,rr,3.9000000000000004,,2.5,800,ranging,68.09609587095059,1018.2959099824861,2690,45.61338289962825,1.4137319253871137,5.268752460011875,1.5767684876587975,4.051578919643202,7
gen4_cross_6454,fixed,0.005,,,rr,3.0,,2.5,800,trending,68.09522054050025,784.0155613102605,2690,45.61338289962825,1.318544211495391,5.268752460011874,1.3225335381867704,3.1194281443510037,4
gen5_cross_2743,fixed,0.005,,,rr,3.0,,,800,ranging,68.09156019211177,784.0155613102605,2690,45.61338289962825,1.318544211495391,5.268752460011874,1.3225335381867704,3.1194281443510037,5
gen9_cross_8421,fixed,0.005,,,rr,3.6,,,800,volatile,68.09147409342413,978.6880195676017,2690,45.61338289962825,1.3976393057455856,5.268752460011868,1.5392580454586307,3.8939877005453623,9
gen8_cross_9800,fixed,0.005,,,rr,3.5,,,1100,ranging,68.08992574897246,1329.9409033880038,2690,45.61338289962825,1.3929838291355958,5.268752460011851,1.5281585763106647,3.848397718877213,8
gen6_cross_9612,fixed,0.005,,,rr,3.3000000000000003,0.015,,800,ranging,68.08812844216816,913.5691893237471,2690,45.61338289962825,1.3711816339120513,5.268752460011865,1.4717388576585138,3.6348939761167096,6
gen4_cross_8067,fixed,0.005,,,rr,3.0,,,800,ranging,68.07944077663996,784.0155613102605,2690,45.61338289962825,1.318544211495391,5.268752460011874,1.3225335381867704,3.1194281443510037,4
gen5_cross_4048,fixed,0.005,1.25,,rr,3.0,,,800,trending,68.07622156174813,784.0155613102605,2690,45.61338289962825,1.318544211495391,5.268752460011874,1.3225335381867704,3.1194281443510037,5
gen9_cross_4030,fixed,0.005,,40.0,rr,3.5,,2.5,800,trending,68.0718443078406,967.2297479185484,2690,45.61338289962825,1.3929838291355958,5.268752460011868,1.528158576310665,3.848397718877214,9
gen9_cross_7362,fixed,0.005,,40.0,rr,3.9000000000000004,,,1100,any,68.06876732352629,1400.1568762259185,2690,45.61338289962825,1.4137319253871137,5.268752460011851,1.5767684876587975,4.051578919643202,9
gen8_cross_9456,fixed,0.005,,40.0,rr,3.9000000000000004,,2.5,900,ranging,68.06695306135856,1145.582898730297,2690,45.61338289962825,1.4137319253871135,5.268752460011875,1.5767684876587975,4.051578919643203,8
gen4_cross_5748,fixed,0.005,,,rr,3.0,,,1000,any,68.0665630223442,980.0194516378258,2690,45.61338289962825,1.3185442114953911,5.2687524600118625,1.3225335381867702,3.1194281443510024,4
gen8_cross_8582,fixed,0.005,,,rr,3.9000000000000004,,,900,ranging,68.06534405490983,1145.582898730297,2690,45.61338289962825,1.4137319253871135,5.268752460011875,1.5767684876587975,4.051578919643203,8
gen7_cross_6478,fixed,0.005,,,rr,3.3000000000000003,,2.5,800,any,68.05679253667962,913.5691893237471,2690,45.61338289962825,1.3711816339120513,5.268752460011865,1.4717388576585138,3.6348939761167096,7
gen8_cross_4472,fixed,0.005,,,rr,3.9000000000000004,,,800,ranging,68.05240155372296,1018.2959099824861,2690,45.61338289962825,1.4137319253871137,5.268752460011875,1.5767684876587975,4.051578919643202,8
gen6_cross_2094,fixed,0.005,2.5,,rr,3.0,,,1700,ranging,68.05174898804107,1666.0330677843037,2690,45.61338289962825,1.318544211495391,5.268752460011869,1.3225335381867704,3.1194281443510037,6
gen8_cross_3451,fixed,0.005,,,rr,3.9000000000000004,,,800,any,68.04827466883454,1018.2959099824861,2690,45.61338289962825,1.4137319253871137,5.268752460011875,1.5767684876587975,4.051578919643202,8
gen4_cross_3375,fixed,0.005,,,rr,3.0,,,800,ranging,68.04702932945577,784.0155613102605,2690,45.61338289962825,1.318544211495391,5.268752460011874,1.3225335381867704,3.1194281443510037,4
gen4_cross_3375,fixed,0.005,,,rr,3.0,,,800,ranging,68.04702932945577,784.0155613102605,2690,45.61338289962825,1.318544211495391,5.268752460011874,1.3225335381867704,3.1194281443510037,4
gen5_cross_3656,fixed,0.005,,,rr,3.0,,2.5,1100,ranging,68.04664695806902,1078.0213968016083,2690,45.61338289962825,1.3185442114953907,5.268752460011851,1.3225335381867702,3.1194281443510024,5
gen6_cross_9761,fixed,0.005,,,rr,3.5,,,800,any,68.0454961543412,967.2297479185484,2690,45.61338289962825,1.3929838291355958,5.268752460011868,1.528158576310665,3.848397718877214,6
gen6_cross_9761,fixed,0.005,,,rr,3.5,,,800,any,68.0454961543412,967.2297479185484,2690,45.61338289962825,1.3929838291355958,5.268752460011868,1.528158576310665,3.848397718877214,6
gen6_cross_4444,fixed,0.005,,,rr,3.3000000000000003,,2.5,800,ranging,68.0446519941174,913.5691893237471,2690,45.61338289962825,1.3711816339120513,5.268752460011865,1.4717388576585138,3.6348939761167096,6
gen6_cross_4444,fixed,0.005,,,rr,3.3000000000000003,,2.5,800,ranging,68.0446519941174,913.5691893237471,2690,45.61338289962825,1.3711816339120513,5.268752460011865,1.4717388576585138,3.6348939761167096,6
gen8_cross_7869,fixed,0.005,,40.0,rr,4.0,,,800,ranging,68.04354970971501,1035.495909982486,2690,45.61338289962825,1.4207202566245245,5.26875246001187,1.5926242998528986,4.120013995081205,8
gen6_cross_5673,fixed,0.005,,,rr,3.0,,,800,ranging,68.03851224702623,784.0155613102605,2690,45.61338289962825,1.318544211495391,5.268752460011874,1.3225335381867704,3.1194281443510037,6
gen7_cross_8873,fixed,0.005,,,rr,3.9000000000000004,,2.5,800,ranging,68.03567890060194,1018.2959099824861,2690,45.61338289962825,1.4137319253871137,5.268752460011875,1.5767684876587975,4.051578919643202,7
gen5_cross_8178,fixed,0.005,,,rr,3.0,,2.5,800,ranging,68.033274676544,784.0155613102605,2690,45.61338289962825,1.318544211495391,5.268752460011874,1.3225335381867704,3.1194281443510037,5
gen8_cross_6081,fixed,0.005,,,rr,3.6,,2.5,800,any,68.03323740629412,978.6880195676017,2690,45.61338289962825,1.3976393057455856,5.268752460011868,1.5392580454586307,3.8939877005453623,8
gen5_cross_6409,fixed,0.005,,40.0,rr,3.0,,,800,any,68.03129802297593,784.0155613102605,2690,45.61338289962825,1.318544211495391,5.268752460011874,1.3225335381867704,3.1194281443510037,5
gen4_cross_9902,fixed,0.005,,,rr,3.0,0.015,,1000,ranging,68.02860081293429,980.0194516378258,2690,45.61338289962825,1.3185442114953911,5.2687524600118625,1.3225335381867702,3.1194281443510024,4
gen4_cross_9902,fixed,0.005,,,rr,3.0,0.015,,1000,ranging,68.02860081293429,980.0194516378258,2690,45.61338289962825,1.3185442114953911,5.2687524600118625,1.3225335381867702,3.1194281443510024,4
gen6_cross_2635,fixed,0.005,2.5,,rr,3.0,0.015,,1700,any,68.02429998708135,1666.0330677843037,2690,45.61338289962825,1.318544211495391,5.268752460011869,1.3225335381867704,3.1194281443510037,6
gen6_cross_8477,fixed,0.005,,,rr,3.0,,,800,ranging,68.02331893397877,784.0155613102605,2690,45.61338289962825,1.318544211495391,5.268752460011874,1.3225335381867704,3.1194281443510037,6
gen8_cross_5772,fixed,0.005,,,rr,3.9000000000000004,,,800,ranging,68.02296471437279,1018.2959099824861,2690,45.61338289962825,1.4137319253871137,5.268752460011875,1.5767684876587975,4.051578919643202,8
gen4_cross_4415,fixed,0.005,,,rr,3.0,,,1000,ranging,68.0192810413101,980.0194516378258,2690,45.61338289962825,1.3185442114953911,5.2687524600118625,1.3225335381867702,3.1194281443510024,4
gen5_cross_1054,fixed,0.005,,,rr,3.0,,,1000,ranging,68.01369601127874,980.0194516378258,2690,45.61338289962825,1.3185442114953911,5.2687524600118625,1.3225335381867702,3.1194281443510024,5
gen6_cross_8584,fixed,0.005,,,rr,3.5,,,800,ranging,68.01259756987174,967.2297479185484,2690,45.61338289962825,1.3929838291355958,5.268752460011868,1.528158576310665,3.848397718877214,6
gen6_cross_4339,fixed,0.005,,,rr,3.0,,,800,ranging,68.00886754770204,784.0155613102605,2690,45.61338289962825,1.318544211495391,5.268752460011874,1.3225335381867704,3.1194281443510037,6
gen8_cross_3938,fixed,0.005,,,rr,3.3000000000000003,,2.5,800,ranging,68.00697600795363,913.5691893237471,2690,45.61338289962825,1.3711816339120513,5.268752460011865,1.4717388576585138,3.6348939761167096,8
gen5_cross_1229,fixed,0.005,,40.0,rr,3.0,,,800,ranging,68.00157529184051,784.0155613102605,2690,45.61338289962825,1.318544211495391,5.268752460011874,1.3225335381867704,3.1194281443510037,5
gen6_cross_9307,fixed,0.005,,,rr,3.0,,,800,ranging,67.99600677268737,784.0155613102605,2690,45.61338289962825,1.318544211495391,5.268752460011874,1.3225335381867704,3.1194281443510037,6
gen3_cross_7616,fixed,0.005,,40.0,rr,3.0,,,800,any,67.99475963077926,784.0155613102605,2690,45.61338289962825,1.318544211495391,5.268752460011874,1.3225335381867704,3.1194281443510037,3
gen3_cross_7616,fixed,0.005,,40.0,rr,3.0,,,800,any,67.99475963077926,784.0155613102605,2690,45.61338289962825,1.318544211495391,5.268752460011874,1.3225335381867704,3.1194281443510037,3
gen6_cross_7874,fixed,0.005,,,rr,3.0,,,800,volatile,67.99252100656498,784.0155613102605,2690,45.61338289962825,1.318544211495391,5.268752460011874,1.3225335381867704,3.1194281443510037,6
gen8_cross_8225,fixed,0.005,,40.0,rr,3.9000000000000004,,,900,ranging,67.98818191561482,1145.582898730297,2690,45.61338289962825,1.4137319253871135,5.268752460011875,1.5767684876587975,4.051578919643203,8
gen6_cross_2765,fixed,0.005,,,rr,3.0,,,600,any,67.98689190671683,588.0116709826955,2690,45.61338289962825,1.318544211495391,5.268752460011869,1.3225335381867704,3.1194281443510024,6
gen5_cross_6380,fixed,0.006,,40.0,rr,3.0,,,1000,volatile,67.98657001087997,931.3098192721719,2690,45.687732342007436,1.2763367676284056,6.523417070479512,1.1371039926851372,2.4835563202346047,5
gen7_cross_3454,fixed,0.005,,,rr,3.0,,,800,ranging,67.9858587023522,784.0155613102605,2690,45.61338289962825,1.318544211495391,5.268752460011874,1.3225335381867704,3.1194281443510037,7
gen5_cross_1161,fixed,0.005,,,rr,3.0,0.015,2.5,800,ranging,67.98471022819244,784.0155613102605,2690,45.61338289962825,1.318544211495391,5.268752460011874,1.3225335381867704,3.1194281443510037,5
gen5_cross_7448,fixed,0.005,,40.0,rr,3.0,,2.5,800,any,67.98465729074135,784.0155613102605,2690,45.61338289962825,1.318544211495391,5.268752460011874,1.3225335381867704,3.1194281443510037,5
gen4_cross_9938,fixed,0.005,,,rr,3.0,,,1100,ranging,67.98362658581401,1078.0213968016083,2690,45.61338289962825,1.3185442114953907,5.268752460011851,1.3225335381867702,3.1194281443510024,4
gen6_cross_4217,fixed,0.005,,,rr,3.0,,,800,ranging,67.98357427735012,784.0155613102605,2690,45.61338289962825,1.318544211495391,5.268752460011874,1.3225335381867704,3.1194281443510037,6
gen8_cross_4431,fixed,0.005,,,rr,3.9000000000000004,0.015,,1100,ranging,67.98095756575397,1400.1568762259185,2690,45.61338289962825,1.4137319253871137,5.268752460011851,1.5767684876587975,4.051578919643202,8
gen6_cross_9767,fixed,0.005,,,rr,3.0,,,800,ranging,67.97917033141626,784.0155613102605,2690,45.61338289962825,1.318544211495391,5.268752460011874,1.3225335381867704,3.1194281443510037,6
gen9_cross_6047,fixed,0.005,,,rr,3.9000000000000004,,2.5,800,ranging,67.9770362304932,1018.2959099824861,2690,45.61338289962825,1.4137319253871137,5.268752460011875,1.5767684876587975,4.051578919643202,9
gen4_cross_1089,fixed,0.005,,,rr,3.0,,,800,any,67.97566925120715,784.0155613102605,2690,45.61338289962825,1.318544211495391,5.268752460011874,1.3225335381867704,3.1194281443510037,4
gen9_cross_5210,fixed,0.005,,,rr,3.9000000000000004,,,800,ranging,67.9752789346338,1018.2959099824861,2690,45.61338289962825,1.4137319253871137,5.268752460011875,1.5767684876587975,4.051578919643202,9
gen7_cross_6919,fixed,0.005,2.5,,rr,3.3000000000000003,,2.5,800,ranging,67.97071796239058,913.5691893237471,2690,45.61338289962825,1.3711816339120513,5.268752460011865,1.4717388576585138,3.6348939761167096,7
gen4_cross_8580,fixed,0.005,,,rr,3.0,,,800,ranging,67.97018072129323,784.0155613102605,2690,45.61338289962825,1.318544211495391,5.268752460011874,1.3225335381867704,3.1194281443510037,4
gen9_cross_9178,fixed,0.005,,40.0,rr,3.9000000000000004,,2.5,1700,ranging,67.96764601976264,2163.878808712783,2690,45.61338289962825,1.4137319253871137,5.2687524600118625,1.5767684876587975,4.051578919643203,9
gen6_cross_6837,fixed,0.005,,,rr,3.0,,2.5,800,ranging,67.9558209832386,784.0155613102605,2690,45.61338289962825,1.318544211495391,5.268752460011874,1.3225335381867704,3.1194281443510037,6
gen5_cross_1348,fixed,0.005,,,rr,3.0,,,800,ranging,67.9555423851165,784.0155613102605,2690,45.61338289962825,1.318544211495391,5.268752460011874,1.3225335381867704,3.1194281443510037,5
gen5_cross_9391,fixed,0.005,,,rr,3.0,,,800,ranging,67.95281423894504,784.0155613102605,2690,45.61338289962825,1.318544211495391,5.268752460011874,1.3225335381867704,3.1194281443510037,5
gen5_cross_5975,fixed,0.005,,,rr,3.0,,,800,ranging,67.94988762393345,784.0155613102605,2690,45.61338289962825,1.318544211495391,5.268752460011874,1.3225335381867704,3.1194281443510037,5
gen5_cross_5975,fixed,0.005,,,rr,3.0,,,800,ranging,67.94988762393345,784.0155613102605,2690,45.61338289962825,1.318544211495391,5.268752460011874,1.3225335381867704,3.1194281443510037,5
gen4_cross_6836,fixed,0.005,,,rr,3.0,,,800,ranging,67.9492743311185,784.0155613102605,2690,45.61338289962825,1.318544211495391,5.268752460011874,1.3225335381867704,3.1194281443510037,4
gen7_cross_5147,fixed,0.005,,,rr,3.0,,,800,ranging,67.94832218044401,784.0155613102605,2690,45.61338289962825,1.318544211495391,5.268752460011874,1.3225335381867704,3.1194281443510037,7
gen6_cross_7493,fixed,0.005,,,rr,3.3000000000000003,0.015,2.5,800,any,67.94424442903217,913.5691893237471,2690,45.61338289962825,1.3711816339120513,5.268752460011865,1.4717388576585138,3.6348939761167096,6
gen7_cross_6453,fixed,0.005,,,rr,3.5,,,800,ranging,67.93520136019094,967.2297479185484,2690,45.61338289962825,1.3929838291355958,5.268752460011868,1.528158576310665,3.848397718877214,7
gen7_cross_9201,fixed,0.005,2.5,,rr,3.0,0.015,,800,ranging,67.93339010850481,784.0155613102605,2690,45.61338289962825,1.318544211495391,5.268752460011874,1.3225335381867704,3.1194281443510037,7
gen7_cross_9469,fixed,0.005,,,rr,3.9000000000000004,,2.5,800,ranging,67.92699100071997,1018.2959099824861,2690,45.61338289962825,1.4137319253871137,5.268752460011875,1.5767684876587975,4.051578919643202,7
gen6_cross_1685,fixed,0.005,,,rr,3.0,,,1400,ranging,67.91789955114747,1372.027232292956,2690,45.61338289962825,1.3185442114953907,5.268752460011851,1.3225335381867702,3.1194281443510024,6
gen9_cross_1006,fixed,0.005,,,rr,3.9000000000000004,,2.5,1100,ranging,67.91516763663512,1400.1568762259185,2690,45.61338289962825,1.4137319253871137,5.268752460011851,1.5767684876587975,4.051578919643202,9
gen9_cross_8781,fixed,0.005,,40.0,rr,3.9000000000000004,,2.5,1000,ranging,67.9138531096201,1272.8698874781078,2690,45.61338289962825,1.4137319253871137,5.2687524600118625,1.5767684876587975,4.051578919643202,9
gen5_cross_6665,fixed,0.005,,,rr,3.0,,,800,ranging,67.90671752782619,784.0155613102605,2690,45.61338289962825,1.318544211495391,5.268752460011874,1.3225335381867704,3.1194281443510037,5
gen8_cross_9775,fixed,0.005,,,rr,3.9000000000000004,,2.5,800,any,67.90650441078756,1018.2959099824861,2690,45.61338289962825,1.4137319253871137,5.268752460011875,1.5767684876587975,4.051578919643202,8
gen9_cross_9937,fixed,0.005,,,rr,3.9000000000000004,,,800,ranging,67.90639897402446,1018.2959099824861,2690,45.61338289962825,1.4137319253871137,5.268752460011875,1.5767684876587975,4.051578919643202,9
gen6_cross_7533,fixed,0.005,,,rr,3.0,,,800,ranging,67.90515168965395,784.0155613102605,2690,45.61338289962825,1.318544211495391,5.268752460011874,1.3225335381867704,3.1194281443510037,6
gen6_cross_4714,fixed,0.005,2.5,,rr,3.0,0.015,,800,ranging,67.90258800141629,784.0155613102605,2690,45.61338289962825,1.318544211495391,5.268752460011874,1.3225335381867704,3.1194281443510037,6
gen6_cross_4714,fixed,0.005,2.5,,rr,3.0,0.015,,800,ranging,67.90258800141629,784.0155613102605,2690,45.61338289962825,1.318544211495391,5.268752460011874,1.3225335381867704,3.1194281443510037,6
gen4_cross_1816,fixed,0.005,,,rr,3.0,,2.5,1100,ranging,67.90014895494309,1078.0213968016083,2690,45.61338289962825,1.3185442114953907,5.268752460011851,1.3225335381867702,3.1194281443510024,4
gen4_cross_8384,fixed,0.005,,,rr,3.0,,2.5,1100,ranging,67.8947237523581,1078.0213968016083,2690,45.61338289962825,1.3185442114953907,5.268752460011851,1.3225335381867702,3.1194281443510024,4
gen4_cross_8384,fixed,0.005,,,rr,3.0,,2.5,1100,ranging,67.8947237523581,1078.0213968016083,2690,45.61338289962825,1.3185442114953907,5.268752460011851,1.3225335381867702,3.1194281443510024,4
gen4_cross_6108,fixed,0.005,,,rr,3.0,,2.5,800,ranging,67.89089546486707,784.0155613102605,2690,45.61338289962825,1.318544211495391,5.268752460011874,1.3225335381867704,3.1194281443510037,4
gen5_cross_1590,fixed,0.005,,40.0,rr,3.0,,2.5,800,any,67.8876945606806,784.0155613102605,2690,45.61338289962825,1.318544211495391,5.268752460011874,1.3225335381867704,3.1194281443510037,5
gen6_cross_7418,fixed,0.005,,,rr,3.9000000000000004,,,800,ranging,67.88635999668844,1018.2959099824861,2690,45.61338289962825,1.4137319253871137,5.268752460011875,1.5767684876587975,4.051578919643202,6
gen5_cross_4927,fixed,0.005,,,rr,3.0,,,800,ranging,67.88300012806452,784.0155613102605,2690,45.61338289962825,1.318544211495391,5.268752460011874,1.3225335381867704,3.1194281443510037,5
gen8_cross_1031,fixed,0.005,,40.0,rr,3.3000000000000003,,,900,ranging,67.88144799288213,1027.7653379892154,2690,45.61338289962825,1.3711816339120513,5.268752460011874,1.471738857658514,3.63489397611671,8
gen5_cross_3464,fixed,0.005,,40.0,rr,3.0,,,800,ranging,67.88050610669656,784.0155613102605,2690,45.61338289962825,1.318544211495391,5.268752460011874,1.3225335381867704,3.1194281443510037,5
gen7_cross_4411,fixed,0.005,,,rr,3.9000000000000004,,2.5,800,ranging,67.88031169205297,1018.2959099824861,2690,45.61338289962825,1.4137319253871137,5.268752460011875,1.5767684876587975,4.051578919643202,7
gen9_cross_3059,fixed,0.005,,,rr,3.9000000000000004,,2.5,900,ranging,67.87992984980275,1145.582898730297,2690,45.61338289962825,1.4137319253871135,5.268752460011875,1.5767684876587975,4.051578919643203,9
gen7_cross_7042,fixed,0.005,,,rr,3.0,0.015,,1100,volatile,67.87800927180639,1078.0213968016083,2690,45.61338289962825,1.3185442114953907,5.268752460011851,1.3225335381867702,3.1194281443510024,7
gen9_cross_6203,fixed,0.005,,,rr,3.9000000000000004,,,1300,any,67.87686369318557,1654.7308537215404,2690,45.61338289962825,1.4137319253871137,5.26875246001185,1.576768487658798,4.051578919643202,9
gen5_cross_7583,fixed,0.005,,40.0,rr,3.0,0.015,,800,any,67.87518292223265,784.0155613102605,2690,45.61338289962825,1.318544211495391,5.268752460011874,1.3225335381867704,3.1194281443510037,5
gen6_cross_3375,fixed,0.005,,,rr,3.9000000000000004,,,1100,ranging,67.86321282556963,1400.1568762259185,2690,45.61338289962825,1.4137319253871137,5.268752460011851,1.5767684876587975,4.051578919643202,6
gen6_cross_3572,fixed,0.005,,,rr,3.0,,,1200,ranging,67.85563432476309,1176.023341965391,2690,45.61338289962825,1.318544211495391,5.268752460011869,1.3225335381867704,3.1194281443510024,6
gen6_cross_4293,fixed,0.005,,,rr,3.0,,,800,ranging,67.85238932281669,784.0155613102605,2690,45.61338289962825,1.318544211495391,5.268752460011874,1.3225335381867704,3.1194281443510037,6
gen4_cross_1508,fixed,0.005,,,rr,3.0,,2.5,1100,ranging,67.85029106125909,1078.0213968016083,2690,45.61338289962825,1.3185442114953907,5.268752460011851,1.3225335381867702,3.1194281443510024,4
gen9_cross_5603,fixed,0.005,,,rr,3.9000000000000004,,2.5,800,ranging,67.84782905089453,1018.2959099824861,2690,45.61338289962825,1.4137319253871137,5.268752460011875,1.5767684876587975,4.051578919643202,9
gen6_cross_1182,fixed,0.005,,,rr,3.0,,2.5,800,ranging,67.84449564154676,784.0155613102605,2690,45.61338289962825,1.318544211495391,5.268752460011874,1.3225335381867704,3.1194281443510037,6
gen7_cross_5331,fixed,0.005,,,rr,3.9000000000000004,,2.5,800,ranging,67.84424998719575,1018.2959099824861,2690,45.61338289962825,1.4137319253871137,5.268752460011875,1.5767684876587975,4.051578919643202,7
gen7_cross_3772,fixed,0.005,,40.0,rr,3.9000000000000004,,,800,ranging,67.84359084963768,1018.2959099824861,2690,45.61338289962825,1.4137319253871137,5.268752460011875,1.5767684876587975,4.051578919643202,7
gen5_cross_9456,fixed,0.005,,40.0,rr,3.0,,,800,any,67.83713803567493,784.0155613102605,2690,45.61338289962825,1.318544211495391,5.268752460011874,1.3225335381867704,3.1194281443510037,5
gen5_cross_7858,fixed,0.005,,,rr,3.0,,,800,trending,67.83682266416669,784.0155613102605,2690,45.61338289962825,1.318544211495391,5.268752460011874,1.3225335381867704,3.1194281443510037,5
gen9_cross_1463,fixed,0.005,2.5,40.0,rr,3.5,,,800,any,67.83512758607118,967.2297479185484,2690,45.61338289962825,1.3929838291355958,5.268752460011868,1.528158576310665,3.848397718877214,9
gen6_cross_9881,fixed,0.005,,,rr,3.0,,,1700,ranging,67.83263022860734,1666.0330677843037,2690,45.61338289962825,1.318544211495391,5.268752460011869,1.3225335381867704,3.1194281443510037,6
gen7_cross_4461,fixed,0.005,,,rr,3.3000000000000003,,2.5,800,ranging,67.83100284807429,913.5691893237471,2690,45.61338289962825,1.3711816339120513,5.268752460011865,1.4717388576585138,3.6348939761167096,7
gen7_cross_3280,fixed,0.005,,,rr,3.0,,2.5,800,ranging,67.8292821421854,784.0155613102605,2690,45.61338289962825,1.318544211495391,5.268752460011874,1.3225335381867704,3.1194281443510037,7
gen6_cross_5329,fixed,0.005,,,rr,3.9000000000000004,,2.5,800,ranging,67.82389772731861,1018.2959099824861,2690,45.61338289962825,1.4137319253871137,5.268752460011875,1.5767684876587975,4.051578919643202,6
gen6_cross_5329,fixed,0.005,,,rr,3.9000000000000004,,2.5,800,ranging,67.82389772731861,1018.2959099824861,2690,45.61338289962825,1.4137319253871137,5.268752460011875,1.5767684876587975,4.051578919643202,6
gen6_cross_5329,fixed,0.005,,,rr,3.9000000000000004,,2.5,800,ranging,67.82389772731861,1018.2959099824861,2690,45.61338289962825,1.4137319253871137,5.268752460011875,1.5767684876587975,4.051578919643202,6
gen5_cross_2693,fixed,0.005,,,rr,3.0,,,800,any,67.81204151410816,784.0155613102605,2690,45.61338289962825,1.318544211495391,5.268752460011874,1.3225335381867704,3.1194281443510037,5
gen4_cross_6221,fixed,0.005,,,rr,3.0,,,1100,ranging,67.80065486604057,1078.0213968016083,2690,45.61338289962825,1.3185442114953907,5.268752460011851,1.3225335381867702,3.1194281443510024,4
gen4_cross_6221,fixed,0.005,,,rr,3.0,,,1100,ranging,67.80065486604057,1078.0213968016083,2690,45.61338289962825,1.3185442114953907,5.268752460011851,1.3225335381867702,3.1194281443510024,4
gen5_cross_1887,fixed,0.005,,,rr,3.0,,,1000,ranging,67.79696805451503,980.0194516378258,2690,45.61338289962825,1.3185442114953911,5.2687524600118625,1.3225335381867702,3.1194281443510024,5
gen4_cross_9489,fixed,0.006,,,rr,3.0,,,800,ranging,67.7947502050133,745.0478554177374,2690,45.687732342007436,1.276336767628406,6.523417070479486,1.1371039926851372,2.483556320234605,4
gen5_cross_2787,fixed,0.005,,,rr,3.0,,,800,trending,67.7936335277911,784.0155613102605,2690,45.61338289962825,1.318544211495391,5.268752460011874,1.3225335381867704,3.1194281443510037,5
gen5_cross_2787,fixed,0.005,,,rr,3.0,,,800,trending,67.7936335277911,784.0155613102605,2690,45.61338289962825,1.318544211495391,5.268752460011874,1.3225335381867704,3.1194281443510037,5
gen7_cross_7373,fixed,0.005,,,rr,3.9000000000000004,,2.5,800,ranging,67.79227283274665,1018.2959099824861,2690,45.61338289962825,1.4137319253871137,5.268752460011875,1.5767684876587975,4.051578919643202,7
gen7_cross_7373,fixed,0.005,,,rr,3.9000000000000004,,2.5,800,ranging,67.79227283274665,1018.2959099824861,2690,45.61338289962825,1.4137319253871137,5.268752460011875,1.5767684876587975,4.051578919643202,7
gen7_cross_7373,fixed,0.005,,,rr,3.9000000000000004,,2.5,800,ranging,67.79227283274665,1018.2959099824861,2690,45.61338289962825,1.4137319253871137,5.268752460011875,1.5767684876587975,4.051578919643202,7
gen5_cross_3970,fixed,0.005,,,rr,3.0,0.015,,800,ranging,67.79205656138024,784.0155613102605,2690,45.61338289962825,1.318544211495391,5.268752460011874,1.3225335381867704,3.1194281443510037,5
gen6_cross_5496,fixed,0.005,,,rr,3.0,,,800,ranging,67.79133959471558,784.0155613102605,2690,45.61338289962825,1.318544211495391,5.268752460011874,1.3225335381867704,3.1194281443510037,6
gen4_cross_6380,fixed,0.006,,,rr,3.0,,,800,ranging,67.7884913324177,745.0478554177374,2690,45.687732342007436,1.276336767628406,6.523417070479486,1.1371039926851372,2.483556320234605,4
gen5_cross_3109,fixed,0.005,,,rr,3.0,,,800,ranging,67.78792163654718,784.0155613102605,2690,45.61338289962825,1.318544211495391,5.268752460011874,1.3225335381867704,3.1194281443510037,5
gen5_cross_3109,fixed,0.005,,,rr,3.0,,,800,ranging,67.78792163654718,784.0155613102605,2690,45.61338289962825,1.318544211495391,5.268752460011874,1.3225335381867704,3.1194281443510037,5
gen6_cross_4585,fixed,0.005,,,rr,3.0,,2.5,800,any,67.78589579015141,784.0155613102605,2690,45.61338289962825,1.318544211495391,5.268752460011874,1.3225335381867704,3.1194281443510037,6
gen8_cross_9082,fixed,0.005,,,rr,3.9000000000000004,,,800,ranging,67.78358888582939,1018.2959099824861,2690,45.61338289962825,1.4137319253871137,5.268752460011875,1.5767684876587975,4.051578919643202,8
gen5_cross_6571,fixed,0.005,,,rr,3.0,0.015,,800,ranging,67.78285951322371,784.0155613102605,2690,45.61338289962825,1.318544211495391,5.268752460011874,1.3225335381867704,3.1194281443510037,5
gen9_cross_4004,fixed,0.005,,,rr,3.5,,2.5,800,trending,67.7822317549171,967.2297479185484,2690,45.61338289962825,1.3929838291355958,5.268752460011868,1.528158576310665,3.848397718877214,9
gen6_cross_6660,fixed,0.005,,,rr,3.0,,,800,ranging,67.78089288635339,784.0155613102605,2690,45.61338289962825,1.318544211495391,5.268752460011874,1.3225335381867704,3.1194281443510037,6
gen7_cross_1798,fixed,0.005,,,rr,3.0,,,1100,ranging,67.76884546919874,1078.0213968016083,2690,45.61338289962825,1.3185442114953907,5.268752460011851,1.3225335381867702,3.1194281443510024,7
gen7_cross_2334,fixed,0.005,,,rr,3.9000000000000004,,,800,ranging,67.76854803801326,1018.2959099824861,2690,45.61338289962825,1.4137319253871137,5.268752460011875,1.5767684876587975,4.051578919643202,7
gen5_cross_4196,fixed,0.005,,40.0,rr,3.0,,,800,ranging,67.7684525319201,784.0155613102605,2690,45.61338289962825,1.318544211495391,5.268752460011874,1.3225335381867704,3.1194281443510037,5
gen7_cross_8766,fixed,0.005,,,rr,3.5,,2.5,800,ranging,67.76435537680709,967.2297479185484,2690,45.61338289962825,1.3929838291355958,5.268752460011868,1.528158576310665,3.848397718877214,7
gen5_cross_4220,fixed,0.005,2.5,,rr,3.0,,,800,ranging,67.7640011545295,784.0155613102605,2690,45.61338289962825,1.318544211495391,5.268752460011874,1.3225335381867704,3.1194281443510037,5
gen8_cross_6121,fixed,0.005,,,rr,3.9000000000000004,,2.5,800,ranging,67.76198281782703,1018.2959099824861,2690,45.61338289962825,1.4137319253871137,5.268752460011875,1.5767684876587975,4.051578919643202,8
gen4_cross_5980,fixed,0.006,,,rr,3.0,,,800,trending,67.75927099481235,745.0478554177374,2690,45.687732342007436,1.276336767628406,6.523417070479486,1.1371039926851372,2.483556320234605,4
gen3_cross_9805,fixed,0.005,2.5,,rr,3.0,0.015,,1000,ranging,67.7552637597499,980.0194516378258,2690,45.61338289962825,1.3185442114953911,5.2687524600118625,1.3225335381867702,3.1194281443510024,3
gen6_cross_8545,fixed,0.005,,,rr,3.9000000000000004,,2.5,800,ranging,67.75262629107927,1018.2959099824861,2690,45.61338289962825,1.4137319253871137,5.268752460011875,1.5767684876587975,4.051578919643202,6
gen4_cross_5131,fixed,0.005,2.5,,rr,3.0,,,800,ranging,67.75138618842271,784.0155613102605,2690,45.61338289962825,1.318544211495391,5.268752460011874,1.3225335381867704,3.1194281443510037,4
gen4_cross_1452,fixed,0.005,,,rr,3.0,,,1000,any,67.74652670641693,980.0194516378258,2690,45.61338289962825,1.3185442114953911,5.2687524600118625,1.3225335381867702,3.1194281443510024,4
gen7_cross_9753,fixed,0.005,,40.0,rr,3.9000000000000004,,,800,any,67.74595495410034,1018.2959099824861,2690,45.61338289962825,1.4137319253871137,5.268752460011875,1.5767684876587975,4.051578919643202,7
gen8_cross_7953,fixed,0.005,,,rr,3.5,,2.5,800,ranging,67.74280100902331,967.2297479185484,2690,45.61338289962825,1.3929838291355958,5.268752460011868,1.528158576310665,3.848397718877214,8
gen4_cross_7707,fixed,0.005,,,rr,3.0,0.015,,800,volatile,67.7419807656977,784.0155613102605,2690,45.61338289962825,1.318544211495391,5.268752460011874,1.3225335381867704,3.1194281443510037,4
gen3_cross_4921,fixed,0.006,1.5,,rr,3.0,0.02,,800,trending,67.73900214285736,745.0478554177374,2690,45.687732342007436,1.276336767628406,6.523417070479486,1.1371039926851372,2.483556320234605,3
gen8_cross_7295,fixed,0.005,,,rr,3.9000000000000004,,2.5,800,ranging,67.73551449216656,1018.2959099824861,2690,45.61338289962825,1.4137319253871137,5.268752460011875,1.5767684876587975,4.051578919643202,8
gen7_cross_4459,fixed,0.005,,,rr,3.0,,,800,ranging,67.73366062100689,784.0155613102605,2690,45.61338289962825,1.318544211495391,5.268752460011874,1.3225335381867704,3.1194281443510037,7
gen6_cross_5236,fixed,0.005,,,rr,3.3000000000000003,0.015,,800,ranging,67.7315337408748,913.5691893237471,2690,45.61338289962825,1.3711816339120513,5.268752460011865,1.4717388576585138,3.6348939761167096,6
gen9_cross_6930,fixed,0.005,,,rr,3.3000000000000003,,,800,ranging,67.72957975611347,913.5691893237471,2690,45.61338289962825,1.3711816339120513,5.268752460011865,1.4717388576585138,3.6348939761167096,9
gen4_cross_4463,fixed,0.005,,,rr,3.0,,,800,ranging,67.72895943758,784.0155613102605,2690,45.61338289962825,1.318544211495391,5.268752460011874,1.3225335381867704,3.1194281443510037,4
gen9_cross_4521,fixed,0.005,,,rr,3.9000000000000004,0.015,,800,ranging,67.72812646908338,1018.2959099824861,2690,45.61338289962825,1.4137319253871137,5.268752460011875,1.5767684876587975,4.051578919643202,9
gen4_cross_3344,fixed,0.005,,,rr,3.0,,,800,ranging,67.72740306201146,784.0155613102605,2690,45.61338289962825,1.318544211495391,5.268752460011874,1.3225335381867704,3.1194281443510037,4
gen4_cross_3344,fixed,0.005,,,rr,3.0,,,800,ranging,67.72740306201146,784.0155613102605,2690,45.61338289962825,1.318544211495391,5.268752460011874,1.3225335381867704,3.1194281443510037,4
gen4_cross_3344,fixed,0.005,,,rr,3.0,,,800,ranging,67.72740306201146,784.0155613102605,2690,45.61338289962825,1.318544211495391,5.268752460011874,1.3225335381867704,3.1194281443510037,4
gen6_cross_1176,fixed,0.005,,,rr,3.0,,,800,ranging,67.72657087953901,784.0155613102605,2690,45.61338289962825,1.318544211495391,5.268752460011874,1.3225335381867704,3.1194281443510037,6
gen8_cross_6415,fixed,0.005,,40.0,rr,3.6,,,800,any,67.7242889249139,978.6880195676017,2690,45.61338289962825,1.3976393057455856,5.268752460011868,1.5392580454586307,3.8939877005453623,8
gen7_cross_1312,fixed,0.005,,,rr,3.0,,2.5,800,ranging,67.72159084670646,784.0155613102605,2690,45.61338289962825,1.318544211495391,5.268752460011874,1.3225335381867704,3.1194281443510037,7
gen7_cross_5654,fixed,0.005,,,rr,3.9000000000000004,,2.5,800,ranging,67.7177015198194,1018.2959099824861,2690,45.61338289962825,1.4137319253871137,5.268752460011875,1.5767684876587975,4.051578919643202,7
gen8_cross_2802,fixed,0.005,,,rr,3.3000000000000003,,2.5,800,ranging,67.71566129148778,913.5691893237471,2690,45.61338289962825,1.3711816339120513,5.268752460011865,1.4717388576585138,3.6348939761167096,8
gen4_cross_9448,fixed,0.005,,,rr,3.0,0.015,,1100,volatile,67.71251484511383,1078.0213968016083,2690,45.61338289962825,1.3185442114953907,5.268752460011851,1.3225335381867702,3.1194281443510024,4
gen3_cross_9953,fixed,0.005,,,rr,3.0,,,800,ranging,67.71022994094302,784.0155613102605,2690,45.61338289962825,1.318544211495391,5.268752460011874,1.3225335381867704,3.1194281443510037,3
gen5_cross_9563,fixed,0.005,,,rr,3.0,,,800,ranging,67.70943563761556,784.0155613102605,2690,45.61338289962825,1.318544211495391,5.268752460011874,1.3225335381867704,3.1194281443510037,5
gen8_cross_4474,fixed,0.005,,,rr,3.9000000000000004,,2.5,800,ranging,67.70701804198244,1018.2959099824861,2690,45.61338289962825,1.4137319253871137,5.268752460011875,1.5767684876587975,4.051578919643202,8
gen5_cross_3232,fixed,0.005,,,rr,3.0,,2.5,800,ranging,67.703691828298,784.0155613102605,2690,45.61338289962825,1.318544211495391,5.268752460011874,1.3225335381867704,3.1194281443510037,5
gen6_cross_5644,fixed,0.005,,,rr,3.0,,,1700,ranging,67.70365105551156,1666.0330677843037,2690,45.61338289962825,1.318544211495391,5.268752460011869,1.3225335381867704,3.1194281443510037,6
gen4_cross_7063,fixed,0.005,2.5,,rr,3.0,,,800,ranging,67.7036505640839,784.0155613102605,2690,45.61338289962825,1.318544211495391,5.268752460011874,1.3225335381867704,3.1194281443510037,4
gen4_cross_7063,fixed,0.005,2.5,,rr,3.0,,,800,ranging,67.7036505640839,784.0155613102605,2690,45.61338289962825,1.318544211495391,5.268752460011874,1.3225335381867704,3.1194281443510037,4
gen4_cross_2674,fixed,0.005,,,rr,3.0,,2.5,800,ranging,67.70244667208308,784.0155613102605,2690,45.61338289962825,1.318544211495391,5.268752460011874,1.3225335381867704,3.1194281443510037,4
gen5_cross_9989,fixed,0.005,,,rr,3.0,,,800,ranging,67.70082576348064,784.0155613102605,2690,45.61338289962825,1.318544211495391,5.268752460011874,1.3225335381867704,3.1194281443510037,5
gen5_cross_9989,fixed,0.005,,,rr,3.0,,,800,ranging,67.70082576348064,784.0155613102605,2690,45.61338289962825,1.318544211495391,5.268752460011874,1.3225335381867704,3.1194281443510037,5
gen4_cross_2150,fixed,0.005,,,rr,3.0,,2.5,800,trending,67.70058710425472,784.0155613102605,2690,45.61338289962825,1.318544211495391,5.268752460011874,1.3225335381867704,3.1194281443510037,4
gen7_cross_7734,fixed,0.005,,,rr,3.5,,,800,ranging,67.69998525987083,967.2297479185484,2690,45.61338289962825,1.3929838291355958,5.268752460011868,1.528158576310665,3.848397718877214,7
gen9_cross_9133,fixed,0.005,,,rr,3.9000000000000004,,,800,ranging,67.69738932538142,1018.2959099824861,2690,45.61338289962825,1.4137319253871137,5.268752460011875,1.5767684876587975,4.051578919643202,9
gen2_cross_7534,fixed,0.006,1.25,,rr,3.0,,2.5,800,trending,67.69688318961826,745.0478554177374,2690,45.687732342007436,1.276336767628406,6.523417070479486,1.1371039926851372,2.483556320234605,2
gen2_cross_7534,fixed,0.006,1.25,,rr,3.0,,2.5,800,trending,67.69688318961826,745.0478554177374,2690,45.687732342007436,1.276336767628406,6.523417070479486,1.1371039926851372,2.483556320234605,2
gen6_cross_1366,fixed,0.005,,,rr,3.3000000000000003,0.015,,1100,ranging,67.69381902246495,1256.1576353201517,2690,45.61338289962825,1.3711816339120513,5.268752460011851,1.471738857658514,3.6348939761167096,6
gen6_cross_1381,fixed,0.005,,,rr,3.0,0.015,,800,ranging,67.68325655891039,784.0155613102605,2690,45.61338289962825,1.318544211495391,5.268752460011874,1.3225335381867704,3.1194281443510037,6
gen4_cross_7605,fixed,0.005,,,rr,3.0,,2.5,800,ranging,67.68019485285339,784.0155613102605,2690,45.61338289962825,1.318544211495391,5.268752460011874,1.3225335381867704,3.1194281443510037,4
gen4_cross_7605,fixed,0.005,,,rr,3.0,,2.5,800,ranging,67.68019485285339,784.0155613102605,2690,45.61338289962825,1.318544211495391,5.268752460011874,1.3225335381867704,3.1194281443510037,4
gen6_cross_6747,fixed,0.005,,,rr,3.0,,,800,ranging,67.67859696943016,784.0155613102605,2690,45.61338289962825,1.318544211495391,5.268752460011874,1.3225335381867704,3.1194281443510037,6
gen7_cross_5160,fixed,0.005,,,rr,3.5,,,800,ranging,67.67707222918182,967.2297479185484,2690,45.61338289962825,1.3929838291355958,5.268752460011868,1.528158576310665,3.848397718877214,7
gen4_cross_7146,fixed,0.005,,,rr,3.0,,2.5,800,ranging,67.67626169897085,784.0155613102605,2690,45.61338289962825,1.318544211495391,5.268752460011874,1.3225335381867704,3.1194281443510037,4
gen6_cross_6263,fixed,0.005,,,rr,3.3000000000000003,0.015,,800,ranging,67.6759035417555,913.5691893237471,2690,45.61338289962825,1.3711816339120513,5.268752460011865,1.4717388576585138,3.6348939761167096,6
gen3_cross_2108,fixed,0.006,,,rr,3.0,,,800,ranging,67.67251914533394,745.0478554177374,2690,45.687732342007436,1.276336767628406,6.523417070479486,1.1371039926851372,2.483556320234605,3
gen6_cross_4288,fixed,0.005,2.5,,rr,3.0,,,1700,ranging,67.67084530954386,1666.0330677843037,2690,45.61338289962825,1.318544211495391,5.268752460011869,1.3225335381867704,3.1194281443510037,6
gen9_cross_7259,fixed,0.005,,,rr,3.9000000000000004,,,800,any,67.66659595632848,1018.2959099824861,2690,45.61338289962825,1.4137319253871137,5.268752460011875,1.5767684876587975,4.051578919643202,9
gen5_cross_7000,fixed,0.005,,,rr,3.0,,,800,ranging,67.66034071181059,784.0155613102605,2690,45.61338289962825,1.318544211495391,5.268752460011874,1.3225335381867704,3.1194281443510037,5
gen8_cross_4964,fixed,0.005,,,rr,3.9000000000000004,,,800,ranging,67.65616889007823,1018.2959099824861,2690,45.61338289962825,1.4137319253871137,5.268752460011875,1.5767684876587975,4.051578919643202,8
gen8_cross_8617,fixed,0.005,,,rr,3.9000000000000004,,,800,ranging,67.65171171987994,1018.2959099824861,2690,45.61338289962825,1.4137319253871137,5.268752460011875,1.5767684876587975,4.051578919643202,8
gen6_cross_9331,fixed,0.005,,40.0,rr,3.9000000000000004,,,1100,any,67.64699463695727,1400.1568762259185,2690,45.61338289962825,1.4137319253871137,5.268752460011851,1.5767684876587975,4.051578919643202,6
gen6_cross_9331,fixed,0.005,,40.0,rr,3.9000000000000004,,,1100,any,67.64699463695727,1400.1568762259185,2690,45.61338289962825,1.4137319253871137,5.268752460011851,1.5767684876587975,4.051578919643202,6
gen6_cross_7144,fixed,0.005,,,rr,3.3000000000000003,0.015,2.5,800,ranging,67.64441528735365,913.5691893237471,2690,45.61338289962825,1.3711816339120513,5.268752460011865,1.4717388576585138,3.6348939761167096,6
gen8_cross_1854,fixed,0.005,,,rr,3.9000000000000004,,2.5,800,ranging,67.64162623157507,1018.2959099824861,2690,45.61338289962825,1.4137319253871137,5.268752460011875,1.5767684876587975,4.051578919643202,8
gen8_cross_1854,fixed,0.005,,,rr,3.9000000000000004,,2.5,800,ranging,67.64162623157507,1018.2959099824861,2690,45.61338289962825,1.4137319253871137,5.268752460011875,1.5767684876587975,4.051578919643202,8
gen5_cross_5446,fixed,0.005,,,rr,3.0,,,800,ranging,67.64147486781997,784.0155613102605,2690,45.61338289962825,1.318544211495391,5.268752460011874,1.3225335381867704,3.1194281443510037,5
gen5_cross_5446,fixed,0.005,,,rr,3.0,,,800,ranging,67.64147486781997,784.0155613102605,2690,45.61338289962825,1.318544211495391,5.268752460011874,1.3225335381867704,3.1194281443510037,5
gen3_cross_6921,fixed,0.005,,,rr,3.0,,2.5,800,trending,67.6380486224154,784.0155613102605,2690,45.61338289962825,1.318544211495391,5.268752460011874,1.3225335381867704,3.1194281443510037,3
gen3_cross_6921,fixed,0.005,,,rr,3.0,,2.5,800,trending,67.6380486224154,784.0155613102605,2690,45.61338289962825,1.318544211495391,5.268752460011874,1.3225335381867704,3.1194281443510037,3
gen8_cross_7973,fixed,0.005,,,rr,3.3000000000000003,,,800,any,67.63771310646598,913.5691893237471,2690,45.61338289962825,1.3711816339120513,5.268752460011865,1.4717388576585138,3.6348939761167096,8
gen8_cross_1595,fixed,0.005,,,rr,3.5,,,800,ranging,67.63691432765549,967.2297479185484,2690,45.61338289962825,1.3929838291355958,5.268752460011868,1.528158576310665,3.848397718877214,8
gen6_cross_7942,fixed,0.005,,,rr,3.0,,,800,ranging,67.63651813761338,784.0155613102605,2690,45.61338289962825,1.318544211495391,5.268752460011874,1.3225335381867704,3.1194281443510037,6
gen7_cross_2016,fixed,0.005,,40.0,rr,3.9000000000000004,,2.5,800,ranging,67.63509053388147,1018.2959099824861,2690,45.61338289962825,1.4137319253871137,5.268752460011875,1.5767684876587975,4.051578919643202,7
gen9_cross_7891,fixed,0.005,,,rr,3.9000000000000004,,2.5,800,any,67.63170926613917,1018.2959099824861,2690,45.61338289962825,1.4137319253871137,5.268752460011875,1.5767684876587975,4.051578919643202,9
gen4_cross_9645,fixed,0.006,,,rr,3.0,,,800,any,67.62790584234041,745.0478554177374,2690,45.687732342007436,1.276336767628406,6.523417070479486,1.1371039926851372,2.483556320234605,4
gen9_cross_8184,fixed,0.005,,,rr,3.9000000000000004,,,800,volatile,67.62175999849362,1018.2959099824861,2690,45.61338289962825,1.4137319253871137,5.268752460011875,1.5767684876587975,4.051578919643202,9
gen4_cross_3682,fixed,0.005,,,rr,3.0,,2.5,800,trending,67.61506943039393,784.0155613102605,2690,45.61338289962825,1.318544211495391,5.268752460011874,1.3225335381867704,3.1194281443510037,4
gen4_cross_3682,fixed,0.005,,,rr,3.0,,2.5,800,trending,67.61506943039393,784.0155613102605,2690,45.61338289962825,1.318544211495391,5.268752460011874,1.3225335381867704,3.1194281443510037,4
gen9_cross_9628,fixed,0.005,,,rr,3.3000000000000003,,,800,any,67.61407322448763,913.5691893237471,2690,45.61338289962825,1.3711816339120513,5.268752460011865,1.4717388576585138,3.6348939761167096,9
gen8_cross_2760,fixed,0.005,,40.0,rr,3.9000000000000004,,2.5,800,ranging,67.60680312161966,1018.2959099824861,2690,45.61338289962825,1.4137319253871137,5.268752460011875,1.5767684876587975,4.051578919643202,8
gen8_cross_2760,fixed,0.005,,40.0,rr,3.9000000000000004,,2.5,800,ranging,67.60680312161966,1018.2959099824861,2690,45.61338289962825,1.4137319253871137,5.268752460011875,1.5767684876587975,4.051578919643202,8
gen5_cross_8846,fixed,0.005,,40.0,rr,3.0,,,800,ranging,67.60232997935356,784.0155613102605,2690,45.61338289962825,1.318544211495391,5.268752460011874,1.3225335381867704,3.1194281443510037,5
gen7_cross_1058,fixed,0.005,2.5,,rr,3.0,0.015,,800,ranging,67.60225107015926,784.0155613102605,2690,45.61338289962825,1.318544211495391,5.268752460011874,1.3225335381867704,3.1194281443510037,7
gen5_cross_1413,fixed,0.005,,,rr,3.0,,,1100,ranging,67.60194916180504,1078.0213968016083,2690,45.61338289962825,1.3185442114953907,5.268752460011851,1.3225335381867702,3.1194281443510024,5
gen6_cross_2001,fixed,0.005,,,rr,3.0,0.015,,800,ranging,67.59762754816022,784.0155613102605,2690,45.61338289962825,1.318544211495391,5.268752460011874,1.3225335381867704,3.1194281443510037,6
gen9_cross_9457,fixed,0.005,,,rr,3.5,0.015,,800,ranging,67.58603251337858,967.2297479185484,2690,45.61338289962825,1.3929838291355958,5.268752460011868,1.528158576310665,3.848397718877214,9
gen8_cross_2937,fixed,0.005,,,rr,3.7,,2.5,800,ranging,67.5837476885015,986.3482310547181,2690,45.61338289962825,1.4007516368630615,5.268752460011868,1.5463290173137023,3.9244660232774473,8
gen4_cross_2993,fixed,0.006,,,rr,3.0,,,800,ranging,67.58301530749632,745.0478554177374,2690,45.687732342007436,1.276336767628406,6.523417070479486,1.1371039926851372,2.483556320234605,4
gen5_cross_3216,fixed,0.005,,,rr,3.0,,,800,ranging,67.58283307999329,784.0155613102605,2690,45.61338289962825,1.318544211495391,5.268752460011874,1.3225335381867704,3.1194281443510037,5
gen4_cross_9493,fixed,0.006,,,rr,3.0,,,800,ranging,67.58219424113469,745.0478554177374,2690,45.687732342007436,1.276336767628406,6.523417070479486,1.1371039926851372,2.483556320234605,4
gen8_cross_5729,fixed,0.005,,,rr,3.9000000000000004,,,800,ranging,67.5808862407027,1018.2959099824861,2690,45.61338289962825,1.4137319253871137,5.268752460011875,1.5767684876587975,4.051578919643202,8
gen6_cross_3229,fixed,0.005,,,rr,3.0,,,800,ranging,67.58050915161421,784.0155613102605,2690,45.61338289962825,1.318544211495391,5.268752460011874,1.3225335381867704,3.1194281443510037,6
gen5_cross_8677,fixed,0.005,,,rr,3.0,,,1000,ranging,67.57522882844533,980.0194516378258,2690,45.61338289962825,1.3185442114953911,5.2687524600118625,1.3225335381867702,3.1194281443510024,5
gen7_cross_5260,fixed,0.005,,,rr,3.0,,,800,ranging,67.5746894935918,784.0155613102605,2690,45.61338289962825,1.318544211495391,5.268752460011874,1.3225335381867704,3.1194281443510037,7
gen5_cross_4810,fixed,0.005,,40.0,rr,3.0,,,800,trending,67.5721346835081,784.0155613102605,2690,45.61338289962825,1.318544211495391,5.268752460011874,1.3225335381867704,3.1194281443510037,5
gen7_cross_3568,fixed,0.005,,,rr,3.0,,,800,ranging,67.56620711068686,784.0155613102605,2690,45.61338289962825,1.318544211495391,5.268752460011874,1.3225335381867704,3.1194281443510037,7
gen7_cross_5783,fixed,0.005,,40.0,rr,3.9000000000000004,,,1100,ranging,67.56561214767073,1400.1568762259185,2690,45.61338289962825,1.4137319253871137,5.268752460011851,1.5767684876587975,4.051578919643202,7
gen5_cross_5631,fixed,0.005,,,rr,2.9000000000000004,,,800,ranging,67.56303163799807,732.0452215699744,2690,45.61338289962825,1.2974287493659786,5.268381706765461,1.2579637291551944,2.912649416405351,5
gen5_cross_6750,fixed,0.005,,40.0,rr,3.0,,,800,any,67.56298073786408,784.0155613102605,2690,45.61338289962825,1.318544211495391,5.268752460011874,1.3225335381867704,3.1194281443510037,5
gen4_cross_5186,fixed,0.005,,,rr,3.0,,,800,ranging,67.56202692838559,784.0155613102605,2690,45.61338289962825,1.318544211495391,5.268752460011874,1.3225335381867704,3.1194281443510037,4
gen6_cross_5483,fixed,0.005,,,rr,3.9000000000000004,,,1100,ranging,67.55492951084477,1400.1568762259185,2690,45.61338289962825,1.4137319253871137,5.268752460011851,1.5767684876587975,4.051578919643202,6
gen5_cross_6284,fixed,0.005,,40.0,rr,3.0,,,800,any,67.55455665342231,784.0155613102605,2690,45.61338289962825,1.318544211495391,5.268752460011874,1.3225335381867704,3.1194281443510037,5
gen7_cross_2237,fixed,0.005,,,rr,3.0,,,1500,ranging,67.54984693260852,1470.0291774567384,2690,45.61338289962825,1.318544211495391,5.268752460011865,1.3225335381867704,3.1194281443510037,7
gen7_cross_8448,fixed,0.005,,,rr,2.7,,,1100,ranging,67.54983495458569,855.3015130703607,2690,45.61338289962825,1.2527327814458522,5.347644666966313,1.111993088468442,2.4749523707911076,7
gen5_cross_1269,fixed,0.005,,,rr,3.0,0.015,,800,ranging,67.54888732047473,784.0155613102605,2690,45.61338289962825,1.318544211495391,5.268752460011874,1.3225335381867704,3.1194281443510037,5
gen4_cross_5828,fixed,0.005,2.5,,rr,3.0,0.015,,1000,ranging,67.54374521067429,980.0194516378258,2690,45.61338289962825,1.3185442114953911,5.2687524600118625,1.3225335381867702,3.1194281443510024,4
gen5_cross_1238,fixed,0.005,,40.0,rr,3.0,,,800,any,67.54223385569279,784.0155613102605,2690,45.61338289962825,1.318544211495391,5.268752460011874,1.3225335381867704,3.1194281443510037,5
gen5_cross_1238,fixed,0.005,,40.0,rr,3.0,,,800,any,67.54223385569279,784.0155613102605,2690,45.61338289962825,1.318544211495391,5.268752460011874,1.3225335381867704,3.1194281443510037,5
gen3_cross_3280,fixed,0.005,,,rr,3.0,,,800,ranging,67.54164812325365,784.0155613102605,2690,45.61338289962825,1.318544211495391,5.268752460011874,1.3225335381867704,3.1194281443510037,3
gen5_cross_5906,fixed,0.005,,,rr,3.0,,,800,trending,67.53817627358649,784.0155613102605,2690,45.61338289962825,1.318544211495391,5.268752460011874,1.3225335381867704,3.1194281443510037,5
gen4_cross_5147,fixed,0.006,,,rr,3.0,,,800,any,67.53683499808277,745.0478554177374,2690,45.687732342007436,1.276336767628406,6.523417070479486,1.1371039926851372,2.483556320234605,4
gen5_cross_9259,fixed,0.005,,,rr,3.0,,,800,trending,67.53554310742255,784.0155613102605,2690,45.61338289962825,1.318544211495391,5.268752460011874,1.3225335381867704,3.1194281443510037,5
gen5_cross_2917,fixed,0.005,,,rr,3.0,,,800,trending,67.5325140770638,784.0155613102605,2690,45.61338289962825,1.318544211495391,5.268752460011874,1.3225335381867704,3.1194281443510037,5
gen5_cross_9733,fixed,0.005,,,rr,3.0,,,800,trending,67.53094856103617,784.0155613102605,2690,45.61338289962825,1.318544211495391,5.268752460011874,1.3225335381867704,3.1194281443510037,5
gen7_cross_6437,fixed,0.005,,,rr,3.5,,2.5,800,any,67.51507147829385,967.2297479185484,2690,45.61338289962825,1.3929838291355958,5.268752460011868,1.528158576310665,3.848397718877214,7
gen4_cross_2606,fixed,0.005,,,rr,3.0,0.015,,1100,ranging,67.51464710426897,1078.0213968016083,2690,45.61338289962825,1.3185442114953907,5.268752460011851,1.3225335381867702,3.1194281443510024,4
gen1_cross_7949,fixed,0.006,1.25,,rr,3.0,,,800,trending,67.51351880005008,745.0478554177374,2690,45.687732342007436,1.276336767628406,6.523417070479486,1.1371039926851372,2.483556320234605,1
gen1_cross_7949,fixed,0.006,1.25,,rr,3.0,,,800,trending,67.51351880005008,745.0478554177374,2690,45.687732342007436,1.276336767628406,6.523417070479486,1.1371039926851372,2.483556320234605,1
gen1_cross_7949,fixed,0.006,1.25,,rr,3.0,,,800,trending,67.51351880005008,745.0478554177374,2690,45.687732342007436,1.276336767628406,6.523417070479486,1.1371039926851372,2.483556320234605,1
gen5_cross_5408,fixed,0.005,,40.0,rr,3.0,,,800,ranging,67.51252658948455,784.0155613102605,2690,45.61338289962825,1.318544211495391,5.268752460011874,1.3225335381867704,3.1194281443510037,5
gen4_cross_5206,fixed,0.005,,40.0,rr,3.0,,,1000,any,67.5118225609298,980.0194516378258,2690,45.61338289962825,1.3185442114953911,5.2687524600118625,1.3225335381867702,3.1194281443510024,4
gen4_cross_4155,fixed,0.005,,,rr,3.0,,,800,ranging,67.5062893136005,784.0155613102605,2690,45.61338289962825,1.318544211495391,5.268752460011874,1.3225335381867704,3.1194281443510037,4
gen8_cross_6162,fixed,0.005,,,rr,3.3000000000000003,,,800,ranging,67.50624582678778,913.5691893237471,2690,45.61338289962825,1.3711816339120513,5.268752460011865,1.4717388576585138,3.6348939761167096,8
gen7_cross_2176,fixed,0.005,,,rr,3.3000000000000003,,2.5,800,ranging,67.50109589184109,913.5691893237471,2690,45.61338289962825,1.3711816339120513,5.268752460011865,1.4717388576585138,3.6348939761167096,7
gen4_cross_6832,fixed,0.005,,,rr,3.0,,,1900,ranging,67.49625605822857,1862.0369581118687,2690,45.61338289962825,1.318544211495391,5.268752460011868,1.3225335381867702,3.1194281443510024,4
gen4_cross_6952,fixed,0.006,,,rr,3.0,0.015,,800,ranging,67.49490185239439,745.0478554177374,2690,45.687732342007436,1.276336767628406,6.523417070479486,1.1371039926851372,2.483556320234605,4
gen8_cross_7272,fixed,0.005,2.5,40.0,rr,3.9000000000000004,,2.5,1100,ranging,67.48898604552318,1400.1568762259185,2690,45.61338289962825,1.4137319253871137,5.268752460011851,1.5767684876587975,4.051578919643202,8
gen7_cross_8354,fixed,0.005,,,rr,3.9000000000000004,,,1100,ranging,67.48645239475417,1400.1568762259185,2690,45.61338289962825,1.4137319253871137,5.268752460011851,1.5767684876587975,4.051578919643202,7
gen6_cross_8159,fixed,0.005,,,rr,3.0,,2.5,800,ranging,67.4854920327976,784.0155613102605,2690,45.61338289962825,1.318544211495391,5.268752460011874,1.3225335381867704,3.1194281443510037,6
gen3_cross_8957,fixed,0.005,,,rr,3.0,,,800,trending,67.48204533289874,784.0155613102605,2690,45.61338289962825,1.318544211495391,5.268752460011874,1.3225335381867704,3.1194281443510037,3
gen3_cross_4295,fixed,0.006,,,rr,3.0,,2.5,800,trending,67.48187427474768,745.0478554177374,2690,45.687732342007436,1.276336767628406,6.523417070479486,1.1371039926851372,2.483556320234605,3
gen4_cross_9018,fixed,0.005,,,rr,3.0,0.015,,800,ranging,67.47856734502247,784.0155613102605,2690,45.61338289962825,1.318544211495391,5.268752460011874,1.3225335381867704,3.1194281443510037,4
gen5_cross_2877,fixed,0.005,,,rr,3.0,,,1100,ranging,67.47819189248132,1078.0213968016083,2690,45.61338289962825,1.3185442114953907,5.268752460011851,1.3225335381867702,3.1194281443510024,5
gen8_cross_6705,fixed,0.005,2.5,40.0,rr,3.9000000000000004,,,800,ranging,67.47707148089209,1018.2959099824861,2690,45.61338289962825,1.4137319253871137,5.268752460011875,1.5767684876587975,4.051578919643202,8
gen6_cross_8415,fixed,0.005,,,rr,3.0,,2.5,800,ranging,67.47604156809976,784.0155613102605,2690,45.61338289962825,1.318544211495391,5.268752460011874,1.3225335381867704,3.1194281443510037,6
gen6_cross_8415,fixed,0.005,,,rr,3.0,,2.5,800,ranging,67.47604156809976,784.0155613102605,2690,45.61338289962825,1.318544211495391,5.268752460011874,1.3225335381867704,3.1194281443510037,6
gen6_cross_2057,fixed,0.005,,,rr,3.0,0.015,,800,volatile,67.47006832681762,784.0155613102605,2690,45.61338289962825,1.318544211495391,5.268752460011874,1.3225335381867704,3.1194281443510037,6
gen3_cross_8889,fixed,0.006,,,rr,3.0,,2.5,900,volatile,67.46663501081791,838.1788373449544,2690,45.687732342007436,1.2763367676284059,6.523417070479532,1.1371039926851372,2.483556320234605,3
gen6_cross_3963,fixed,0.005,,,rr,3.0,,2.5,800,ranging,67.4665639024966,784.0155613102605,2690,45.61338289962825,1.318544211495391,5.268752460011874,1.3225335381867704,3.1194281443510037,6
gen3_cross_7431,fixed,0.006,1.25,,rr,3.0,,,800,ranging,67.46365609338251,745.0478554177374,2690,45.687732342007436,1.276336767628406,6.523417070479486,1.1371039926851372,2.483556320234605,3
gen3_cross_7431,fixed,0.006,1.25,,rr,3.0,,,800,ranging,67.46365609338251,745.0478554177374,2690,45.687732342007436,1.276336767628406,6.523417070479486,1.1371039926851372,2.483556320234605,3
gen8_cross_7467,fixed,0.005,,40.0,rr,3.9000000000000004,,,1100,ranging,67.46113813016362,1400.1568762259185,2690,45.61338289962825,1.4137319253871137,5.268752460011851,1.5767684876587975,4.051578919643202,8
gen9_cross_4302,fixed,0.005,,40.0,rr,3.9000000000000004,,,1100,any,67.45938012309692,1400.1568762259185,2690,45.61338289962825,1.4137319253871137,5.268752460011851,1.5767684876587975,4.051578919643202,9
gen5_cross_1952,fixed,0.005,,,rr,3.0,,,800,ranging,67.4568121145518,784.0155613102605,2690,45.61338289962825,1.318544211495391,5.268752460011874,1.3225335381867704,3.1194281443510037,5
gen9_cross_7261,fixed,0.005,,,rr,3.9000000000000004,,2.5,1100,ranging,67.45401607031384,1400.1568762259185,2690,45.61338289962825,1.4137319253871137,5.268752460011851,1.5767684876587975,4.051578919643202,9
gen4_cross_9562,fixed,0.006,1.25,,rr,3.0,,,800,any,67.45288252890134,745.0478554177374,2690,45.687732342007436,1.276336767628406,6.523417070479486,1.1371039926851372,2.483556320234605,4
gen7_cross_9681,fixed,0.005,,40.0,rr,3.0,,,800,ranging,67.45211676116367,784.0155613102605,2690,45.61338289962825,1.318544211495391,5.268752460011874,1.3225335381867704,3.1194281443510037,7
gen6_cross_4382,fixed,0.005,,,rr,3.3000000000000003,,2.5,1000,trending,67.44928297684817,1141.9614866546838,2690,45.61338289962825,1.3711816339120515,5.2687524600118625,1.4717388576585138,3.6348939761167096,6
gen8_cross_2720,fixed,0.005,,40.0,rr,3.7,,2.5,800,ranging,67.43700819211001,986.3482310547181,2690,45.61338289962825,1.4007516368630615,5.268752460011868,1.5463290173137023,3.9244660232774473,8
gen8_cross_2720,fixed,0.005,,40.0,rr,3.7,,2.5,800,ranging,67.43700819211001,986.3482310547181,2690,45.61338289962825,1.4007516368630615,5.268752460011868,1.5463290173137023,3.9244660232774473,8
gen9_cross_1881,fixed,0.005,,40.0,rr,3.9000000000000004,,,800,ranging,67.43442766402411,1018.2959099824861,2690,45.61338289962825,1.4137319253871137,5.268752460011875,1.5767684876587975,4.051578919643202,9
gen5_cross_6151,fixed,0.005,2.5,,rr,3.0,,,1100,ranging,67.43405179635498,1078.0213968016083,2690,45.61338289962825,1.3185442114953907,5.268752460011851,1.3225335381867702,3.1194281443510024,5
gen3_cross_5144,fixed,0.006,,,rr,3.0,,,800,trending,67.42740332664053,745.0478554177374,2690,45.687732342007436,1.276336767628406,6.523417070479486,1.1371039926851372,2.483556320234605,3
gen8_cross_7541,fixed,0.005,,,rr,3.9000000000000004,,,800,ranging,67.42640564882883,1018.2959099824861,2690,45.61338289962825,1.4137319253871137,5.268752460011875,1.5767684876587975,4.051578919643202,8
gen6_cross_8291,fixed,0.005,,,rr,3.0,,,1000,trending,67.41886660310531,980.0194516378258,2690,45.61338289962825,1.3185442114953911,5.2687524600118625,1.3225335381867702,3.1194281443510024,6
gen5_cross_9714,fixed,0.005,,,rr,3.0,0.015,,800,ranging,67.41639031133573,784.0155613102605,2690,45.61338289962825,1.318544211495391,5.268752460011874,1.3225335381867704,3.1194281443510037,5
gen5_cross_6711,fixed,0.005,,,rr,3.0,,,800,ranging,67.41441407866205,784.0155613102605,2690,45.61338289962825,1.318544211495391,5.268752460011874,1.3225335381867704,3.1194281443510037,5
gen3_cross_3093,fixed,0.006,,,rr,3.0,,,800,ranging,67.40954360675357,745.0478554177374,2690,45.687732342007436,1.276336767628406,6.523417070479486,1.1371039926851372,2.483556320234605,3
gen5_cross_6005,fixed,0.005,,,rr,3.0,0.015,2.5,1700,any,67.4090035247531,1666.0330677843037,2690,45.61338289962825,1.318544211495391,5.268752460011869,1.3225335381867704,3.1194281443510037,5
gen5_cross_4268,fixed,0.005,,,rr,3.0,,,800,volatile,67.4089565066078,784.0155613102605,2690,45.61338289962825,1.318544211495391,5.268752460011874,1.3225335381867704,3.1194281443510037,5
gen9_cross_9165,fixed,0.005,,,rr,3.6,,2.5,800,ranging,67.40823960927904,978.6880195676017,2690,45.61338289962825,1.3976393057455856,5.268752460011868,1.5392580454586307,3.8939877005453623,9
gen4_cross_1915,fixed,0.005,,,rr,3.0,,,1000,ranging,67.40678581320864,980.0194516378258,2690,45.61338289962825,1.3185442114953911,5.2687524600118625,1.3225335381867702,3.1194281443510024,4
gen7_cross_7866,fixed,0.005,,40.0,rr,3.0,,,1100,ranging,67.40117724371946,1078.0213968016083,2690,45.61338289962825,1.3185442114953907,5.268752460011851,1.3225335381867702,3.1194281443510024,7
gen3_cross_6735,fixed,0.005,,,rr,3.0,0.015,,1100,ranging,67.40100534058678,1078.0213968016083,2690,45.61338289962825,1.3185442114953907,5.268752460011851,1.3225335381867702,3.1194281443510024,3
gen8_cross_4374,fixed,0.005,,,rr,3.9000000000000004,,,800,ranging,67.39773199344992,1018.2959099824861,2690,45.61338289962825,1.4137319253871137,5.268752460011875,1.5767684876587975,4.051578919643202,8
gen5_cross_1024,fixed,0.005,,,rr,3.0,0.015,,1000,ranging,67.3964740560543,980.0194516378258,2690,45.61338289962825,1.3185442114953911,5.2687524600118625,1.3225335381867702,3.1194281443510024,5
gen8_cross_1784,fixed,0.005,,,rr,3.9000000000000004,,2.5,800,ranging,67.3960915934371,1018.2959099824861,2690,45.61338289962825,1.4137319253871137,5.268752460011875,1.5767684876587975,4.051578919643202,8
gen4_cross_9425,fixed,0.005,2.5,,rr,3.0,0.015,,1000,ranging,67.39202953167153,980.0194516378258,2690,45.61338289962825,1.3185442114953911,5.2687524600118625,1.3225335381867702,3.1194281443510024,4
gen6_cross_4561,fixed,0.005,,,rr,3.0,,,1000,ranging,67.39134276648812,980.0194516378258,2690,45.61338289962825,1.3185442114953911,5.2687524600118625,1.3225335381867702,3.1194281443510024,6
gen8_cross_1808,fixed,0.005,,,rr,3.9000000000000004,,2.5,800,ranging,67.3835551936356,1018.2959099824861,2690,45.61338289962825,1.4137319253871137,5.268752460011875,1.5767684876587975,4.051578919643202,8
gen8_cross_1808,fixed,0.005,,,rr,3.9000000000000004,,2.5,800,ranging,67.3835551936356,1018.2959099824861,2690,45.61338289962825,1.4137319253871137,5.268752460011875,1.5767684876587975,4.051578919643202,8
gen5_cross_3833,fixed,0.005,,,rr,3.0,,,800,trending,67.38041832472197,784.0155613102605,2690,45.61338289962825,1.318544211495391,5.268752460011874,1.3225335381867704,3.1194281443510037,5
gen3_cross_1333,fixed,0.006,,,rr,3.0,0.015,,800,ranging,67.37560200619635,745.0478554177374,2690,45.687732342007436,1.276336767628406,6.523417070479486,1.1371039926851372,2.483556320234605,3
gen3_cross_5600,fixed,0.006,,,rr,3.0,,,800,ranging,67.37370601910699,745.0478554177374,2690,45.687732342007436,1.276336767628406,6.523417070479486,1.1371039926851372,2.483556320234605,3
gen5_cross_7877,fixed,0.005,2.5,,rr,3.0,,,1100,ranging,67.37339312409406,1078.0213968016083,2690,45.61338289962825,1.3185442114953907,5.268752460011851,1.3225335381867702,3.1194281443510024,5
gen6_cross_5104,fixed,0.005,,,rr,3.3000000000000003,0.015,,800,ranging,67.37114597428277,913.5691893237471,2690,45.61338289962825,1.3711816339120513,5.268752460011865,1.4717388576585138,3.6348939761167096,6
gen4_cross_2954,fixed,0.005,,,rr,3.0,0.015,,1000,ranging,67.35885534210261,980.0194516378258,2690,45.61338289962825,1.3185442114953911,5.2687524600118625,1.3225335381867702,3.1194281443510024,4
gen4_cross_3318,fixed,0.005,,,rr,3.0,,,1000,ranging,67.35329207502782,980.0194516378258,2690,45.61338289962825,1.3185442114953911,5.2687524600118625,1.3225335381867702,3.1194281443510024,4
gen4_cross_3318,fixed,0.005,,,rr,3.0,,,1000,ranging,67.35329207502782,980.0194516378258,2690,45.61338289962825,1.3185442114953911,5.2687524600118625,1.3225335381867702,3.1194281443510024,4
gen4_cross_4616,fixed,0.005,,,rr,3.0,0.015,,800,ranging,67.34072719372114,784.0155613102605,2690,45.61338289962825,1.318544211495391,5.268752460011874,1.3225335381867704,3.1194281443510037,4
gen5_cross_8693,fixed,0.005,,,rr,3.0,,,1100,ranging,67.33859172484603,1078.0213968016083,2690,45.61338289962825,1.3185442114953907,5.268752460011851,1.3225335381867702,3.1194281443510024,5
gen9_cross_9995,fixed,0.005,,,rr,3.9000000000000004,,2.5,800,ranging,67.3347425681171,1018.2959099824861,2690,45.61338289962825,1.4137319253871137,5.268752460011875,1.5767684876587975,4.051578919643202,9
gen9_cross_6631,fixed,0.005,,,rr,3.5,,2.5,800,ranging,67.33227326285748,967.2297479185484,2690,45.61338289962825,1.3929838291355958,5.268752460011868,1.528158576310665,3.848397718877214,9
gen5_cross_1971,fixed,0.005,,40.0,rr,3.0,0.015,,800,any,67.33224715770928,784.0155613102605,2690,45.61338289962825,1.318544211495391,5.268752460011874,1.3225335381867704,3.1194281443510037,5
gen8_cross_6014,fixed,0.005,,,rr,3.9000000000000004,,2.5,800,ranging,67.32189363740324,1018.2959099824861,2690,45.61338289962825,1.4137319253871137,5.268752460011875,1.5767684876587975,4.051578919643202,8
gen5_cross_2777,fixed,0.005,,,rr,3.0,,,800,ranging,67.31747836304935,784.0155613102605,2690,45.61338289962825,1.318544211495391,5.268752460011874,1.3225335381867704,3.1194281443510037,5
gen7_cross_2328,fixed,0.005,,,rr,3.9000000000000004,,,1100,any,67.31654374757684,1400.1568762259185,2690,45.61338289962825,1.4137319253871137,5.268752460011851,1.5767684876587975,4.051578919643202,7
gen8_cross_5391,fixed,0.005,,,rr,3.9000000000000004,,,800,ranging,67.31017578046367,1018.2959099824861,2690,45.61338289962825,1.4137319253871137,5.268752460011875,1.5767684876587975,4.051578919643202,8
gen3_cross_6433,fixed,0.006,,,rr,3.0,0.015,,800,ranging,67.30944332527682,745.0478554177374,2690,45.687732342007436,1.276336767628406,6.523417070479486,1.1371039926851372,2.483556320234605,3
gen7_cross_2604,fixed,0.005,2.5,40.0,rr,3.5,,,800,ranging,67.30832834532272,967.2297479185484,2690,45.61338289962825,1.3929838291355958,5.268752460011868,1.528158576310665,3.848397718877214,7
gen4_cross_7324,fixed,0.005,2.5,,rr,3.0,0.015,,1100,ranging,67.30759858515395,1078.0213968016083,2690,45.61338289962825,1.3185442114953907,5.268752460011851,1.3225335381867702,3.1194281443510024,4
gen8_cross_8199,fixed,0.005,,,rr,3.9000000000000004,,,800,ranging,67.30634431118348,1018.2959099824861,2690,45.61338289962825,1.4137319253871137,5.268752460011875,1.5767684876587975,4.051578919643202,8
gen4_cross_7900,fixed,0.006,,,rr,3.0,,2.5,800,trending,67.29179593488898,745.0478554177374,2690,45.687732342007436,1.276336767628406,6.523417070479486,1.1371039926851372,2.483556320234605,4
gen5_cross_5555,fixed,0.005,,40.0,rr,3.0,,,800,ranging,67.28973772919869,784.0155613102605,2690,45.61338289962825,1.318544211495391,5.268752460011874,1.3225335381867704,3.1194281443510037,5
gen5_cross_5555,fixed,0.005,,40.0,rr,3.0,,,800,ranging,67.28973772919869,784.0155613102605,2690,45.61338289962825,1.318544211495391,5.268752460011874,1.3225335381867704,3.1194281443510037,5
gen4_cross_8749,fixed,0.006,1.25,,rr,3.0,,,800,ranging,67.28908059715422,745.0478554177374,2690,45.687732342007436,1.276336767628406,6.523417070479486,1.1371039926851372,2.483556320234605,4
gen3_cross_6228,fixed,0.006,,,rr,3.0,,,800,trending,67.28755537806404,745.0478554177374,2690,45.687732342007436,1.276336767628406,6.523417070479486,1.1371039926851372,2.483556320234605,3
gen4_cross_8289,fixed,0.005,,,rr,3.0,,,1100,ranging,67.28632114069173,1078.0213968016083,2690,45.61338289962825,1.3185442114953907,5.268752460011851,1.3225335381867702,3.1194281443510024,4
gen9_cross_4731,fixed,0.005,,,rr,3.9000000000000004,,2.5,800,ranging,67.28493310814095,1018.2959099824861,2690,45.61338289962825,1.4137319253871137,5.268752460011875,1.5767684876587975,4.051578919643202,9
gen9_cross_2046,fixed,0.005,,,rr,3.9000000000000004,,,800,ranging,67.28351548837881,1018.2959099824861,2690,45.61338289962825,1.4137319253871137,5.268752460011875,1.5767684876587975,4.051578919643202,9
gen6_cross_8627,fixed,0.005,,40.0,rr,3.0,,,800,any,67.2806681602211,784.0155613102605,2690,45.61338289962825,1.318544211495391,5.268752460011874,1.3225335381867704,3.1194281443510037,6
gen4_cross_7380,fixed,0.005,1.25,,rr,3.0,,2.5,1000,ranging,67.27803976644971,980.0194516378258,2690,45.61338289962825,1.3185442114953911,5.2687524600118625,1.3225335381867702,3.1194281443510024,4
gen8_cross_6254,fixed,0.005,,,rr,3.9000000000000004,,2.5,800,ranging,67.27802112640084,1018.2959099824861,2690,45.61338289962825,1.4137319253871137,5.268752460011875,1.5767684876587975,4.051578919643202,8
gen5_cross_1094,fixed,0.005,,,rr,3.0,,,800,ranging,67.27396707114605,784.0155613102605,2690,45.61338289962825,1.318544211495391,5.268752460011874,1.3225335381867704,3.1194281443510037,5
gen3_cross_4888,fixed,0.006,1.25,,rr,3.0,,2.5,800,trending,67.27214057674375,745.0478554177374,2690,45.687732342007436,1.276336767628406,6.523417070479486,1.1371039926851372,2.483556320234605,3
gen8_cross_7798,fixed,0.005,,40.0,rr,3.9000000000000004,,2.5,800,ranging,67.26820827267893,1018.2959099824861,2690,45.61338289962825,1.4137319253871137,5.268752460011875,1.5767684876587975,4.051578919643202,8
gen4_cross_7405,fixed,0.005,,,rr,3.0,,,800,ranging,67.2680870972192,784.0155613102605,2690,45.61338289962825,1.318544211495391,5.268752460011874,1.3225335381867704,3.1194281443510037,4
gen3_cross_5938,fixed,0.006,,,rr,3.0,,,800,volatile,67.26719101046001,745.0478554177374,2690,45.687732342007436,1.276336767628406,6.523417070479486,1.1371039926851372,2.483556320234605,3
gen8_cross_7179,fixed,0.005,,40.0,rr,3.9000000000000004,,,800,ranging,67.25988926443188,1018.2959099824861,2690,45.61338289962825,1.4137319253871137,5.268752460011875,1.5767684876587975,4.051578919643202,8
gen6_cross_7831,fixed,0.005,,,rr,3.9000000000000004,,,1100,volatile,67.24963826656372,1400.1568762259185,2690,45.61338289962825,1.4137319253871137,5.268752460011851,1.5767684876587975,4.051578919643202,6
gen6_cross_7831,fixed,0.005,,,rr,3.9000000000000004,,,1100,volatile,67.24963826656372,1400.1568762259185,2690,45.61338289962825,1.4137319253871137,5.268752460011851,1.5767684876587975,4.051578919643202,6
gen6_cross_7020,fixed,0.005,,,rr,3.0,,,800,ranging,67.24806916514983,784.0155613102605,2690,45.61338289962825,1.318544211495391,5.268752460011874,1.3225335381867704,3.1194281443510037,6
gen8_cross_6186,fixed,0.005,,,rr,3.9000000000000004,,2.5,900,ranging,67.24605670998059,1145.582898730297,2690,45.61338289962825,1.4137319253871135,5.268752460011875,1.5767684876587975,4.051578919643203,8
gen3_cross_1129,fixed,0.006,,,rr,3.0,,,900,trending,67.23561520536006,838.1788373449544,2690,45.687732342007436,1.2763367676284059,6.523417070479532,1.1371039926851372,2.483556320234605,3
gen9_cross_8057,fixed,0.005,,40.0,rr,3.9000000000000004,,2.5,1700,ranging,67.23542179312568,2163.878808712783,2690,45.61338289962825,1.4137319253871137,5.2687524600118625,1.5767684876587975,4.051578919643203,9
gen5_cross_6598,fixed,0.005,,,rr,3.0,,2.5,800,ranging,67.227488763589,784.0155613102605,2690,45.61338289962825,1.318544211495391,5.268752460011874,1.3225335381867704,3.1194281443510037,5
gen8_cross_1570,fixed,0.005,2.5,,rr,3.2,,2.5,800,ranging,67.22731277465819,883.0880598905444,2690,45.61338289962825,1.358797201995213,5.2687524600118705,1.4382569320089453,3.513616162616895,8
gen9_cross_2170,fixed,0.005,,,rr,3.9000000000000004,,,1100,any,67.22542398171731,1400.1568762259185,2690,45.61338289962825,1.4137319253871137,5.268752460011851,1.5767684876587975,4.051578919643202,9
gen7_cross_3044,fixed,0.005,,,rr,3.0,,2.5,800,ranging,67.22393128223885,784.0155613102605,2690,45.61338289962825,1.318544211495391,5.268752460011874,1.3225335381867704,3.1194281443510037,7
gen3_cross_1460,fixed,0.006,,,rr,3.0,0.015,,800,volatile,67.22199099273152,745.0478554177374,2690,45.687732342007436,1.276336767628406,6.523417070479486,1.1371039926851372,2.483556320234605,3
gen3_cross_1460,fixed,0.006,,,rr,3.0,0.015,,800,volatile,67.22199099273152,745.0478554177374,2690,45.687732342007436,1.276336767628406,6.523417070479486,1.1371039926851372,2.483556320234605,3
gen4_cross_2355,fixed,0.005,,,rr,3.0,,,800,trending,67.22079696578676,784.0155613102605,2690,45.61338289962825,1.318544211495391,5.268752460011874,1.3225335381867704,3.1194281443510037,4
gen6_cross_2875,fixed,0.005,,,rr,3.0,,,1000,ranging,67.21878717839049,980.0194516378258,2690,45.61338289962825,1.3185442114953911,5.2687524600118625,1.3225335381867702,3.1194281443510024,6
gen3_cross_1766,fixed,0.005,,,rr,3.0,,,800,ranging,67.21844223818984,784.0155613102605,2690,45.61338289962825,1.318544211495391,5.268752460011874,1.3225335381867704,3.1194281443510037,3
gen3_cross_1766,fixed,0.005,,,rr,3.0,,,800,ranging,67.21844223818984,784.0155613102605,2690,45.61338289962825,1.318544211495391,5.268752460011874,1.3225335381867704,3.1194281443510037,3
gen6_cross_5332,fixed,0.005,,,rr,3.5,,,800,ranging,67.2163224994483,967.2297479185484,2690,45.61338289962825,1.3929838291355958,5.268752460011868,1.528158576310665,3.848397718877214,6
gen5_cross_9490,fixed,0.005,,,rr,3.0,0.015,,800,ranging,67.20141097037512,784.0155613102605,2690,45.61338289962825,1.318544211495391,5.268752460011874,1.3225335381867704,3.1194281443510037,5
gen9_cross_3974,fixed,0.005,,,rr,3.3000000000000003,,,800,ranging,67.19762408553252,913.5691893237471,2690,45.61338289962825,1.3711816339120513,5.268752460011865,1.4717388576585138,3.6348939761167096,9
gen5_cross_3424,fixed,0.005,,,rr,3.0,0.015,,800,ranging,67.19625995140885,784.0155613102605,2690,45.61338289962825,1.318544211495391,5.268752460011874,1.3225335381867704,3.1194281443510037,5
gen3_cross_5275,fixed,0.006,,,rr,3.0,,,1100,ranging,67.19492777651377,1024.4408011993887,2690,45.687732342007436,1.2763367676284056,6.523417070479466,1.1371039926851372,2.4835563202346047,3
gen5_cross_2435,fixed,0.005,,40.0,rr,3.0,,,800,any,67.1925575189209,784.0155613102605,2690,45.61338289962825,1.318544211495391,5.268752460011874,1.3225335381867704,3.1194281443510037,5
gen5_cross_8668,fixed,0.005,,,rr,3.0,,,1700,ranging,67.19160812610822,1666.0330677843037,2690,45.61338289962825,1.318544211495391,5.268752460011869,1.3225335381867704,3.1194281443510037,5
gen6_cross_9122,fixed,0.005,,,rr,3.0,,,800,ranging,67.1902548404571,784.0155613102605,2690,45.61338289962825,1.318544211495391,5.268752460011874,1.3225335381867704,3.1194281443510037,6
gen4_cross_3058,fixed,0.005,,,rr,3.0,,2.5,900,ranging,67.19025158337797,882.0175064740434,2690,45.61338289962825,1.3185442114953907,5.2687524600118785,1.3225335381867704,3.1194281443510032,4
gen5_cross_7983,fixed,0.005,,,rr,3.0,,,800,ranging,67.1862415589015,784.0155613102605,2690,45.61338289962825,1.318544211495391,5.268752460011874,1.3225335381867704,3.1194281443510037,5
gen5_cross_7983,fixed,0.005,,,rr,3.0,,,800,ranging,67.1862415589015,784.0155613102605,2690,45.61338289962825,1.318544211495391,5.268752460011874,1.3225335381867704,3.1194281443510037,5
gen9_cross_2586,fixed,0.005,,,rr,3.3000000000000003,,2.5,800,ranging,67.18364911893275,913.5691893237471,2690,45.61338289962825,1.3711816339120513,5.268752460011865,1.4717388576585138,3.6348939761167096,9
gen5_cross_8491,fixed,0.005,,,rr,3.0,,,800,ranging,67.18333148554872,784.0155613102605,2690,45.61338289962825,1.318544211495391,5.268752460011874,1.3225335381867704,3.1194281443510037,5
gen8_cross_8797,fixed,0.005,,40.0,rr,3.9000000000000004,,,800,any,67.17633956966095,1018.2959099824861,2690,45.61338289962825,1.4137319253871137,5.268752460011875,1.5767684876587975,4.051578919643202,8
gen8_cross_2684,fixed,0.005,,,rr,3.9000000000000004,,2.5,800,ranging,67.17570337809775,1018.2959099824861,2690,45.61338289962825,1.4137319253871137,5.268752460011875,1.5767684876587975,4.051578919643202,8
gen6_cross_6530,fixed,0.005,,,rr,3.0,,,800,ranging,67.1744264789756,784.0155613102605,2690,45.61338289962825,1.318544211495391,5.268752460011874,1.3225335381867704,3.1194281443510037,6
gen6_cross_7528,fixed,0.005,2.5,,rr,3.0,,,800,ranging,67.17259262403306,784.0155613102605,2690,45.61338289962825,1.318544211495391,5.268752460011874,1.3225335381867704,3.1194281443510037,6
gen5_cross_8169,fixed,0.005,,40.0,rr,3.0,,,800,any,67.17229857194437,784.0155613102605,2690,45.61338289962825,1.318544211495391,5.268752460011874,1.3225335381867704,3.1194281443510037,5
gen5_cross_5111,fixed,0.005,,40.0,rr,3.0,,,800,any,67.17166097152257,784.0155613102605,2690,45.61338289962825,1.318544211495391,5.268752460011874,1.3225335381867704,3.1194281443510037,5
gen5_cross_2146,fixed,0.005,,,rr,3.0,0.015,,800,ranging,67.16818525635173,784.0155613102605,2690,45.61338289962825,1.318544211495391,5.268752460011874,1.3225335381867704,3.1194281443510037,5
gen5_cross_3543,fixed,0.005,,,rr,3.0,,2.5,800,ranging,67.16663325706736,784.0155613102605,2690,45.61338289962825,1.318544211495391,5.268752460011874,1.3225335381867704,3.1194281443510037,5
gen3_cross_3932,fixed,0.006,2.25,40.0,rr,3.0,,,1100,ranging,67.16307728065159,1024.4408011993887,2690,45.687732342007436,1.2763367676284056,6.523417070479466,1.1371039926851372,2.4835563202346047,3
gen5_cross_7407,fixed,0.005,,,rr,3.0,,,800,ranging,67.15819816669558,784.0155613102605,2690,45.61338289962825,1.318544211495391,5.268752460011874,1.3225335381867704,3.1194281443510037,5
gen5_cross_6185,fixed,0.005,,,rr,3.0,,,1000,ranging,67.15737794272255,980.0194516378258,2690,45.61338289962825,1.3185442114953911,5.2687524600118625,1.3225335381867702,3.1194281443510024,5
gen3_cross_8739,fixed,0.006,2.5,,rr,3.0,,,800,ranging,67.1499267034422,745.0478554177374,2690,45.687732342007436,1.276336767628406,6.523417070479486,1.1371039926851372,2.483556320234605,3
gen7_cross_9201,fixed,0.005,,,rr,3.9000000000000004,,,800,ranging,67.14733605231704,1018.2959099824861,2690,45.61338289962825,1.4137319253871137,5.268752460011875,1.5767684876587975,4.051578919643202,7
gen4_cross_5951,fixed,0.005,,,rr,3.0,,2.5,800,ranging,67.14471231635085,784.0155613102605,2690,45.61338289962825,1.318544211495391,5.268752460011874,1.3225335381867704,3.1194281443510037,4
gen5_cross_5301,fixed,0.005,,,rr,3.0,0.015,,800,ranging,67.13849825594352,784.0155613102605,2690,45.61338289962825,1.318544211495391,5.268752460011874,1.3225335381867704,3.1194281443510037,5
gen3_cross_9403,fixed,0.006,,,rr,3.0,,,800,any,67.13561705128586,745.0478554177374,2690,45.687732342007436,1.276336767628406,6.523417070479486,1.1371039926851372,2.483556320234605,3
gen4_cross_3639,fixed,0.006,,,rr,3.0,0.015,,800,volatile,67.13025004594103,745.0478554177374,2690,45.687732342007436,1.276336767628406,6.523417070479486,1.1371039926851372,2.483556320234605,4
gen4_cross_3825,fixed,0.005,,,rr,3.3000000000000003,0.015,,1700,volatile,67.12308426601238,1941.3345273129626,2690,45.61338289962825,1.3711816339120513,5.2687524600118625,1.471738857658514,3.63489397611671,4
gen4_cross_3825,fixed,0.005,,,rr,3.3000000000000003,0.015,,1700,volatile,67.12308426601238,1941.3345273129626,2690,45.61338289962825,1.3711816339120513,5.2687524600118625,1.471738857658514,3.63489397611671,4
gen7_cross_1792,fixed,0.005,,,rr,3.3000000000000003,,2.5,800,any,67.12038638029645,913.5691893237471,2690,45.61338289962825,1.3711816339120513,5.268752460011865,1.4717388576585138,3.6348939761167096,7
gen7_cross_4713,fixed,0.005,,,rr,3.9000000000000004,,,800,ranging,67.11895446907799,1018.2959099824861,2690,45.61338289962825,1.4137319253871137,5.268752460011875,1.5767684876587975,4.051578919643202,7
gen4_cross_7208,fixed,0.005,,,rr,3.0,,,800,ranging,67.11243575356582,784.0155613102605,2690,45.61338289962825,1.318544211495391,5.268752460011874,1.3225335381867704,3.1194281443510037,4
gen4_cross_7208,fixed,0.005,,,rr,3.0,,,800,ranging,67.11243575356582,784.0155613102605,2690,45.61338289962825,1.318544211495391,5.268752460011874,1.3225335381867704,3.1194281443510037,4
gen4_cross_4390,fixed,0.006,,,rr,3.0,0.015,,800,ranging,67.10925940202924,745.0478554177374,2690,45.687732342007436,1.276336767628406,6.523417070479486,1.1371039926851372,2.483556320234605,4
gen4_cross_7591,fixed,0.005,1.5,,rr,3.0,,,800,ranging,67.1087914051982,784.0155613102605,2690,45.61338289962825,1.318544211495391,5.268752460011874,1.3225335381867704,3.1194281443510037,4
gen6_cross_5294,fixed,0.005,,,rr,3.0,,,1000,trending,67.10175127940016,980.0194516378258,2690,45.61338289962825,1.3185442114953911,5.2687524600118625,1.3225335381867702,3.1194281443510024,6
gen7_cross_1731,fixed,0.005,,,rr,3.9000000000000004,,,800,ranging,67.09730940183546,1018.2959099824861,2690,45.61338289962825,1.4137319253871137,5.268752460011875,1.5767684876587975,4.051578919643202,7
gen5_cross_8444,fixed,0.005,,,rr,3.0,,,800,ranging,67.08838296419117,784.0155613102605,2690,45.61338289962825,1.318544211495391,5.268752460011874,1.3225335381867704,3.1194281443510037,5
gen9_cross_2889,fixed,0.005,,,rr,3.9000000000000004,,,800,ranging,67.08451279405962,1018.2959099824861,2690,45.61338289962825,1.4137319253871137,5.268752460011875,1.5767684876587975,4.051578919643202,9
gen5_cross_4724,fixed,0.005,,,rr,3.0,,,800,ranging,67.08416891695461,784.0155613102605,2690,45.61338289962825,1.318544211495391,5.268752460011874,1.3225335381867704,3.1194281443510037,5
gen5_cross_4303,fixed,0.005,2.5,,rr,3.0,,,1700,ranging,67.08278028214148,1666.0330677843037,2690,45.61338289962825,1.318544211495391,5.268752460011869,1.3225335381867704,3.1194281443510037,5
gen5_cross_4303,fixed,0.005,2.5,,rr,3.0,,,1700,ranging,67.08278028214148,1666.0330677843037,2690,45.61338289962825,1.318544211495391,5.268752460011869,1.3225335381867704,3.1194281443510037,5
gen5_cross_2920,fixed,0.005,,,rr,3.0,,,800,trending,67.07990197680527,784.0155613102605,2690,45.61338289962825,1.318544211495391,5.268752460011874,1.3225335381867704,3.1194281443510037,5
gen5_cross_4850,fixed,0.005,,,rr,3.0,,,800,any,67.07945955045676,784.0155613102605,2690,45.61338289962825,1.318544211495391,5.268752460011874,1.3225335381867704,3.1194281443510037,5
gen6_cross_9782,fixed,0.005,,,rr,3.0,,,800,ranging,67.07701744771897,784.0155613102605,2690,45.61338289962825,1.318544211495391,5.268752460011874,1.3225335381867704,3.1194281443510037,6
gen5_cross_6528,fixed,0.005,,,rr,3.0,,2.5,800,ranging,67.07578333385098,784.0155613102605,2690,45.61338289962825,1.318544211495391,5.268752460011874,1.3225335381867704,3.1194281443510037,5
gen5_cross_2092,fixed,0.005,,,rr,3.0,0.015,,800,ranging,67.07532156565289,784.0155613102605,2690,45.61338289962825,1.318544211495391,5.268752460011874,1.3225335381867704,3.1194281443510037,5
gen5_cross_9492,fixed,0.005,,,rr,3.3000000000000003,0.015,,800,ranging,67.06702618693541,913.5691893237471,2690,45.61338289962825,1.3711816339120513,5.268752460011865,1.4717388576585138,3.6348939761167096,5
gen5_cross_9492,fixed,0.005,,,rr,3.3000000000000003,0.015,,800,ranging,67.06702618693541,913.5691893237471,2690,45.61338289962825,1.3711816339120513,5.268752460011865,1.4717388576585138,3.6348939761167096,5
gen8_cross_1660,fixed,0.005,,,rr,3.9000000000000004,,,800,ranging,67.06672440265422,1018.2959099824861,2690,45.61338289962825,1.4137319253871137,5.268752460011875,1.5767684876587975,4.051578919643202,8
gen8_cross_5307,fixed,0.005,,40.0,rr,3.9000000000000004,,,800,ranging,67.06473486435713,1018.2959099824861,2690,45.61338289962825,1.4137319253871137,5.268752460011875,1.5767684876587975,4.051578919643202,8
gen7_cross_7443,fixed,0.005,,,rr,3.9000000000000004,,,800,ranging,67.05548246059868,1018.2959099824861,2690,45.61338289962825,1.4137319253871137,5.268752460011875,1.5767684876587975,4.051578919643202,7
gen4_cross_5656,fixed,0.005,,,rr,2.8000000000000003,,,800,volatile,67.05516149784593,677.3041847539039,2690,45.61338289962825,1.2751875576479548,5.302644666966327,1.1869408784321285,2.6948466847738173,4
gen7_cross_4038,fixed,0.005,,,rr,3.5,,,800,ranging,67.0538478294646,967.2297479185484,2690,45.61338289962825,1.3929838291355958,5.268752460011868,1.528158576310665,3.848397718877214,7
gen5_cross_7658,fixed,0.005,,,rr,3.0,,,800,ranging,67.05101479232198,784.0155613102605,2690,45.61338289962825,1.318544211495391,5.268752460011874,1.3225335381867704,3.1194281443510037,5
gen8_cross_6120,fixed,0.005,,,rr,3.9000000000000004,,2.5,800,ranging,67.05078397564223,1018.2959099824861,2690,45.61338289962825,1.4137319253871137,5.268752460011875,1.5767684876587975,4.051578919643202,8
gen4_cross_3098,fixed,0.005,,,rr,3.0,,,800,volatile,67.0475387391656,784.0155613102605,2690,45.61338289962825,1.318544211495391,5.268752460011874,1.3225335381867704,3.1194281443510037,4
gen4_cross_3098,fixed,0.005,,,rr,3.0,,,800,volatile,67.0475387391656,784.0155613102605,2690,45.61338289962825,1.318544211495391,5.268752460011874,1.3225335381867704,3.1194281443510037,4
gen3_cross_5856,fixed,0.006,,,rr,3.0,,,800,trending,67.04666177621242,745.0478554177374,2690,45.687732342007436,1.276336767628406,6.523417070479486,1.1371039926851372,2.483556320234605,3
gen6_cross_7646,fixed,0.005,,,rr,3.0,,,800,ranging,67.044422519404,784.0155613102605,2690,45.61338289962825,1.318544211495391,5.268752460011874,1.3225335381867704,3.1194281443510037,6
gen5_cross_2055,fixed,0.005,,,rr,3.0,,2.5,800,ranging,67.03764149703974,784.0155613102605,2690,45.61338289962825,1.318544211495391,5.268752460011874,1.3225335381867704,3.1194281443510037,5
gen5_cross_2055,fixed,0.005,,,rr,3.0,,2.5,800,ranging,67.03764149703974,784.0155613102605,2690,45.61338289962825,1.318544211495391,5.268752460011874,1.3225335381867704,3.1194281443510037,5
gen8_cross_5511,fixed,0.005,,,rr,3.3000000000000003,,,800,ranging,67.03617353451314,913.5691893237471,2690,45.61338289962825,1.3711816339120513,5.268752460011865,1.4717388576585138,3.6348939761167096,8
gen6_cross_4578,fixed,0.005,,,rr,3.0,0.015,,800,ranging,67.02652624633559,784.0155613102605,2690,45.61338289962825,1.318544211495391,5.268752460011874,1.3225335381867704,3.1194281443510037,6
gen3_cross_3072,fixed,0.006,,,rr,3.0,,2.5,800,volatile,67.02380624093051,745.0478554177374,2690,45.687732342007436,1.276336767628406,6.523417070479486,1.1371039926851372,2.483556320234605,3
gen7_cross_9701,fixed,0.005,2.5,,rr,3.9000000000000004,,2.5,800,ranging,67.02191234389805,1018.2959099824861,2690,45.61338289962825,1.4137319253871137,5.268752460011875,1.5767684876587975,4.051578919643202,7
gen2_cross_8093,fixed,0.006,,,rr,3.0,,2.5,1100,ranging,67.01723661689576,1024.4408011993887,2690,45.687732342007436,1.2763367676284056,6.523417070479466,1.1371039926851372,2.4835563202346047,2
gen2_cross_8093,fixed,0.006,,,rr,3.0,,2.5,1100,ranging,67.01723661689576,1024.4408011993887,2690,45.687732342007436,1.2763367676284056,6.523417070479466,1.1371039926851372,2.4835563202346047,2
gen7_cross_3599,fixed,0.005,2.5,,rr,3.0,,,800,ranging,67.01344930550202,784.0155613102605,2690,45.61338289962825,1.318544211495391,5.268752460011874,1.3225335381867704,3.1194281443510037,7
gen5_cross_7847,fixed,0.005,,,rr,3.0,,2.5,800,ranging,67.0133148977175,784.0155613102605,2690,45.61338289962825,1.318544211495391,5.268752460011874,1.3225335381867704,3.1194281443510037,5
gen4_cross_9979,fixed,0.005,,,rr,3.0,,,800,ranging,67.01069922304612,784.0155613102605,2690,45.61338289962825,1.318544211495391,5.268752460011874,1.3225335381867704,3.1194281443510037,4
gen6_cross_2178,fixed,0.005,,40.0,rr,3.3000000000000003,,,800,ranging,67.00980009870014,913.5691893237471,2690,45.61338289962825,1.3711816339120513,5.268752460011865,1.4717388576585138,3.6348939761167096,6
gen8_cross_6755,fixed,0.005,,,rr,3.9000000000000004,,,800,ranging,67.0063796175996,1018.2959099824861,2690,45.61338289962825,1.4137319253871137,5.268752460011875,1.5767684876587975,4.051578919643202,8
gen5_cross_6878,fixed,0.005,,,rr,3.0,,,800,trending,66.99732260219801,784.0155613102605,2690,45.61338289962825,1.318544211495391,5.268752460011874,1.3225335381867704,3.1194281443510037,5
gen5_cross_6899,fixed,0.005,,,rr,3.0,,2.5,1100,ranging,66.9957563236293,1078.0213968016083,2690,45.61338289962825,1.3185442114953907,5.268752460011851,1.3225335381867702,3.1194281443510024,5
gen4_cross_3816,fixed,0.005,,,rr,3.0,0.015,,800,ranging,66.99185636972256,784.0155613102605,2690,45.61338289962825,1.318544211495391,5.268752460011874,1.3225335381867704,3.1194281443510037,4
gen4_cross_3816,fixed,0.005,,,rr,3.0,0.015,,800,ranging,66.99185636972256,784.0155613102605,2690,45.61338289962825,1.318544211495391,5.268752460011874,1.3225335381867704,3.1194281443510037,4
gen6_cross_7749,fixed,0.005,,,rr,3.9000000000000004,,2.5,800,ranging,66.98853369339277,1018.2959099824861,2690,45.61338289962825,1.4137319253871137,5.268752460011875,1.5767684876587975,4.051578919643202,6
gen5_cross_1268,fixed,0.005,,,rr,3.0,,,800,ranging,66.98803114910856,784.0155613102605,2690,45.61338289962825,1.318544211495391,5.268752460011874,1.3225335381867704,3.1194281443510037,5
gen7_cross_1866,fixed,0.005,,,rr,3.9000000000000004,,,800,ranging,66.98739646998145,1018.2959099824861,2690,45.61338289962825,1.4137319253871137,5.268752460011875,1.5767684876587975,4.051578919643202,7
gen6_cross_3188,fixed,0.005,,40.0,rr,3.0,,,800,any,66.9840199531538,784.0155613102605,2690,45.61338289962825,1.318544211495391,5.268752460011874,1.3225335381867704,3.1194281443510037,6
gen7_cross_1559,fixed,0.005,,,rr,3.0,0.015,,800,any,66.96635827267372,784.0155613102605,2690,45.61338289962825,1.318544211495391,5.268752460011874,1.3225335381867704,3.1194281443510037,7
gen4_cross_8332,fixed,0.006,,,rr,3.0,0.015,,1000,volatile,66.96583311176896,931.3098192721719,2690,45.687732342007436,1.2763367676284056,6.523417070479512,1.1371039926851372,2.4835563202346047,4
gen4_cross_8332,fixed,0.006,,,rr,3.0,0.015,,1000,volatile,66.96583311176896,931.3098192721719,2690,45.687732342007436,1.2763367676284056,6.523417070479512,1.1371039926851372,2.4835563202346047,4
gen4_cross_9603,fixed,0.005,,,rr,3.0,,,800,volatile,66.96166679959039,784.0155613102605,2690,45.61338289962825,1.318544211495391,5.268752460011874,1.3225335381867704,3.1194281443510037,4
gen6_cross_2122,fixed,0.005,,,rr,3.0,0.015,,800,ranging,66.95750925868748,784.0155613102605,2690,45.61338289962825,1.318544211495391,5.268752460011874,1.3225335381867704,3.1194281443510037,6
gen6_cross_7609,fixed,0.005,,,rr,3.0,,,1000,ranging,66.94213379472973,980.0194516378258,2690,45.61338289962825,1.3185442114953911,5.2687524600118625,1.3225335381867702,3.1194281443510024,6
gen9_cross_7913,fixed,0.005,,40.0,rr,3.9000000000000004,,2.5,800,ranging,66.94050573245427,1018.2959099824861,2690,45.61338289962825,1.4137319253871137,5.268752460011875,1.5767684876587975,4.051578919643202,9
gen4_cross_8716,fixed,0.005,,,rr,3.0,,,1100,ranging,66.93334596541037,1078.0213968016083,2690,45.61338289962825,1.3185442114953907,5.268752460011851,1.3225335381867702,3.1194281443510024,4
gen3_cross_6768,fixed,0.006,,,rr,3.0,,2.5,800,any,66.92101233196031,745.0478554177374,2690,45.687732342007436,1.276336767628406,6.523417070479486,1.1371039926851372,2.483556320234605,3
gen9_cross_3994,fixed,0.005,,,rr,3.9000000000000004,,2.5,800,any,66.91868149322808,1018.2959099824861,2690,45.61338289962825,1.4137319253871137,5.268752460011875,1.5767684876587975,4.051578919643202,9
gen4_cross_4670,fixed,0.005,,,rr,3.0,,2.5,800,ranging,66.91773902559336,784.0155613102605,2690,45.61338289962825,1.318544211495391,5.268752460011874,1.3225335381867704,3.1194281443510037,4
gen3_cross_9930,fixed,0.006,,,rr,3.0,,,1100,ranging,66.91292664946292,1024.4408011993887,2690,45.687732342007436,1.2763367676284056,6.523417070479466,1.1371039926851372,2.4835563202346047,3
gen6_cross_4928,fixed,0.005,,,rr,3.0,,,800,ranging,66.91098825663838,784.0155613102605,2690,45.61338289962825,1.318544211495391,5.268752460011874,1.3225335381867704,3.1194281443510037,6
gen5_cross_2936,fixed,0.005,,,rr,3.0,,,800,any,66.9038814235086,784.0155613102605,2690,45.61338289962825,1.318544211495391,5.268752460011874,1.3225335381867704,3.1194281443510037,5
gen3_cross_1376,fixed,0.006,,,rr,3.0,,,800,volatile,66.9014587838969,745.0478554177374,2690,45.687732342007436,1.276336767628406,6.523417070479486,1.1371039926851372,2.483556320234605,3
gen6_cross_2751,fixed,0.005,,,rr,3.0,,,800,ranging,66.90078959720778,784.0155613102605,2690,45.61338289962825,1.318544211495391,5.268752460011874,1.3225335381867704,3.1194281443510037,6
gen2_cross_1319,fixed,0.006,,,rr,3.0,0.015,,900,volatile,66.89534034892893,838.1788373449544,2690,45.687732342007436,1.2763367676284059,6.523417070479532,1.1371039926851372,2.483556320234605,2
gen2_cross_1319,fixed,0.006,,,rr,3.0,0.015,,900,volatile,66.89534034892893,838.1788373449544,2690,45.687732342007436,1.2763367676284059,6.523417070479532,1.1371039926851372,2.483556320234605,2
gen6_cross_3952,fixed,0.005,,,rr,3.0,,,800,any,66.89187114360276,784.0155613102605,2690,45.61338289962825,1.318544211495391,5.268752460011874,1.3225335381867704,3.1194281443510037,6
gen7_cross_1016,fixed,0.005,,,rr,3.0,,,1100,volatile,66.89083788543589,1078.0213968016083,2690,45.61338289962825,1.3185442114953907,5.268752460011851,1.3225335381867702,3.1194281443510024,7
gen3_cross_7996,fixed,0.006,,,rr,3.0,,2.5,1900,trending,66.88254094390771,1769.4886566171267,2690,45.687732342007436,1.2763367676284059,6.523417070479535,1.1371039926851372,2.4835563202346043,3
gen8_cross_7923,fixed,0.005,,,rr,3.3000000000000003,,,800,ranging,66.87472886754875,913.5691893237471,2690,45.61338289962825,1.3711816339120513,5.268752460011865,1.4717388576585138,3.6348939761167096,8
gen5_cross_9885,fixed,0.005,,,rr,3.0,,,800,any,66.87130696004884,784.0155613102605,2690,45.61338289962825,1.318544211495391,5.268752460011874,1.3225335381867704,3.1194281443510037,5
gen5_cross_5666,fixed,0.005,,40.0,rr,3.0,,,800,any,66.86688170269011,784.0155613102605,2690,45.61338289962825,1.318544211495391,5.268752460011874,1.3225335381867704,3.1194281443510037,5
gen6_cross_7006,fixed,0.005,,,rr,3.0,,,800,ranging,66.86240733054292,784.0155613102605,2690,45.61338289962825,1.318544211495391,5.268752460011874,1.3225335381867704,3.1194281443510037,6
gen7_cross_9741,fixed,0.005,,40.0,rr,3.0,,,800,ranging,66.85822228217268,784.0155613102605,2690,45.61338289962825,1.318544211495391,5.268752460011874,1.3225335381867704,3.1194281443510037,7
gen3_cross_3037,fixed,0.006,,,rr,3.0,,,800,ranging,66.85423410774423,745.0478554177374,2690,45.687732342007436,1.276336767628406,6.523417070479486,1.1371039926851372,2.483556320234605,3
gen9_cross_9156,fixed,0.005,,,rr,3.9000000000000004,,2.5,800,ranging,66.84031497925555,1018.2959099824861,2690,45.61338289962825,1.4137319253871137,5.268752460011875,1.5767684876587975,4.051578919643202,9
gen3_cross_3102,fixed,0.005,2.5,,rr,3.0,0.02,,800,ranging,66.83916871439291,784.0155613102605,2690,45.61338289962825,1.318544211495391,5.268752460011874,1.3225335381867704,3.1194281443510037,3
gen4_cross_3013,fixed,0.005,,,rr,3.0,,,800,ranging,66.83833780709834,784.0155613102605,2690,45.61338289962825,1.318544211495391,5.268752460011874,1.3225335381867704,3.1194281443510037,4
gen4_cross_3013,fixed,0.005,,,rr,3.0,,,800,ranging,66.83833780709834,784.0155613102605,2690,45.61338289962825,1.318544211495391,5.268752460011874,1.3225335381867704,3.1194281443510037,4
gen6_cross_5395,fixed,0.005,,,rr,3.0,,,800,any,66.8362824781443,784.0155613102605,2690,45.61338289962825,1.318544211495391,5.268752460011874,1.3225335381867704,3.1194281443510037,6
gen6_cross_2659,fixed,0.005,,,rr,3.0,,,800,ranging,66.82373321548249,784.0155613102605,2690,45.61338289962825,1.318544211495391,5.268752460011874,1.3225335381867704,3.1194281443510037,6
gen6_cross_2659,fixed,0.005,,,rr,3.0,,,800,ranging,66.82373321548249,784.0155613102605,2690,45.61338289962825,1.318544211495391,5.268752460011874,1.3225335381867704,3.1194281443510037,6
gen6_cross_5230,fixed,0.005,,,rr,3.0,,,800,ranging,66.82296923815318,784.0155613102605,2690,45.61338289962825,1.318544211495391,5.268752460011874,1.3225335381867704,3.1194281443510037,6
gen4_cross_6404,fixed,0.006,,,rr,3.0,,2.5,800,ranging,66.81429289982984,745.0478554177374,2690,45.687732342007436,1.276336767628406,6.523417070479486,1.1371039926851372,2.483556320234605,4
gen5_cross_6034,fixed,0.005,,40.0,rr,3.0,0.015,2.5,800,any,66.8104077682173,784.0155613102605,2690,45.61338289962825,1.318544211495391,5.268752460011874,1.3225335381867704,3.1194281443510037,5
gen3_cross_6062,fixed,0.006,,,rr,3.0,,,800,ranging,66.80961439009427,745.0478554177374,2690,45.687732342007436,1.276336767628406,6.523417070479486,1.1371039926851372,2.483556320234605,3
gen4_cross_5128,fixed,0.006,,,rr,3.0,,,800,ranging,66.80689732562787,745.0478554177374,2690,45.687732342007436,1.276336767628406,6.523417070479486,1.1371039926851372,2.483556320234605,4
gen3_cross_1581,fixed,0.006,,,rr,3.0,,,800,ranging,66.79731471982095,745.0478554177374,2690,45.687732342007436,1.276336767628406,6.523417070479486,1.1371039926851372,2.483556320234605,3
gen3_cross_1581,fixed,0.006,,,rr,3.0,,,800,ranging,66.79731471982095,745.0478554177374,2690,45.687732342007436,1.276336767628406,6.523417070479486,1.1371039926851372,2.483556320234605,3
gen5_cross_5872,fixed,0.005,,40.0,rr,3.0,,2.5,800,ranging,66.79012819559517,784.0155613102605,2690,45.61338289962825,1.318544211495391,5.268752460011874,1.3225335381867704,3.1194281443510037,5
gen4_cross_8654,fixed,0.005,,,rr,3.0,,,1000,ranging,66.78781829874656,980.0194516378258,2690,45.61338289962825,1.3185442114953911,5.2687524600118625,1.3225335381867702,3.1194281443510024,4
gen5_cross_4895,fixed,0.005,,,rr,3.0,,2.5,1500,ranging,66.78014803520546,1470.0291774567384,2690,45.61338289962825,1.318544211495391,5.268752460011865,1.3225335381867704,3.1194281443510037,5
gen4_cross_8746,fixed,0.005,,,rr,3.0,,2.5,800,trending,66.7743309515617,784.0155613102605,2690,45.61338289962825,1.318544211495391,5.268752460011874,1.3225335381867704,3.1194281443510037,4
gen3_cross_8542,fixed,0.005,,,rr,3.0,,2.5,1100,ranging,66.77379129689379,1078.0213968016083,2690,45.61338289962825,1.3185442114953907,5.268752460011851,1.3225335381867702,3.1194281443510024,3
gen3_cross_8542,fixed,0.005,,,rr,3.0,,2.5,1100,ranging,66.77379129689379,1078.0213968016083,2690,45.61338289962825,1.3185442114953907,5.268752460011851,1.3225335381867702,3.1194281443510024,3
gen4_cross_9535,fixed,0.006,1.25,,rr,3.0,,2.5,800,trending,66.77253380865838,745.0478554177374,2690,45.687732342007436,1.276336767628406,6.523417070479486,1.1371039926851372,2.483556320234605,4
gen6_cross_4498,fixed,0.005,,,rr,3.0,,,800,ranging,66.77214505791889,784.0155613102605,2690,45.61338289962825,1.318544211495391,5.268752460011874,1.3225335381867704,3.1194281443510037,6
gen8_cross_4059,fixed,0.005,,,rr,3.5,,,800,ranging,66.77165793065664,967.2297479185484,2690,45.61338289962825,1.3929838291355958,5.268752460011868,1.528158576310665,3.848397718877214,8
gen3_cross_5772,fixed,0.006,,,rr,3.0,,,800,ranging,66.76863822258736,745.0478554177374,2690,45.687732342007436,1.276336767628406,6.523417070479486,1.1371039926851372,2.483556320234605,3
gen5_cross_1605,fixed,0.005,,,rr,3.0,,,1100,ranging,66.76757454125693,1078.0213968016083,2690,45.61338289962825,1.3185442114953907,5.268752460011851,1.3225335381867702,3.1194281443510024,5
gen4_cross_5415,fixed,0.005,,40.0,rr,3.0,,2.5,800,any,66.7621082730076,784.0155613102605,2690,45.61338289962825,1.318544211495391,5.268752460011874,1.3225335381867704,3.1194281443510037,4
gen4_cross_5415,fixed,0.005,,40.0,rr,3.0,,2.5,800,any,66.7621082730076,784.0155613102605,2690,45.61338289962825,1.318544211495391,5.268752460011874,1.3225335381867704,3.1194281443510037,4
gen6_cross_4643,fixed,0.006,,,rr,3.0,,,800,ranging,66.76180096776045,745.0478554177374,2690,45.687732342007436,1.276336767628406,6.523417070479486,1.1371039926851372,2.483556320234605,6
gen6_cross_3968,fixed,0.005,,,rr,3.0,,,800,volatile,66.75720944028951,784.0155613102605,2690,45.61338289962825,1.318544211495391,5.268752460011874,1.3225335381867704,3.1194281443510037,6
gen6_cross_2933,fixed,0.005,,40.0,rr,3.0,,2.5,800,any,66.75285912093514,784.0155613102605,2690,45.61338289962825,1.318544211495391,5.268752460011874,1.3225335381867704,3.1194281443510037,6
gen4_cross_8159,fixed,0.005,,,rr,3.0,0.015,,1700,volatile,66.73974032283385,1666.0330677843037,2690,45.61338289962825,1.318544211495391,5.268752460011869,1.3225335381867704,3.1194281443510037,4
gen4_cross_9449,fixed,0.005,,,rr,3.0,,2.5,1100,trending,66.73973278737026,1078.0213968016083,2690,45.61338289962825,1.3185442114953907,5.268752460011851,1.3225335381867702,3.1194281443510024,4
gen4_cross_5611,fixed,0.006,,,rr,3.0,,,800,ranging,66.73848662062078,745.0478554177374,2690,45.687732342007436,1.276336767628406,6.523417070479486,1.1371039926851372,2.483556320234605,4
gen7_cross_5745,fixed,0.005,,,rr,3.0,0.015,,800,ranging,66.73296383669972,784.0155613102605,2690,45.61338289962825,1.318544211495391,5.268752460011874,1.3225335381867704,3.1194281443510037,7
gen4_cross_7973,fixed,0.005,,,rr,3.0,,,800,ranging,66.73295064792053,784.0155613102605,2690,45.61338289962825,1.318544211495391,5.268752460011874,1.3225335381867704,3.1194281443510037,4
gen5_cross_4116,fixed,0.005,,,rr,3.0,,,1700,ranging,66.73030054118281,1666.0330677843037,2690,45.61338289962825,1.318544211495391,5.268752460011869,1.3225335381867704,3.1194281443510037,5
gen5_cross_2983,fixed,0.005,,,rr,3.0,,,800,trending,66.7296886328531,784.0155613102605,2690,45.61338289962825,1.318544211495391,5.268752460011874,1.3225335381867704,3.1194281443510037,5
gen4_cross_4154,fixed,0.005,,40.0,rr,3.0,,,800,any,66.72875877170196,784.0155613102605,2690,45.61338289962825,1.318544211495391,5.268752460011874,1.3225335381867704,3.1194281443510037,4
gen2_cross_8629,fixed,0.006,,,rr,3.0,,,1000,ranging,66.7282015190298,931.3098192721719,2690,45.687732342007436,1.2763367676284056,6.523417070479512,1.1371039926851372,2.4835563202346047,2
gen2_cross_8629,fixed,0.006,,,rr,3.0,,,1000,ranging,66.7282015190298,931.3098192721719,2690,45.687732342007436,1.2763367676284056,6.523417070479512,1.1371039926851372,2.4835563202346047,2
gen3_cross_5856,fixed,0.006,,,rr,3.0,,,1000,ranging,66.72234464400479,931.3098192721719,2690,45.687732342007436,1.2763367676284056,6.523417070479512,1.1371039926851372,2.4835563202346047,3
gen7_cross_7562,fixed,0.005,,,rr,3.9000000000000004,,2.5,800,ranging,66.72194670340043,1018.2959099824861,2690,45.61338289962825,1.4137319253871137,5.268752460011875,1.5767684876587975,4.051578919643202,7
gen6_cross_3469,fixed,0.005,,,rr,3.0,0.015,,800,volatile,66.71886760848535,784.0155613102605,2690,45.61338289962825,1.318544211495391,5.268752460011874,1.3225335381867704,3.1194281443510037,6
gen9_cross_9709,fixed,0.005,,40.0,rr,3.9000000000000004,,2.5,800,ranging,66.712738033149,1018.2959099824861,2690,45.61338289962825,1.4137319253871137,5.268752460011875,1.5767684876587975,4.051578919643202,9
gen5_cross_1131,fixed,0.005,,40.0,rr,2.8000000000000003,,,800,any,66.70934364100644,677.3041847539039,2690,45.61338289962825,1.2751875576479548,5.302644666966327,1.1869408784321285,2.6948466847738173,5
gen3_cross_7154,fixed,0.006,,,rr,3.0,,,800,volatile,66.70808087362151,745.0478554177374,2690,45.687732342007436,1.276336767628406,6.523417070479486,1.1371039926851372,2.483556320234605,3
gen3_cross_4713,fixed,0.006,,,rr,3.0,,,800,ranging,66.70508313476667,745.0478554177374,2690,45.687732342007436,1.276336767628406,6.523417070479486,1.1371039926851372,2.483556320234605,3
gen4_cross_6482,fixed,0.005,,,rr,3.0,,,800,ranging,66.69877383486177,784.0155613102605,2690,45.61338289962825,1.318544211495391,5.268752460011874,1.3225335381867704,3.1194281443510037,4
gen4_cross_6482,fixed,0.005,,,rr,3.0,,,800,ranging,66.69877383486177,784.0155613102605,2690,45.61338289962825,1.318544211495391,5.268752460011874,1.3225335381867704,3.1194281443510037,4
gen3_cross_7891,fixed,0.005,,,rr,3.0,,,800,ranging,66.69256698598377,784.0155613102605,2690,45.61338289962825,1.318544211495391,5.268752460011874,1.3225335381867704,3.1194281443510037,3
gen3_cross_7891,fixed,0.005,,,rr,3.0,,,800,ranging,66.69256698598377,784.0155613102605,2690,45.61338289962825,1.318544211495391,5.268752460011874,1.3225335381867704,3.1194281443510037,3
gen3_cross_7891,fixed,0.005,,,rr,3.0,,,800,ranging,66.69256698598377,784.0155613102605,2690,45.61338289962825,1.318544211495391,5.268752460011874,1.3225335381867704,3.1194281443510037,3
gen5_cross_5154,fixed,0.005,,,rr,3.0,,,1700,ranging,66.6835149910892,1666.0330677843037,2690,45.61338289962825,1.318544211495391,5.268752460011869,1.3225335381867704,3.1194281443510037,5
gen4_cross_2707,fixed,0.005,,,rr,3.0,0.015,,1000,ranging,66.6810971883818,980.0194516378258,2690,45.61338289962825,1.3185442114953911,5.2687524600118625,1.3225335381867702,3.1194281443510024,4
gen4_cross_3149,fixed,0.006,,,rr,3.0,,,800,any,66.67707245326386,745.0478554177374,2690,45.687732342007436,1.276336767628406,6.523417070479486,1.1371039926851372,2.483556320234605,4
gen5_cross_1586,fixed,0.005,,,rr,3.0,,,800,ranging,66.67657432529535,784.0155613102605,2690,45.61338289962825,1.318544211495391,5.268752460011874,1.3225335381867704,3.1194281443510037,5
gen8_cross_5189,fixed,0.005,,,rr,3.9000000000000004,,2.5,800,ranging,66.67313368130698,1018.2959099824861,2690,45.61338289962825,1.4137319253871137,5.268752460011875,1.5767684876587975,4.051578919643202,8
gen3_cross_8525,fixed,0.006,,,rr,3.0,,,1900,ranging,66.67272415554635,1769.4886566171267,2690,45.687732342007436,1.2763367676284059,6.523417070479535,1.1371039926851372,2.4835563202346043,3
gen9_cross_1539,fixed,0.005,,,rr,3.9000000000000004,,2.5,800,ranging,66.67266825773737,1018.2959099824861,2690,45.61338289962825,1.4137319253871137,5.268752460011875,1.5767684876587975,4.051578919643202,9
gen3_cross_4003,fixed,0.006,,,rr,3.0,0.015,2.5,800,volatile,66.67063501735147,745.0478554177374,2690,45.687732342007436,1.276336767628406,6.523417070479486,1.1371039926851372,2.483556320234605,3
gen4_cross_5428,fixed,0.006,1.25,,rr,3.0,,2.5,1000,ranging,66.6689947399268,931.3098192721719,2690,45.687732342007436,1.2763367676284056,6.523417070479512,1.1371039926851372,2.4835563202346047,4
gen7_cross_8337,fixed,0.005,,,rr,3.5,,,800,any,66.65919268869533,967.2297479185484,2690,45.61338289962825,1.3929838291355958,5.268752460011868,1.528158576310665,3.848397718877214,7
gen3_cross_4129,fixed,0.006,,,rr,3.0,,,800,volatile,66.65818529352174,745.0478554177374,2690,45.687732342007436,1.276336767628406,6.523417070479486,1.1371039926851372,2.483556320234605,3
gen4_cross_4263,fixed,0.005,,,rr,3.0,,,1000,ranging,66.6507648065491,980.0194516378258,2690,45.61338289962825,1.3185442114953911,5.2687524600118625,1.3225335381867702,3.1194281443510024,4
gen4_cross_5529,fixed,0.006,,,rr,3.0,,,1000,ranging,66.64955162719157,931.3098192721719,2690,45.687732342007436,1.2763367676284056,6.523417070479512,1.1371039926851372,2.4835563202346047,4
gen6_cross_3339,fixed,0.005,,,rr,3.0,,,700,ranging,66.64750097392752,686.013616146478,2690,45.61338289962825,1.3185442114953907,5.268752460011851,1.3225335381867702,3.1194281443510024,6
gen7_cross_6382,fixed,0.005,,,rr,3.3000000000000003,,,800,any,66.64608369420975,913.5691893237471,2690,45.61338289962825,1.3711816339120513,5.268752460011865,1.4717388576585138,3.6348939761167096,7
gen5_cross_3201,fixed,0.005,,,rr,3.0,,2.5,800,ranging,66.64332504728073,784.0155613102605,2690,45.61338289962825,1.318544211495391,5.268752460011874,1.3225335381867704,3.1194281443510037,5
gen3_cross_4028,fixed,0.006,,,rr,3.0,,,1100,ranging,66.64266841678868,1024.4408011993887,2690,45.687732342007436,1.2763367676284056,6.523417070479466,1.1371039926851372,2.4835563202346047,3
gen6_cross_1717,fixed,0.005,,,rr,3.0,,,800,ranging,66.64203428758012,784.0155613102605,2690,45.61338289962825,1.318544211495391,5.268752460011874,1.3225335381867704,3.1194281443510037,6
gen3_cross_9189,fixed,0.006,,,rr,3.0,,,700,ranging,66.63709683400991,651.9168734905203,2690,45.687732342007436,1.2763367676284059,6.523417070479503,1.1371039926851372,2.4835563202346043,3
gen6_cross_3876,fixed,0.005,,,rr,3.0,,,800,ranging,66.63650006245261,784.0155613102605,2690,45.61338289962825,1.318544211495391,5.268752460011874,1.3225335381867704,3.1194281443510037,6
gen3_cross_4865,fixed,0.006,,,rr,3.0,,2.5,800,trending,66.63536832737013,745.0478554177374,2690,45.687732342007436,1.276336767628406,6.523417070479486,1.1371039926851372,2.483556320234605,3
gen4_cross_7985,fixed,0.005,,,rr,3.0,0.015,,800,ranging,66.63172761396014,784.0155613102605,2690,45.61338289962825,1.318544211495391,5.268752460011874,1.3225335381867704,3.1194281443510037,4
gen4_cross_7985,fixed,0.005,,,rr,3.0,0.015,,800,ranging,66.63172761396014,784.0155613102605,2690,45.61338289962825,1.318544211495391,5.268752460011874,1.3225335381867704,3.1194281443510037,4
gen3_cross_7750,fixed,0.006,,,rr,3.0,,2.5,800,trending,66.60545857216266,745.0478554177374,2690,45.687732342007436,1.276336767628406,6.523417070479486,1.1371039926851372,2.483556320234605,3
gen3_cross_7750,fixed,0.006,,,rr,3.0,,2.5,800,trending,66.60545857216266,745.0478554177374,2690,45.687732342007436,1.276336767628406,6.523417070479486,1.1371039926851372,2.483556320234605,3
gen5_cross_1656,fixed,0.005,,40.0,rr,3.0,,,800,ranging,66.60082751676512,784.0155613102605,2690,45.61338289962825,1.318544211495391,5.268752460011874,1.3225335381867704,3.1194281443510037,5
gen5_cross_1744,fixed,0.005,,,rr,3.0,,2.5,800,trending,66.59774934307447,784.0155613102605,2690,45.61338289962825,1.318544211495391,5.268752460011874,1.3225335381867704,3.1194281443510037,5
gen5_cross_5049,fixed,0.005,,,rr,3.0,,,800,trending,66.5963303390199,784.0155613102605,2690,45.61338289962825,1.318544211495391,5.268752460011874,1.3225335381867704,3.1194281443510037,5
gen6_cross_3321,fixed,0.005,,40.0,rr,3.9000000000000004,,,800,ranging,66.59450594701873,1018.2959099824861,2690,45.61338289962825,1.4137319253871137,5.268752460011875,1.5767684876587975,4.051578919643202,6
gen6_cross_3321,fixed,0.005,,40.0,rr,3.9000000000000004,,,800,ranging,66.59450594701873,1018.2959099824861,2690,45.61338289962825,1.4137319253871137,5.268752460011875,1.5767684876587975,4.051578919643202,6
gen5_cross_1625,fixed,0.005,,,rr,3.0,,,800,ranging,66.58395848177273,784.0155613102605,2690,45.61338289962825,1.318544211495391,5.268752460011874,1.3225335381867704,3.1194281443510037,5
gen5_cross_1630,fixed,0.005,,,rr,3.0,0.015,,800,ranging,66.58393819765062,784.0155613102605,2690,45.61338289962825,1.318544211495391,5.268752460011874,1.3225335381867704,3.1194281443510037,5
gen4_cross_3768,fixed,0.005,,,rr,3.0,,,800,ranging,66.58317797466474,784.0155613102605,2690,45.61338289962825,1.318544211495391,5.268752460011874,1.3225335381867704,3.1194281443510037,4
gen5_cross_4063,fixed,0.005,2.5,,rr,3.0,,,800,ranging,66.58106592912037,784.0155613102605,2690,45.61338289962825,1.318544211495391,5.268752460011874,1.3225335381867704,3.1194281443510037,5
gen5_cross_1971,fixed,0.005,,,rr,3.0,,2.5,800,ranging,66.57539692127203,784.0155613102605,2690,45.61338289962825,1.318544211495391,5.268752460011874,1.3225335381867704,3.1194281443510037,5
gen5_cross_1971,fixed,0.005,,,rr,3.0,,2.5,800,ranging,66.57539692127203,784.0155613102605,2690,45.61338289962825,1.318544211495391,5.268752460011874,1.3225335381867704,3.1194281443510037,5
gen4_cross_8126,fixed,0.006,,,rr,3.0,,,800,ranging,66.57502327395359,745.0478554177374,2690,45.687732342007436,1.276336767628406,6.523417070479486,1.1371039926851372,2.483556320234605,4
gen4_cross_6596,fixed,0.005,,,rr,3.0,,,800,trending,66.57337142583599,784.0155613102605,2690,45.61338289962825,1.318544211495391,5.268752460011874,1.3225335381867704,3.1194281443510037,4
gen6_cross_7212,fixed,0.005,,,rr,3.0,,,800,any,66.56259577454806,784.0155613102605,2690,45.61338289962825,1.318544211495391,5.268752460011874,1.3225335381867704,3.1194281443510037,6
gen6_cross_4110,fixed,0.005,,,rr,3.0,,,800,ranging,66.56180260065135,784.0155613102605,2690,45.61338289962825,1.318544211495391,5.268752460011874,1.3225335381867704,3.1194281443510037,6
gen3_cross_3720,fixed,0.006,,,rr,3.0,,,800,ranging,66.55759885947403,745.0478554177374,2690,45.687732342007436,1.276336767628406,6.523417070479486,1.1371039926851372,2.483556320234605,3
gen9_cross_1844,fixed,0.005,,,rr,3.9000000000000004,,2.5,800,ranging,66.55575899264487,1018.2959099824861,2690,45.61338289962825,1.4137319253871137,5.268752460011875,1.5767684876587975,4.051578919643202,9
gen4_cross_6700,fixed,0.005,2.5,,rr,3.0,,2.5,1100,ranging,66.555052435166,1078.0213968016083,2690,45.61338289962825,1.3185442114953907,5.268752460011851,1.3225335381867702,3.1194281443510024,4
gen8_cross_2352,fixed,0.005,,,rr,3.3000000000000003,,,800,any,66.55325206033753,913.5691893237471,2690,45.61338289962825,1.3711816339120513,5.268752460011865,1.4717388576585138,3.6348939761167096,8
gen8_cross_9086,fixed,0.005,,,rr,3.9000000000000004,,,800,ranging,66.55314653923027,1018.2959099824861,2690,45.61338289962825,1.4137319253871137,5.268752460011875,1.5767684876587975,4.051578919643202,8
gen6_cross_7676,fixed,0.005,,,rr,3.0,,,800,ranging,66.54594036983337,784.0155613102605,2690,45.61338289962825,1.318544211495391,5.268752460011874,1.3225335381867704,3.1194281443510037,6
gen7_cross_1043,fixed,0.005,,40.0,rr,3.0,,,800,any,66.54424191941311,784.0155613102605,2690,45.61338289962825,1.318544211495391,5.268752460011874,1.3225335381867704,3.1194281443510037,7
gen9_cross_8530,fixed,0.005,,,rr,3.9000000000000004,,,800,ranging,66.5410597735121,1018.2959099824861,2690,45.61338289962825,1.4137319253871137,5.268752460011875,1.5767684876587975,4.051578919643202,9
gen8_cross_1658,fixed,0.005,,,rr,3.3000000000000003,0.015,,800,ranging,66.53919307445,913.5691893237471,2690,45.61338289962825,1.3711816339120513,5.268752460011865,1.4717388576585138,3.6348939761167096,8
gen9_cross_8322,fixed,0.005,,,rr,3.9000000000000004,,2.5,800,ranging,66.53576576513784,1018.2959099824861,2690,45.61338289962825,1.4137319253871137,5.268752460011875,1.5767684876587975,4.051578919643202,9
gen4_cross_1418,fixed,0.005,,,rr,3.0,0.015,,1100,ranging,66.53215695876038,1078.0213968016083,2690,45.61338289962825,1.3185442114953907,5.268752460011851,1.3225335381867702,3.1194281443510024,4
gen5_cross_2005,fixed,0.005,,,rr,3.0,0.015,,800,ranging,66.5318753919573,784.0155613102605,2690,45.61338289962825,1.318544211495391,5.268752460011874,1.3225335381867704,3.1194281443510037,5
gen5_cross_2005,fixed,0.005,,,rr,3.0,0.015,,800,ranging,66.5318753919573,784.0155613102605,2690,45.61338289962825,1.318544211495391,5.268752460011874,1.3225335381867704,3.1194281443510037,5
gen5_cross_2693,fixed,0.005,,,rr,3.0,,,800,ranging,66.51412381970884,784.0155613102605,2690,45.61338289962825,1.318544211495391,5.268752460011874,1.3225335381867704,3.1194281443510037,5
gen4_cross_5839,fixed,0.005,,40.0,rr,3.0,,,800,ranging,66.51199194049065,784.0155613102605,2690,45.61338289962825,1.318544211495391,5.268752460011874,1.3225335381867704,3.1194281443510037,4
gen4_cross_5162,fixed,0.006,2.5,,rr,3.0,,,800,ranging,66.50034786584007,745.0478554177374,2690,45.687732342007436,1.276336767628406,6.523417070479486,1.1371039926851372,2.483556320234605,4
gen5_cross_8287,fixed,0.005,,,rr,3.0,,,800,ranging,66.49883040636735,784.0155613102605,2690,45.61338289962825,1.318544211495391,5.268752460011874,1.3225335381867704,3.1194281443510037,5
gen2_cross_6631,fixed,0.005,2.5,,rr,3.0,0.015,,1000,ranging,66.49224034299097,980.0194516378258,2690,45.61338289962825,1.3185442114953911,5.2687524600118625,1.3225335381867702,3.1194281443510024,2
gen2_cross_6631,fixed,0.005,2.5,,rr,3.0,0.015,,1000,ranging,66.49224034299097,980.0194516378258,2690,45.61338289962825,1.3185442114953911,5.2687524600118625,1.3225335381867702,3.1194281443510024,2
gen7_cross_6868,fixed,0.005,,,rr,3.9000000000000004,,2.5,800,ranging,66.48788410929122,1018.2959099824861,2690,45.61338289962825,1.4137319253871137,5.268752460011875,1.5767684876587975,4.051578919643202,7
gen7_cross_6868,fixed,0.005,,,rr,3.9000000000000004,,2.5,800,ranging,66.48788410929122,1018.2959099824861,2690,45.61338289962825,1.4137319253871137,5.268752460011875,1.5767684876587975,4.051578919643202,7
gen3_cross_3434,fixed,0.006,,,rr,3.0,,,1300,trending,66.48642023028522,1210.7027650538234,2690,45.687732342007436,1.2763367676284059,6.523417070479495,1.1371039926851374,2.483556320234605,3
gen4_cross_7913,fixed,0.005,,,rr,3.0,0.015,,1000,ranging,66.48586660922257,980.0194516378258,2690,45.61338289962825,1.3185442114953911,5.2687524600118625,1.3225335381867702,3.1194281443510024,4
gen6_cross_2687,fixed,0.005,,,rr,3.5,,,1800,ranging,66.47835581137271,2176.266932816733,2690,45.61338289962825,1.3929838291355956,5.268752460011875,1.5281585763106647,3.848397718877214,6
gen4_cross_7155,fixed,0.006,,,rr,3.0,,,1700,volatile,66.47722143158745,1583.226692762692,2690,45.687732342007436,1.276336767628406,6.523417070479458,1.1371039926851372,2.4835563202346047,4
gen5_cross_8034,fixed,0.005,,40.0,rr,3.0,,,800,volatile,66.47589629571762,784.0155613102605,2690,45.61338289962825,1.318544211495391,5.268752460011874,1.3225335381867704,3.1194281443510037,5
gen4_cross_6217,fixed,0.005,,40.0,rr,3.0,,,800,any,66.4747104127645,784.0155613102605,2690,45.61338289962825,1.318544211495391,5.268752460011874,1.3225335381867704,3.1194281443510037,4
gen3_cross_7099,fixed,0.006,,,rr,3.0,,2.5,1000,ranging,66.46445320118272,931.3098192721719,2690,45.687732342007436,1.2763367676284056,6.523417070479512,1.1371039926851372,2.4835563202346047,3
gen2_cross_5381,fixed,0.005,,,rr,3.0,0.015,,800,ranging,66.46236031555472,784.0155613102605,2690,45.61338289962825,1.318544211495391,5.268752460011874,1.3225335381867704,3.1194281443510037,2
gen2_cross_5381,fixed,0.005,,,rr,3.0,0.015,,800,ranging,66.46236031555472,784.0155613102605,2690,45.61338289962825,1.318544211495391,5.268752460011874,1.3225335381867704,3.1194281443510037,2
gen7_cross_8598,fixed,0.005,,,rr,3.9000000000000004,,2.5,800,ranging,66.4566892147599,1018.2959099824861,2690,45.61338289962825,1.4137319253871137,5.268752460011875,1.5767684876587975,4.051578919643202,7
gen4_cross_8759,fixed,0.005,,40.0,rr,3.0,,,800,any,66.45408101592885,784.0155613102605,2690,45.61338289962825,1.318544211495391,5.268752460011874,1.3225335381867704,3.1194281443510037,4
gen4_cross_8759,fixed,0.005,,40.0,rr,3.0,,,800,any,66.45408101592885,784.0155613102605,2690,45.61338289962825,1.318544211495391,5.268752460011874,1.3225335381867704,3.1194281443510037,4
gen9_cross_6832,fixed,0.005,,40.0,rr,3.9000000000000004,,2.5,900,ranging,66.45304701456327,1145.582898730297,2690,45.61338289962825,1.4137319253871135,5.268752460011875,1.5767684876587975,4.051578919643203,9
gen3_cross_4195,fixed,0.006,,,rr,3.0,,,800,ranging,66.45288616430925,745.0478554177374,2690,45.687732342007436,1.276336767628406,6.523417070479486,1.1371039926851372,2.483556320234605,3
gen5_cross_6044,fixed,0.005,,,rr,3.0,,2.5,800,ranging,66.45044800025424,784.0155613102605,2690,45.61338289962825,1.318544211495391,5.268752460011874,1.3225335381867704,3.1194281443510037,5
gen4_cross_4639,fixed,0.005,,,rr,2.8000000000000003,0.015,,1700,ranging,66.44910158934279,1439.2713926020454,2690,45.61338289962825,1.2751875576479546,5.302644666966327,1.1869408784321285,2.6948466847738177,4
gen6_cross_4525,fixed,0.005,,,rr,3.0,,,800,ranging,66.44373472218393,784.0155613102605,2690,45.61338289962825,1.318544211495391,5.268752460011874,1.3225335381867704,3.1194281443510037,6
gen7_cross_3144,fixed,0.005,,,rr,3.0,,2.5,800,ranging,66.43592608208581,784.0155613102605,2690,45.61338289962825,1.318544211495391,5.268752460011874,1.3225335381867704,3.1194281443510037,7
gen3_cross_7075,fixed,0.006,1.5,,rr,3.0,,,800,any,66.4305277931473,745.0478554177374,2690,45.687732342007436,1.276336767628406,6.523417070479486,1.1371039926851372,2.483556320234605,3
gen6_cross_9481,fixed,0.005,,,rr,3.0,,,800,ranging,66.422465253267,784.0155613102605,2690,45.61338289962825,1.318544211495391,5.268752460011874,1.3225335381867704,3.1194281443510037,6
gen5_cross_7515,fixed,0.005,,,rr,3.0,,,800,ranging,66.42144519356856,784.0155613102605,2690,45.61338289962825,1.318544211495391,5.268752460011874,1.3225335381867704,3.1194281443510037,5
gen5_cross_7515,fixed,0.005,,,rr,3.0,,,800,ranging,66.42144519356856,784.0155613102605,2690,45.61338289962825,1.318544211495391,5.268752460011874,1.3225335381867704,3.1194281443510037,5
gen8_cross_3735,fixed,0.005,,,rr,3.5,0.015,,800,ranging,66.41423898163944,967.2297479185484,2690,45.61338289962825,1.3929838291355958,5.268752460011868,1.528158576310665,3.848397718877214,8
gen8_cross_3735,fixed,0.005,,,rr,3.5,0.015,,800,ranging,66.41423898163944,967.2297479185484,2690,45.61338289962825,1.3929838291355958,5.268752460011868,1.528158576310665,3.848397718877214,8
gen6_cross_5338,fixed,0.005,,,rr,3.5,,,800,ranging,66.41387587173814,967.2297479185484,2690,45.61338289962825,1.3929838291355958,5.268752460011868,1.528158576310665,3.848397718877214,6
gen4_cross_3211,fixed,0.005,,,rr,3.0,,,800,ranging,66.4070610773517,784.0155613102605,2690,45.61338289962825,1.318544211495391,5.268752460011874,1.3225335381867704,3.1194281443510037,4
gen6_cross_4633,fixed,0.005,,,rr,3.0,,,800,ranging,66.4032220253805,784.0155613102605,2690,45.61338289962825,1.318544211495391,5.268752460011874,1.3225335381867704,3.1194281443510037,6
gen3_cross_5832,fixed,0.005,,,rr,3.0,,,1000,ranging,66.40152083135975,980.0194516378258,2690,45.61338289962825,1.3185442114953911,5.2687524600118625,1.3225335381867702,3.1194281443510024,3
gen3_cross_5832,fixed,0.005,,,rr,3.0,,,1000,ranging,66.40152083135975,980.0194516378258,2690,45.61338289962825,1.3185442114953911,5.2687524600118625,1.3225335381867702,3.1194281443510024,3
gen5_cross_2756,fixed,0.005,,,rr,3.0,,,1100,ranging,66.39657156206027,1078.0213968016083,2690,45.61338289962825,1.3185442114953907,5.268752460011851,1.3225335381867702,3.1194281443510024,5
gen4_cross_6910,fixed,0.005,,,rr,3.0,,,1100,ranging,66.3943514920582,1078.0213968016083,2690,45.61338289962825,1.3185442114953907,5.268752460011851,1.3225335381867702,3.1194281443510024,4
gen4_cross_3290,fixed,0.005,,,rr,3.0,,,1100,ranging,66.38828892304011,1078.0213968016083,2690,45.61338289962825,1.3185442114953907,5.268752460011851,1.3225335381867702,3.1194281443510024,4
gen3_cross_5497,fixed,0.006,1.25,,rr,3.0,,2.5,800,ranging,66.38636502614989,745.0478554177374,2690,45.687732342007436,1.276336767628406,6.523417070479486,1.1371039926851372,2.483556320234605,3
gen3_cross_5497,fixed,0.006,1.25,,rr,3.0,,2.5,800,ranging,66.38636502614989,745.0478554177374,2690,45.687732342007436,1.276336767628406,6.523417070479486,1.1371039926851372,2.483556320234605,3
gen4_cross_8414,fixed,0.006,,,rr,3.0,,,800,ranging,66.38553734531982,745.0478554177374,2690,45.687732342007436,1.276336767628406,6.523417070479486,1.1371039926851372,2.483556320234605,4
gen3_cross_9558,fixed,0.006,1.25,,rr,3.0,,2.5,800,ranging,66.38545497753397,745.0478554177374,2690,45.687732342007436,1.276336767628406,6.523417070479486,1.1371039926851372,2.483556320234605,3
gen8_cross_7358,fixed,0.005,,,rr,3.9000000000000004,,,800,ranging,66.38227856925869,1018.2959099824861,2690,45.61338289962825,1.4137319253871137,5.268752460011875,1.5767684876587975,4.051578919643202,8
gen6_cross_1371,fixed,0.005,,,rr,3.0,,,800,ranging,66.37960589222244,784.0155613102605,2690,45.61338289962825,1.318544211495391,5.268752460011874,1.3225335381867704,3.1194281443510037,6
gen3_cross_4920,fixed,0.006,1.5,,rr,3.0,,,1500,ranging,66.37659636258736,1396.964728908258,2690,45.687732342007436,1.2763367676284059,6.523417070479513,1.1371039926851376,2.4835563202346056,3
gen6_cross_9620,fixed,0.005,,,rr,3.0,,,800,ranging,66.36592809738875,784.0155613102605,2690,45.61338289962825,1.318544211495391,5.268752460011874,1.3225335381867704,3.1194281443510037,6
gen4_cross_3208,fixed,0.005,,,rr,3.0,,2.5,1100,ranging,66.36540819299195,1078.0213968016083,2690,45.61338289962825,1.3185442114953907,5.268752460011851,1.3225335381867702,3.1194281443510024,4
gen7_cross_8226,fixed,0.005,2.5,,rr,3.9000000000000004,,,800,ranging,66.36017058915061,1018.2959099824861,2690,45.61338289962825,1.4137319253871137,5.268752460011875,1.5767684876587975,4.051578919643202,7
gen4_cross_4932,fixed,0.005,,,rr,3.0,,,800,ranging,66.35886265800008,784.0155613102605,2690,45.61338289962825,1.318544211495391,5.268752460011874,1.3225335381867704,3.1194281443510037,4
gen4_cross_4932,fixed,0.005,,,rr,3.0,,,800,ranging,66.35886265800008,784.0155613102605,2690,45.61338289962825,1.318544211495391,5.268752460011874,1.3225335381867704,3.1194281443510037,4
gen3_cross_3483,fixed,0.006,,,rr,3.0,,,800,ranging,66.35539957184466,745.0478554177374,2690,45.687732342007436,1.276336767628406,6.523417070479486,1.1371039926851372,2.483556320234605,3
gen3_cross_5103,fixed,0.006,,,rr,3.0,0.015,,1000,volatile,66.34252017022047,931.3098192721719,2690,45.687732342007436,1.2763367676284056,6.523417070479512,1.1371039926851372,2.4835563202346047,3
gen6_cross_4900,fixed,0.005,,,rr,3.0,,,800,ranging,66.34083587850316,784.0155613102605,2690,45.61338289962825,1.318544211495391,5.268752460011874,1.3225335381867704,3.1194281443510037,6
gen3_cross_2672,fixed,0.006,,,rr,3.0,,,800,trending,66.34044589359034,745.0478554177374,2690,45.687732342007436,1.276336767628406,6.523417070479486,1.1371039926851372,2.483556320234605,3
gen3_cross_3845,fixed,0.006,,,rr,3.0,,,800,ranging,66.33764605049213,745.0478554177374,2690,45.687732342007436,1.276336767628406,6.523417070479486,1.1371039926851372,2.483556320234605,3
gen3_cross_6738,fixed,0.006,,,rr,3.0,,,800,ranging,66.33700342329021,745.0478554177374,2690,45.687732342007436,1.276336767628406,6.523417070479486,1.1371039926851372,2.483556320234605,3
gen9_cross_9887,fixed,0.005,2.5,,rr,3.9000000000000004,,2.5,800,volatile,66.32998030890921,1018.2959099824861,2690,45.61338289962825,1.4137319253871137,5.268752460011875,1.5767684876587975,4.051578919643202,9
gen5_cross_9216,fixed,0.005,,,rr,2.9000000000000004,0.015,,1000,ranging,66.32724193539889,915.0565269624678,2690,45.61338289962825,1.2974287493659782,5.268381706765437,1.2579637291551944,2.912649416405351,5
gen4_cross_1342,fixed,0.005,,,rr,3.0,,,800,ranging,66.3238301801783,784.0155613102605,2690,45.61338289962825,1.318544211495391,5.268752460011874,1.3225335381867704,3.1194281443510037,4
gen3_cross_1000,fixed,0.006,,,rr,3.0,0.03,,800,trending,66.3229345548741,745.0478554177374,2690,45.687732342007436,1.276336767628406,6.523417070479486,1.1371039926851372,2.483556320234605,3
gen9_cross_1030,fixed,0.005,,,rr,3.9000000000000004,,2.5,800,ranging,66.31987146445594,1018.2959099824861,2690,45.61338289962825,1.4137319253871137,5.268752460011875,1.5767684876587975,4.051578919643202,9
gen4_cross_4121,fixed,0.005,,,rr,3.0,,,800,ranging,66.31955120852221,784.0155613102605,2690,45.61338289962825,1.318544211495391,5.268752460011874,1.3225335381867704,3.1194281443510037,4
gen9_cross_4230,fixed,0.005,,,rr,3.9000000000000004,,2.5,800,ranging,66.31880048786364,1018.2959099824861,2690,45.61338289962825,1.4137319253871137,5.268752460011875,1.5767684876587975,4.051578919643202,9
gen5_cross_4705,fixed,0.005,,,rr,3.0,,,800,ranging,66.30754932468118,784.0155613102605,2690,45.61338289962825,1.318544211495391,5.268752460011874,1.3225335381867704,3.1194281443510037,5
gen8_cross_9624,fixed,0.005,,40.0,rr,3.9000000000000004,,2.5,800,ranging,66.30663355461378,1018.2959099824861,2690,45.61338289962825,1.4137319253871137,5.268752460011875,1.5767684876587975,4.051578919643202,8
gen7_cross_1303,fixed,0.005,,,rr,3.9000000000000004,,,1100,ranging,66.3003371144723,1400.1568762259185,2690,45.61338289962825,1.4137319253871137,5.268752460011851,1.5767684876587975,4.051578919643202,7
gen3_cross_3388,fixed,0.006,,,rr,3.0,,,800,ranging,66.29570148869819,745.0478554177374,2690,45.687732342007436,1.276336767628406,6.523417070479486,1.1371039926851372,2.483556320234605,3
gen6_cross_1283,fixed,0.005,,,rr,3.0,,,1100,ranging,66.29426545610359,1078.0213968016083,2690,45.61338289962825,1.3185442114953907,5.268752460011851,1.3225335381867702,3.1194281443510024,6
gen3_cross_2951,fixed,0.006,,,rr,3.0,,,1000,ranging,66.2909766781236,931.3098192721719,2690,45.687732342007436,1.2763367676284056,6.523417070479512,1.1371039926851372,2.4835563202346047,3
gen2_cross_5026,fixed,0.006,,,rr,3.0,0.03,,800,ranging,66.29007572788788,745.0478554177374,2690,45.687732342007436,1.276336767628406,6.523417070479486,1.1371039926851372,2.483556320234605,2
gen4_cross_6617,fixed,0.005,,,rr,3.0,0.015,,800,ranging,66.28707483389162,784.0155613102605,2690,45.61338289962825,1.318544211495391,5.268752460011874,1.3225335381867704,3.1194281443510037,4
gen4_cross_2915,fixed,0.006,,,rr,3.0,,,800,ranging,66.28356591034978,745.0478554177374,2690,45.687732342007436,1.276336767628406,6.523417070479486,1.1371039926851372,2.483556320234605,4
gen4_cross_7574,fixed,0.005,,,rr,3.0,,,800,ranging,66.28342750587768,784.0155613102605,2690,45.61338289962825,1.318544211495391,5.268752460011874,1.3225335381867704,3.1194281443510037,4
gen8_cross_7391,fixed,0.005,,,rr,3.3000000000000003,,2.5,1100,ranging,66.27659304874805,1256.1576353201517,2690,45.61338289962825,1.3711816339120513,5.268752460011851,1.471738857658514,3.6348939761167096,8
gen3_cross_3052,fixed,0.006,,,rr,3.0,0.03,,800,ranging,66.274825722502,745.0478554177374,2690,45.687732342007436,1.276336767628406,6.523417070479486,1.1371039926851372,2.483556320234605,3
gen4_cross_6456,fixed,0.006,,,rr,3.0,,2.5,800,ranging,66.26963223135867,745.0478554177374,2690,45.687732342007436,1.276336767628406,6.523417070479486,1.1371039926851372,2.483556320234605,4
gen5_cross_4732,fixed,0.005,,,rr,3.0,,,800,ranging,66.2682018428469,784.0155613102605,2690,45.61338289962825,1.318544211495391,5.268752460011874,1.3225335381867704,3.1194281443510037,5
gen5_cross_9599,fixed,0.005,,,rr,3.0,,2.5,800,any,66.2627946677404,784.0155613102605,2690,45.61338289962825,1.318544211495391,5.268752460011874,1.3225335381867704,3.1194281443510037,5
gen5_cross_2211,fixed,0.005,,,rr,3.0,,,800,ranging,66.26118867327814,784.0155613102605,2690,45.61338289962825,1.318544211495391,5.268752460011874,1.3225335381867704,3.1194281443510037,5
gen5_cross_2211,fixed,0.005,,,rr,3.0,,,800,ranging,66.26118867327814,784.0155613102605,2690,45.61338289962825,1.318544211495391,5.268752460011874,1.3225335381867704,3.1194281443510037,5
gen6_cross_3311,fixed,0.005,,,rr,3.0,,,800,any,66.25480486089288,784.0155613102605,2690,45.61338289962825,1.318544211495391,5.268752460011874,1.3225335381867704,3.1194281443510037,6
gen6_cross_1815,fixed,0.005,,,rr,3.0,0.015,2.5,800,any,66.25112766888252,784.0155613102605,2690,45.61338289962825,1.318544211495391,5.268752460011874,1.3225335381867704,3.1194281443510037,6
gen3_cross_1850,fixed,0.006,,,rr,3.0,,,1000,ranging,66.25076824620689,931.3098192721719,2690,45.687732342007436,1.2763367676284056,6.523417070479512,1.1371039926851372,2.4835563202346047,3
gen2_cross_9102,fixed,0.006,,,rr,3.0,,,800,ranging,66.24839934825695,745.0478554177374,2690,45.687732342007436,1.276336767628406,6.523417070479486,1.1371039926851372,2.483556320234605,2
gen2_cross_9102,fixed,0.006,,,rr,3.0,,,800,ranging,66.24839934825695,745.0478554177374,2690,45.687732342007436,1.276336767628406,6.523417070479486,1.1371039926851372,2.483556320234605,2
gen4_cross_4278,fixed,0.005,1.25,,rr,3.0,,2.5,800,any,66.24320867391268,784.0155613102605,2690,45.61338289962825,1.318544211495391,5.268752460011874,1.3225335381867704,3.1194281443510037,4
gen3_cross_8189,fixed,0.006,,,rr,3.0,,,1100,ranging,66.23098453440674,1024.4408011993887,2690,45.687732342007436,1.2763367676284056,6.523417070479466,1.1371039926851372,2.4835563202346047,3
gen3_cross_1878,fixed,0.006,,,rr,3.0,,,1000,ranging,66.21902421780497,931.3098192721719,2690,45.687732342007436,1.2763367676284056,6.523417070479512,1.1371039926851372,2.4835563202346047,3
gen6_cross_1528,fixed,0.005,,,rr,3.0,,,800,ranging,66.21591856076651,784.0155613102605,2690,45.61338289962825,1.318544211495391,5.268752460011874,1.3225335381867704,3.1194281443510037,6
gen2_cross_4428,fixed,0.006,,,rr,3.0,,,800,volatile,66.21349651802713,745.0478554177374,2690,45.687732342007436,1.276336767628406,6.523417070479486,1.1371039926851372,2.483556320234605,2
gen3_cross_5967,fixed,0.006,,,rr,3.0,,,800,ranging,66.20953606127675,745.0478554177374,2690,45.687732342007436,1.276336767628406,6.523417070479486,1.1371039926851372,2.483556320234605,3
gen4_cross_8068,fixed,0.005,,,rr,3.0,,,800,ranging,66.20340666766756,784.0155613102605,2690,45.61338289962825,1.318544211495391,5.268752460011874,1.3225335381867704,3.1194281443510037,4
gen5_cross_3455,fixed,0.005,,,rr,3.0,,2.5,800,ranging,66.19761687877913,784.0155613102605,2690,45.61338289962825,1.318544211495391,5.268752460011874,1.3225335381867704,3.1194281443510037,5
gen5_cross_3336,fixed,0.005,2.5,,rr,3.0,,,800,ranging,66.19624569233127,784.0155613102605,2690,45.61338289962825,1.318544211495391,5.268752460011874,1.3225335381867704,3.1194281443510037,5
gen4_cross_9466,fixed,0.005,,,rr,3.0,,,800,ranging,66.19603718453449,784.0155613102605,2690,45.61338289962825,1.318544211495391,5.268752460011874,1.3225335381867704,3.1194281443510037,4
gen4_cross_3498,fixed,0.006,,,rr,3.0,,,800,volatile,66.19168905732987,745.0478554177374,2690,45.687732342007436,1.276336767628406,6.523417070479486,1.1371039926851372,2.483556320234605,4
gen5_cross_4289,fixed,0.005,,40.0,rr,3.0,,,800,trending,66.18493369392725,784.0155613102605,2690,45.61338289962825,1.318544211495391,5.268752460011874,1.3225335381867704,3.1194281443510037,5
gen5_cross_2558,fixed,0.005,,40.0,rr,3.0,,,800,ranging,66.18382785826323,784.0155613102605,2690,45.61338289962825,1.318544211495391,5.268752460011874,1.3225335381867704,3.1194281443510037,5
gen5_cross_8705,fixed,0.005,,,rr,3.0,,,1100,ranging,66.17977964984587,1078.0213968016083,2690,45.61338289962825,1.3185442114953907,5.268752460011851,1.3225335381867702,3.1194281443510024,5
gen5_cross_1647,fixed,0.005,,,rr,3.0,,,800,trending,66.17236962626355,784.0155613102605,2690,45.61338289962825,1.318544211495391,5.268752460011874,1.3225335381867704,3.1194281443510037,5
gen8_cross_4113,fixed,0.005,,,rr,3.3000000000000003,,2.5,800,ranging,66.1626188911651,913.5691893237471,2690,45.61338289962825,1.3711816339120513,5.268752460011865,1.4717388576585138,3.6348939761167096,8
gen5_cross_2252,fixed,0.005,,,rr,3.0,0.015,,800,volatile,66.16220804974444,784.0155613102605,2690,45.61338289962825,1.318544211495391,5.268752460011874,1.3225335381867704,3.1194281443510037,5
gen4_cross_8780,fixed,0.005,,,rr,3.0,,,1000,volatile,66.16196310844894,980.0194516378258,2690,45.61338289962825,1.3185442114953911,5.2687524600118625,1.3225335381867702,3.1194281443510024,4
gen4_cross_7393,fixed,0.005,,,rr,3.0,,,800,ranging,66.15153023770478,784.0155613102605,2690,45.61338289962825,1.318544211495391,5.268752460011874,1.3225335381867704,3.1194281443510037,4
gen2_cross_3353,fixed,0.006,2.5,,rr,3.0,,,1000,ranging,66.14170882243084,931.3098192721719,2690,45.687732342007436,1.2763367676284056,6.523417070479512,1.1371039926851372,2.4835563202346047,2
gen2_cross_3353,fixed,0.006,2.5,,rr,3.0,,,1000,ranging,66.14170882243084,931.3098192721719,2690,45.687732342007436,1.2763367676284056,6.523417070479512,1.1371039926851372,2.4835563202346047,2
gen7_cross_9129,fixed,0.005,,,rr,3.9000000000000004,,,1100,ranging,66.13928562296563,1400.1568762259185,2690,45.61338289962825,1.4137319253871137,5.268752460011851,1.5767684876587975,4.051578919643202,7
gen7_cross_2813,fixed,0.005,2.5,,rr,3.0,0.015,,800,ranging,66.13757728379215,784.0155613102605,2690,45.61338289962825,1.318544211495391,5.268752460011874,1.3225335381867704,3.1194281443510037,7
gen3_cross_1152,fixed,0.006,,,rr,3.0,,,800,ranging,66.11172336330424,745.0478554177374,2690,45.687732342007436,1.276336767628406,6.523417070479486,1.1371039926851372,2.483556320234605,3
gen5_cross_8321,fixed,0.005,,,rr,3.0,,,1000,ranging,66.11071408685731,980.0194516378258,2690,45.61338289962825,1.3185442114953911,5.2687524600118625,1.3225335381867702,3.1194281443510024,5
gen7_cross_1811,fixed,0.005,,40.0,rr,3.0,,,1100,any,66.11066544796861,1078.0213968016083,2690,45.61338289962825,1.3185442114953907,5.268752460011851,1.3225335381867702,3.1194281443510024,7
gen2_cross_6275,fixed,0.006,1.25,,rr,3.0,,,800,trending,66.10316411045275,745.0478554177374,2690,45.687732342007436,1.276336767628406,6.523417070479486,1.1371039926851372,2.483556320234605,2
gen2_cross_6275,fixed,0.006,1.25,,rr,3.0,,,800,trending,66.10316411045275,745.0478554177374,2690,45.687732342007436,1.276336767628406,6.523417070479486,1.1371039926851372,2.483556320234605,2
gen4_cross_3332,fixed,0.005,,,rr,3.0,,,800,any,66.10154731907568,784.0155613102605,2690,45.61338289962825,1.318544211495391,5.268752460011874,1.3225335381867704,3.1194281443510037,4
gen3_cross_4483,fixed,0.006,,,rr,3.0,,,800,ranging,66.10153642566911,745.0478554177374,2690,45.687732342007436,1.276336767628406,6.523417070479486,1.1371039926851372,2.483556320234605,3
gen3_cross_4483,fixed,0.006,,,rr,3.0,,,800,ranging,66.10153642566911,745.0478554177374,2690,45.687732342007436,1.276336767628406,6.523417070479486,1.1371039926851372,2.483556320234605,3
gen6_cross_9493,fixed,0.005,,40.0,rr,3.0,,,800,ranging,66.10151311383623,784.0155613102605,2690,45.61338289962825,1.318544211495391,5.268752460011874,1.3225335381867704,3.1194281443510037,6
gen2_cross_2281,fixed,0.005,,,rr,2.8000000000000003,0.015,,1700,trending,66.10075326227481,1439.2713926020454,2690,45.61338289962825,1.2751875576479546,5.302644666966327,1.1869408784321285,2.6948466847738177,2
gen7_cross_2012,fixed,0.005,,,rr,3.5,0.015,,800,any,66.09976235900567,967.2297479185484,2690,45.61338289962825,1.3929838291355958,5.268752460011868,1.528158576310665,3.848397718877214,7
gen4_cross_7074,fixed,0.006,2.5,,rr,3.0,,2.5,1100,ranging,66.09679647959892,1024.4408011993887,2690,45.687732342007436,1.2763367676284056,6.523417070479466,1.1371039926851372,2.4835563202346047,4
gen8_cross_6386,fixed,0.005,,,rr,3.3000000000000003,,2.5,800,any,66.09658743334947,913.5691893237471,2690,45.61338289962825,1.3711816339120513,5.268752460011865,1.4717388576585138,3.6348939761167096,8
gen4_cross_6060,fixed,0.006,,,rr,3.0,,,1000,ranging,66.0948935829792,931.3098192721719,2690,45.687732342007436,1.2763367676284056,6.523417070479512,1.1371039926851372,2.4835563202346047,4
gen6_cross_8403,fixed,0.005,,,rr,3.0,,,800,ranging,66.09066754641572,784.0155613102605,2690,45.61338289962825,1.318544211495391,5.268752460011874,1.3225335381867704,3.1194281443510037,6
gen5_cross_6176,fixed,0.005,,,rr,3.0,,,1000,ranging,66.08933276835329,980.0194516378258,2690,45.61338289962825,1.3185442114953911,5.2687524600118625,1.3225335381867702,3.1194281443510024,5
gen3_cross_5422,fixed,0.006,,,rr,3.0,,,800,trending,66.08625343537882,745.0478554177374,2690,45.687732342007436,1.276336767628406,6.523417070479486,1.1371039926851372,2.483556320234605,3
gen6_cross_6369,fixed,0.005,,,rr,3.0,,,800,any,66.08036776769394,784.0155613102605,2690,45.61338289962825,1.318544211495391,5.268752460011874,1.3225335381867704,3.1194281443510037,6
gen3_cross_3647,fixed,0.006,,,rr,3.0,,,900,ranging,66.07898637081006,838.1788373449544,2690,45.687732342007436,1.2763367676284059,6.523417070479532,1.1371039926851372,2.483556320234605,3
gen5_cross_4936,fixed,0.005,,,rr,2.9000000000000004,,2.5,800,ranging,66.07675142601266,732.0452215699744,2690,45.61338289962825,1.2974287493659786,5.268381706765461,1.2579637291551944,2.912649416405351,5
gen5_cross_1544,fixed,0.005,,,rr,3.0,,,800,trending,66.07593048976224,784.0155613102605,2690,45.61338289962825,1.318544211495391,5.268752460011874,1.3225335381867704,3.1194281443510037,5
gen5_cross_2058,fixed,0.005,,,rr,3.0,0.015,,1100,ranging,66.07339371417599,1078.0213968016083,2690,45.61338289962825,1.3185442114953907,5.268752460011851,1.3225335381867702,3.1194281443510024,5
gen5_cross_2246,fixed,0.005,,,rr,3.0,,,800,trending,66.07166118605161,784.0155613102605,2690,45.61338289962825,1.318544211495391,5.268752460011874,1.3225335381867704,3.1194281443510037,5
gen6_cross_6327,fixed,0.005,,,rr,3.0,,,1200,ranging,66.06630590023391,1176.023341965391,2690,45.61338289962825,1.318544211495391,5.268752460011869,1.3225335381867704,3.1194281443510024,6
gen3_cross_2369,fixed,0.005,2.5,,rr,3.0,,2.5,1100,ranging,66.05769884727918,1078.0213968016083,2690,45.61338289962825,1.3185442114953907,5.268752460011851,1.3225335381867702,3.1194281443510024,3
gen3_cross_2369,fixed,0.005,2.5,,rr,3.0,,2.5,1100,ranging,66.05769884727918,1078.0213968016083,2690,45.61338289962825,1.3185442114953907,5.268752460011851,1.3225335381867702,3.1194281443510024,3
gen5_cross_6785,fixed,0.005,,40.0,rr,3.0,,,800,any,66.0570829140616,784.0155613102605,2690,45.61338289962825,1.318544211495391,5.268752460011874,1.3225335381867704,3.1194281443510037,5
gen3_cross_7532,fixed,0.006,,,rr,3.0,0.02,,800,any,66.05658757023903,745.0478554177374,2690,45.687732342007436,1.276336767628406,6.523417070479486,1.1371039926851372,2.483556320234605,3
gen5_cross_3286,fixed,0.005,,40.0,rr,3.0,,,800,any,66.05427836643914,784.0155613102605,2690,45.61338289962825,1.318544211495391,5.268752460011874,1.3225335381867704,3.1194281443510037,5
gen5_cross_3510,fixed,0.005,,,rr,3.0,,,800,ranging,66.05401924480078,784.0155613102605,2690,45.61338289962825,1.318544211495391,5.268752460011874,1.3225335381867704,3.1194281443510037,5
gen3_cross_2414,fixed,0.006,,,rr,3.0,,,800,ranging,66.05201295588654,745.0478554177374,2690,45.687732342007436,1.276336767628406,6.523417070479486,1.1371039926851372,2.483556320234605,3
gen3_cross_7240,fixed,0.006,,,rr,3.0,,,800,ranging,66.04911410307767,745.0478554177374,2690,45.687732342007436,1.276336767628406,6.523417070479486,1.1371039926851372,2.483556320234605,3
gen3_cross_5107,fixed,0.006,,,rr,3.0,0.015,,800,any,66.04755674644106,745.0478554177374,2690,45.687732342007436,1.276336767628406,6.523417070479486,1.1371039926851372,2.483556320234605,3
gen6_cross_2208,fixed,0.005,,,rr,3.0,,,800,ranging,66.0408388763658,784.0155613102605,2690,45.61338289962825,1.318544211495391,5.268752460011874,1.3225335381867704,3.1194281443510037,6
gen7_cross_4968,fixed,0.005,,40.0,rr,3.6,,,800,any,66.03780685418069,978.6880195676017,2690,45.61338289962825,1.3976393057455856,5.268752460011868,1.5392580454586307,3.8939877005453623,7
gen7_cross_4968,fixed,0.005,,40.0,rr,3.6,,,800,any,66.03780685418069,978.6880195676017,2690,45.61338289962825,1.3976393057455856,5.268752460011868,1.5392580454586307,3.8939877005453623,7
gen6_cross_8106,fixed,0.005,,,rr,3.3000000000000003,,,800,ranging,66.03023153433728,913.5691893237471,2690,45.61338289962825,1.3711816339120513,5.268752460011865,1.4717388576585138,3.6348939761167096,6
gen5_cross_3379,fixed,0.005,,,rr,3.0,,,800,ranging,66.01646008607757,784.0155613102605,2690,45.61338289962825,1.318544211495391,5.268752460011874,1.3225335381867704,3.1194281443510037,5
gen5_cross_9770,fixed,0.005,,,rr,3.0,,,1000,ranging,66.014718059071,980.0194516378258,2690,45.61338289962825,1.3185442114953911,5.2687524600118625,1.3225335381867702,3.1194281443510024,5
gen7_cross_9105,fixed,0.005,2.5,40.0,rr,3.5,,,800,ranging,66.01029552686853,967.2297479185484,2690,45.61338289962825,1.3929838291355958,5.268752460011868,1.528158576310665,3.848397718877214,7
gen4_cross_4774,fixed,0.006,2.5,,rr,3.0,,,1100,ranging,66.00966697189972,1024.4408011993887,2690,45.687732342007436,1.2763367676284056,6.523417070479466,1.1371039926851372,2.4835563202346047,4
gen5_cross_7678,fixed,0.005,,,rr,3.0,,,800,ranging,66.00316860796947,784.0155613102605,2690,45.61338289962825,1.318544211495391,5.268752460011874,1.3225335381867704,3.1194281443510037,5
gen3_cross_2381,fixed,0.005,,,rr,3.0,0.015,2.5,800,trending,65.99886811967531,784.0155613102605,2690,45.61338289962825,1.318544211495391,5.268752460011874,1.3225335381867704,3.1194281443510037,3
gen5_cross_3396,fixed,0.005,,,rr,3.0,,,800,trending,65.98947137784867,784.0155613102605,2690,45.61338289962825,1.318544211495391,5.268752460011874,1.3225335381867704,3.1194281443510037,5
gen6_cross_8701,fixed,0.005,,,rr,3.0,,,800,volatile,65.9850325448582,784.0155613102605,2690,45.61338289962825,1.318544211495391,5.268752460011874,1.3225335381867704,3.1194281443510037,6
gen5_cross_6445,fixed,0.005,,,rr,3.0,,,800,ranging,65.9772172531186,784.0155613102605,2690,45.61338289962825,1.318544211495391,5.268752460011874,1.3225335381867704,3.1194281443510037,5
gen4_cross_9299,fixed,0.005,,,rr,3.0,,,1100,any,65.97208297983967,1078.0213968016083,2690,45.61338289962825,1.3185442114953907,5.268752460011851,1.3225335381867702,3.1194281443510024,4
gen4_cross_1609,fixed,0.005,2.5,,rr,3.0,,2.5,500,ranging,65.96097003469225,490.0097258189129,2690,45.61338289962825,1.3185442114953911,5.2687524600118625,1.3225335381867702,3.1194281443510024,4
gen3_cross_7843,fixed,0.006,1.25,,rr,2.6,0.015,,1400,trending,65.95891674225092,1070.1413525921912,2690,45.687732342007436,1.226807599485394,6.5234170704795105,0.9769384890826552,2.0384165741442444,3
gen6_cross_6009,fixed,0.005,,,rr,3.0,,,800,ranging,65.95749806919594,784.0155613102605,2690,45.61338289962825,1.318544211495391,5.268752460011874,1.3225335381867704,3.1194281443510037,6
gen7_cross_9379,fixed,0.005,,,rr,3.9000000000000004,,,800,ranging,65.94434962112813,1018.2959099824861,2690,45.61338289962825,1.4137319253871137,5.268752460011875,1.5767684876587975,4.051578919643202,7
gen7_cross_9379,fixed,0.005,,,rr,3.9000000000000004,,,800,ranging,65.94434962112813,1018.2959099824861,2690,45.61338289962825,1.4137319253871137,5.268752460011875,1.5767684876587975,4.051578919643202,7
gen3_cross_6040,fixed,0.006,,,rr,3.0,,,800,ranging,65.94137771093361,745.0478554177374,2690,45.687732342007436,1.276336767628406,6.523417070479486,1.1371039926851372,2.483556320234605,3
gen4_cross_1896,fixed,0.005,,,rr,3.0,,,800,ranging,65.93767808133447,784.0155613102605,2690,45.61338289962825,1.318544211495391,5.268752460011874,1.3225335381867704,3.1194281443510037,4
gen6_cross_2312,fixed,0.005,2.5,,rr,3.0,,,700,ranging,65.93471173116203,686.013616146478,2690,45.61338289962825,1.3185442114953907,5.268752460011851,1.3225335381867702,3.1194281443510024,6
gen3_cross_2407,fixed,0.005,,,rr,2.8000000000000003,0.015,,1700,volatile,65.93091994032494,1439.2713926020454,2690,45.61338289962825,1.2751875576479546,5.302644666966327,1.1869408784321285,2.6948466847738177,3
gen3_cross_2407,fixed,0.005,,,rr,2.8000000000000003,0.015,,1700,volatile,65.93091994032494,1439.2713926020454,2690,45.61338289962825,1.2751875576479546,5.302644666966327,1.1869408784321285,2.6948466847738177,3
gen3_cross_3212,fixed,0.006,,,rr,3.0,,2.5,1100,ranging,65.92470160178571,1024.4408011993887,2690,45.687732342007436,1.2763367676284056,6.523417070479466,1.1371039926851372,2.4835563202346047,3
gen3_cross_8536,fixed,0.006,,,rr,3.0,,2.5,800,trending,65.92189048222505,745.0478554177374,2690,45.687732342007436,1.276336767628406,6.523417070479486,1.1371039926851372,2.483556320234605,3
gen6_cross_2284,fixed,0.005,,,rr,3.0,,2.5,800,ranging,65.92026358850134,784.0155613102605,2690,45.61338289962825,1.318544211495391,5.268752460011874,1.3225335381867704,3.1194281443510037,6
gen6_cross_2576,fixed,0.005,,,rr,3.0,0.015,2.5,800,ranging,65.90938411816701,784.0155613102605,2690,45.61338289962825,1.318544211495391,5.268752460011874,1.3225335381867704,3.1194281443510037,6
gen4_cross_3754,fixed,0.006,,,rr,3.0,,,1000,ranging,65.90544011882984,931.3098192721719,2690,45.687732342007436,1.2763367676284056,6.523417070479512,1.1371039926851372,2.4835563202346047,4
gen3_cross_7501,fixed,0.005,,,rr,3.0,,,1000,any,65.90477411541072,980.0194516378258,2690,45.61338289962825,1.3185442114953911,5.2687524600118625,1.3225335381867702,3.1194281443510024,3
gen3_cross_7501,fixed,0.005,,,rr,3.0,,,1000,any,65.90477411541072,980.0194516378258,2690,45.61338289962825,1.3185442114953911,5.2687524600118625,1.3225335381867702,3.1194281443510024,3
gen6_cross_3750,fixed,0.005,,,rr,3.3000000000000003,,,800,any,65.901089807845,913.5691893237471,2690,45.61338289962825,1.3711816339120513,5.268752460011865,1.4717388576585138,3.6348939761167096,6
gen4_cross_9369,fixed,0.005,,,rr,3.0,,,800,ranging,65.88963194892965,784.0155613102605,2690,45.61338289962825,1.318544211495391,5.268752460011874,1.3225335381867704,3.1194281443510037,4
gen3_cross_4247,fixed,0.006,,,rr,3.0,,,1400,ranging,65.88259726681692,1303.8337469810406,2690,45.687732342007436,1.2763367676284059,6.523417070479503,1.1371039926851372,2.4835563202346043,3
gen4_cross_2456,fixed,0.006,,,rr,3.0,,,1100,ranging,65.87383617536204,1024.4408011993887,2690,45.687732342007436,1.2763367676284056,6.523417070479466,1.1371039926851372,2.4835563202346047,4
gen5_cross_9701,fixed,0.005,,,rr,3.0,,,800,any,65.87059704445839,784.0155613102605,2690,45.61338289962825,1.318544211495391,5.268752460011874,1.3225335381867704,3.1194281443510037,5
gen8_cross_5887,fixed,0.005,,40.0,rr,3.9000000000000004,,2.5,800,trending,65.86907185357626,1018.2959099824861,2690,45.61338289962825,1.4137319253871137,5.268752460011875,1.5767684876587975,4.051578919643202,8
gen5_cross_4327,fixed,0.005,2.5,,rr,3.0,,,800,volatile,65.86629078095801,784.0155613102605,2690,45.61338289962825,1.318544211495391,5.268752460011874,1.3225335381867704,3.1194281443510037,5
gen2_cross_6036,fixed,0.006,,,rr,3.0,,,800,trending,65.8656821200854,745.0478554177374,2690,45.687732342007436,1.276336767628406,6.523417070479486,1.1371039926851372,2.483556320234605,2
gen4_cross_4830,fixed,0.005,,,rr,3.0,0.015,2.5,1700,trending,65.86471778791248,1666.0330677843037,2690,45.61338289962825,1.318544211495391,5.268752460011869,1.3225335381867704,3.1194281443510037,4
gen4_cross_7450,fixed,0.005,,40.0,rr,3.0,,,1000,ranging,65.86192532626362,980.0194516378258,2690,45.61338289962825,1.3185442114953911,5.2687524600118625,1.3225335381867702,3.1194281443510024,4
gen6_cross_4210,fixed,0.005,,,rr,3.0,,,800,ranging,65.86118481289634,784.0155613102605,2690,45.61338289962825,1.318544211495391,5.268752460011874,1.3225335381867704,3.1194281443510037,6
gen4_cross_9371,fixed,0.005,,,rr,3.0,,,800,ranging,65.85752449182844,784.0155613102605,2690,45.61338289962825,1.318544211495391,5.268752460011874,1.3225335381867704,3.1194281443510037,4
gen2_cross_6279,fixed,0.006,,,rr,3.0,,,1400,ranging,65.84987082708957,1303.8337469810406,2690,45.687732342007436,1.2763367676284059,6.523417070479503,1.1371039926851372,2.4835563202346043,2
gen4_cross_6074,fixed,0.005,,,rr,3.0,,,1100,ranging,65.83600133515034,1078.0213968016083,2690,45.61338289962825,1.3185442114953907,5.268752460011851,1.3225335381867702,3.1194281443510024,4
gen7_cross_9218,fixed,0.005,,,rr,3.9000000000000004,,,900,ranging,65.82968620552543,1145.582898730297,2690,45.61338289962825,1.4137319253871135,5.268752460011875,1.5767684876587975,4.051578919643203,7
gen7_cross_9218,fixed,0.005,,,rr,3.9000000000000004,,,900,ranging,65.82968620552543,1145.582898730297,2690,45.61338289962825,1.4137319253871135,5.268752460011875,1.5767684876587975,4.051578919643203,7
gen7_cross_9218,fixed,0.005,,,rr,3.9000000000000004,,,900,ranging,65.82968620552543,1145.582898730297,2690,45.61338289962825,1.4137319253871135,5.268752460011875,1.5767684876587975,4.051578919643203,7
gen5_cross_2298,fixed,0.005,,,rr,3.0,,,800,trending,65.82885301056312,784.0155613102605,2690,45.61338289962825,1.318544211495391,5.268752460011874,1.3225335381867704,3.1194281443510037,5
gen5_cross_8011,fixed,0.005,,,rr,3.0,0.015,,800,ranging,65.82616130443724,784.0155613102605,2690,45.61338289962825,1.318544211495391,5.268752460011874,1.3225335381867704,3.1194281443510037,5
gen4_cross_9097,fixed,0.006,,,rr,3.0,,,800,ranging,65.82462632951824,745.0478554177374,2690,45.687732342007436,1.276336767628406,6.523417070479486,1.1371039926851372,2.483556320234605,4
gen2_cross_9369,fixed,0.006,,,rr,3.0,,2.5,1900,any,65.82373409116391,1769.4886566171267,2690,45.687732342007436,1.2763367676284059,6.523417070479535,1.1371039926851372,2.4835563202346043,2
gen4_cross_4589,fixed,0.005,,,rr,3.0,,,1100,ranging,65.80689817281066,1078.0213968016083,2690,45.61338289962825,1.3185442114953907,5.268752460011851,1.3225335381867702,3.1194281443510024,4
gen5_cross_4084,fixed,0.005,,40.0,rr,3.0,,2.5,800,any,65.80512171897975,784.0155613102605,2690,45.61338289962825,1.318544211495391,5.268752460011874,1.3225335381867704,3.1194281443510037,5
gen3_cross_8325,fixed,0.006,,,rr,3.0,,,1100,ranging,65.80374037116403,1024.4408011993887,2690,45.687732342007436,1.2763367676284056,6.523417070479466,1.1371039926851372,2.4835563202346047,3
gen4_cross_6670,fixed,0.006,,,rr,3.0,,,1100,ranging,65.79930960834011,1024.4408011993887,2690,45.687732342007436,1.2763367676284056,6.523417070479466,1.1371039926851372,2.4835563202346047,4
gen3_cross_2694,fixed,0.006,,,rr,3.0,,,800,ranging,65.79860829882139,745.0478554177374,2690,45.687732342007436,1.276336767628406,6.523417070479486,1.1371039926851372,2.483556320234605,3
gen4_cross_9225,fixed,0.005,,,rr,3.0,,,800,ranging,65.79681274542845,784.0155613102605,2690,45.61338289962825,1.318544211495391,5.268752460011874,1.3225335381867704,3.1194281443510037,4
gen6_cross_6211,fixed,0.005,,,rr,3.0,,,800,ranging,65.78671162493802,784.0155613102605,2690,45.61338289962825,1.318544211495391,5.268752460011874,1.3225335381867704,3.1194281443510037,6
gen1_cross_9800,fixed,0.006,2.5,,rr,3.0,,,1000,ranging,65.77367643254985,931.3098192721719,2690,45.687732342007436,1.2763367676284056,6.523417070479512,1.1371039926851372,2.4835563202346047,1
gen1_cross_9800,fixed,0.006,2.5,,rr,3.0,,,1000,ranging,65.77367643254985,931.3098192721719,2690,45.687732342007436,1.2763367676284056,6.523417070479512,1.1371039926851372,2.4835563202346047,1
gen3_cross_4998,fixed,0.005,,,rr,3.0,,,800,ranging,65.76317209252319,784.0155613102605,2690,45.61338289962825,1.318544211495391,5.268752460011874,1.3225335381867704,3.1194281443510037,3
gen3_cross_4998,fixed,0.005,,,rr,3.0,,,800,ranging,65.76317209252319,784.0155613102605,2690,45.61338289962825,1.318544211495391,5.268752460011874,1.3225335381867704,3.1194281443510037,3
gen3_cross_9038,fixed,0.006,,,rr,3.0,,,1000,ranging,65.75951209044456,931.3098192721719,2690,45.687732342007436,1.2763367676284056,6.523417070479512,1.1371039926851372,2.4835563202346047,3
gen3_cross_9038,fixed,0.006,,,rr,3.0,,,1000,ranging,65.75951209044456,931.3098192721719,2690,45.687732342007436,1.2763367676284056,6.523417070479512,1.1371039926851372,2.4835563202346047,3
gen4_cross_4041,fixed,0.005,,,rr,3.0,,,1000,ranging,65.75581165681037,980.0194516378258,2690,45.61338289962825,1.3185442114953911,5.2687524600118625,1.3225335381867702,3.1194281443510024,4
gen7_cross_6809,fixed,0.005,,,rr,3.0,,,800,ranging,65.7546728001784,784.0155613102605,2690,45.61338289962825,1.318544211495391,5.268752460011874,1.3225335381867704,3.1194281443510037,7
gen6_cross_7571,fixed,0.005,,,rr,3.3000000000000003,0.015,2.5,800,ranging,65.75193246929874,913.5691893237471,2690,45.61338289962825,1.3711816339120513,5.268752460011865,1.4717388576585138,3.6348939761167096,6
gen5_cross_5780,fixed,0.005,,,rr,3.0,,2.5,800,ranging,65.75125035194834,784.0155613102605,2690,45.61338289962825,1.318544211495391,5.268752460011874,1.3225335381867704,3.1194281443510037,5
gen1_cross_2895,fixed,0.006,,,rr,3.0,,,1100,ranging,65.75086102222227,1024.4408011993887,2690,45.687732342007436,1.2763367676284056,6.523417070479466,1.1371039926851372,2.4835563202346047,1
gen1_cross_2895,fixed,0.006,,,rr,3.0,,,1100,ranging,65.75086102222227,1024.4408011993887,2690,45.687732342007436,1.2763367676284056,6.523417070479466,1.1371039926851372,2.4835563202346047,1
gen2_cross_9951,fixed,0.006,,,rr,3.0,,,900,ranging,65.74949824269358,838.1788373449544,2690,45.687732342007436,1.2763367676284059,6.523417070479532,1.1371039926851372,2.483556320234605,2
gen3_cross_9009,fixed,0.006,1.25,,rr,3.0,,,1000,trending,65.74582566433057,931.3098192721719,2690,45.687732342007436,1.2763367676284056,6.523417070479512,1.1371039926851372,2.4835563202346047,3
gen3_cross_8679,fixed,0.006,,,rr,3.0,,2.5,1100,ranging,65.74392301587076,1024.4408011993887,2690,45.687732342007436,1.2763367676284056,6.523417070479466,1.1371039926851372,2.4835563202346047,3
gen6_cross_9513,fixed,0.005,,,rr,3.3000000000000003,0.015,,800,trending,65.7409694438327,913.5691893237471,2690,45.61338289962825,1.3711816339120513,5.268752460011865,1.4717388576585138,3.6348939761167096,6
gen3_cross_6568,fixed,0.006,2.5,,rr,3.0,,,1000,ranging,65.73409685898795,931.3098192721719,2690,45.687732342007436,1.2763367676284056,6.523417070479512,1.1371039926851372,2.4835563202346047,3
gen6_cross_5429,fixed,0.005,,40.0,rr,3.0,,,800,any,65.72874211295176,784.0155613102605,2690,45.61338289962825,1.318544211495391,5.268752460011874,1.3225335381867704,3.1194281443510037,6
gen3_cross_6056,fixed,0.006,,,rr,2.6,0.015,,1400,ranging,65.72665727483518,1070.1413525921912,2690,45.687732342007436,1.226807599485394,6.5234170704795105,0.9769384890826552,2.0384165741442444,3
gen2_cross_7880,fixed,0.006,,,rr,3.0,,,2000,ranging,65.72659866611272,1862.6196385443438,2690,45.687732342007436,1.2763367676284056,6.523417070479512,1.1371039926851372,2.4835563202346047,2
gen1_cross_1493,fixed,0.006,,,rr,3.0,,,800,ranging,65.72314227518999,745.0478554177374,2690,45.687732342007436,1.276336767628406,6.523417070479486,1.1371039926851372,2.483556320234605,1
gen1_cross_1493,fixed,0.006,,,rr,3.0,,,800,ranging,65.72314227518999,745.0478554177374,2690,45.687732342007436,1.276336767628406,6.523417070479486,1.1371039926851372,2.483556320234605,1
gen5_cross_5831,fixed,0.005,2.5,,rr,3.0,,2.5,1100,ranging,65.71514779346475,1078.0213968016083,2690,45.61338289962825,1.3185442114953907,5.268752460011851,1.3225335381867702,3.1194281443510024,5
gen6_cross_3916,fixed,0.005,,,rr,3.0,,,800,ranging,65.70743007074825,784.0155613102605,2690,45.61338289962825,1.318544211495391,5.268752460011874,1.3225335381867704,3.1194281443510037,6
gen4_cross_9193,fixed,0.005,1.25,,rr,3.0,,,800,ranging,65.70055234216636,784.0155613102605,2690,45.61338289962825,1.318544211495391,5.268752460011874,1.3225335381867704,3.1194281443510037,4
gen3_cross_3581,fixed,0.006,,,rr,3.0,,,800,trending,65.69563831932062,745.0478554177374,2690,45.687732342007436,1.276336767628406,6.523417070479486,1.1371039926851372,2.483556320234605,3
gen4_cross_8992,fixed,0.005,,,rr,3.0,,,800,ranging,65.69041877550535,784.0155613102605,2690,45.61338289962825,1.318544211495391,5.268752460011874,1.3225335381867704,3.1194281443510037,4
gen2_cross_6432,fixed,0.006,1.5,,rr,3.0,0.02,,800,any,65.6854343549498,745.0478554177374,2690,45.687732342007436,1.276336767628406,6.523417070479486,1.1371039926851372,2.483556320234605,2
gen2_cross_6432,fixed,0.006,1.5,,rr,3.0,0.02,,800,any,65.6854343549498,745.0478554177374,2690,45.687732342007436,1.276336767628406,6.523417070479486,1.1371039926851372,2.483556320234605,2
gen4_cross_3757,fixed,0.005,,,rr,3.0,,,800,ranging,65.67728305794984,784.0155613102605,2690,45.61338289962825,1.318544211495391,5.268752460011874,1.3225335381867704,3.1194281443510037,4
gen6_cross_7617,fixed,0.005,,,rr,3.0,0.015,,800,ranging,65.67380397529273,784.0155613102605,2690,45.61338289962825,1.318544211495391,5.268752460011874,1.3225335381867704,3.1194281443510037,6
gen7_cross_7108,fixed,0.005,,,rr,3.0,,2.5,800,ranging,65.67013816356533,784.0155613102605,2690,45.61338289962825,1.318544211495391,5.268752460011874,1.3225335381867704,3.1194281443510037,7
gen3_cross_7866,fixed,0.006,,,rr,3.0,,2.5,800,trending,65.66671050874824,745.0478554177374,2690,45.687732342007436,1.276336767628406,6.523417070479486,1.1371039926851372,2.483556320234605,3
gen3_cross_5615,fixed,0.005,,,rr,3.0,,,800,ranging,65.6664784513064,784.0155613102605,2690,45.61338289962825,1.318544211495391,5.268752460011874,1.3225335381867704,3.1194281443510037,3
gen3_cross_5615,fixed,0.005,,,rr,3.0,,,800,ranging,65.6664784513064,784.0155613102605,2690,45.61338289962825,1.318544211495391,5.268752460011874,1.3225335381867704,3.1194281443510037,3
gen3_cross_4443,fixed,0.006,1.5,,rr,3.0,,,800,ranging,65.6658072610855,745.0478554177374,2690,45.687732342007436,1.276336767628406,6.523417070479486,1.1371039926851372,2.483556320234605,3
gen1_cross_8564,fixed,0.006,,,rr,3.0,,,800,volatile,65.66442514546384,745.0478554177374,2690,45.687732342007436,1.276336767628406,6.523417070479486,1.1371039926851372,2.483556320234605,1
gen1_cross_8564,fixed,0.006,,,rr,3.0,,,800,volatile,65.66442514546384,745.0478554177374,2690,45.687732342007436,1.276336767628406,6.523417070479486,1.1371039926851372,2.483556320234605,1
gen3_cross_9058,fixed,0.006,1.5,,rr,3.0,,,800,any,65.66417976221986,745.0478554177374,2690,45.687732342007436,1.276336767628406,6.523417070479486,1.1371039926851372,2.483556320234605,3
gen3_cross_8612,fixed,0.005,,,rr,3.0,0.015,,800,ranging,65.66174616228014,784.0155613102605,2690,45.61338289962825,1.318544211495391,5.268752460011874,1.3225335381867704,3.1194281443510037,3
gen3_cross_8612,fixed,0.005,,,rr,3.0,0.015,,800,ranging,65.66174616228014,784.0155613102605,2690,45.61338289962825,1.318544211495391,5.268752460011874,1.3225335381867704,3.1194281443510037,3
gen3_cross_8612,fixed,0.005,,,rr,3.0,0.015,,800,ranging,65.66174616228014,784.0155613102605,2690,45.61338289962825,1.318544211495391,5.268752460011874,1.3225335381867704,3.1194281443510037,3
gen3_cross_8449,fixed,0.006,,,rr,3.0,,,900,volatile,65.65468905454811,838.1788373449544,2690,45.687732342007436,1.2763367676284059,6.523417070479532,1.1371039926851372,2.483556320234605,3
gen3_cross_6501,fixed,0.005,,,rr,3.0,,,800,ranging,65.65170773166975,784.0155613102605,2690,45.61338289962825,1.318544211495391,5.268752460011874,1.3225335381867704,3.1194281443510037,3
gen5_cross_7880,fixed,0.005,,,rr,3.0,,,800,trending,65.65155093587455,784.0155613102605,2690,45.61338289962825,1.318544211495391,5.268752460011874,1.3225335381867704,3.1194281443510037,5
gen5_cross_7966,fixed,0.005,,,rr,3.0,,,800,ranging,65.62987517882148,784.0155613102605,2690,45.61338289962825,1.318544211495391,5.268752460011874,1.3225335381867704,3.1194281443510037,5
gen3_cross_4423,fixed,0.006,1.25,,rr,3.0,0.015,,800,volatile,65.62987512216125,745.0478554177374,2690,45.687732342007436,1.276336767628406,6.523417070479486,1.1371039926851372,2.483556320234605,3
gen3_cross_3605,fixed,0.006,,,rr,3.0,,,1300,ranging,65.6288228778624,1210.7027650538234,2690,45.687732342007436,1.2763367676284059,6.523417070479495,1.1371039926851374,2.483556320234605,3
gen2_cross_8917,fixed,0.005,,,rr,3.0,,,800,ranging,65.62278056117002,784.0155613102605,2690,45.61338289962825,1.318544211495391,5.268752460011874,1.3225335381867704,3.1194281443510037,2
gen2_cross_8917,fixed,0.005,,,rr,3.0,,,800,ranging,65.62278056117002,784.0155613102605,2690,45.61338289962825,1.318544211495391,5.268752460011874,1.3225335381867704,3.1194281443510037,2
gen4_cross_1688,fixed,0.006,,,rr,3.0,,,800,ranging,65.61221443078563,745.0478554177374,2690,45.687732342007436,1.276336767628406,6.523417070479486,1.1371039926851372,2.483556320234605,4
gen3_cross_6971,fixed,0.005,,,rr,3.0,,,1000,volatile,65.60947238737957,980.0194516378258,2690,45.61338289962825,1.3185442114953911,5.2687524600118625,1.3225335381867702,3.1194281443510024,3
gen2_cross_5097,fixed,0.006,2.5,,rr,3.0,,,1400,any,65.60384174552303,1303.8337469810406,2690,45.687732342007436,1.2763367676284059,6.523417070479503,1.1371039926851372,2.4835563202346043,2
gen6_cross_4250,fixed,0.005,,,rr,3.0,,,800,ranging,65.59370540928013,784.0155613102605,2690,45.61338289962825,1.318544211495391,5.268752460011874,1.3225335381867704,3.1194281443510037,6
gen2_cross_7990,fixed,0.006,,,rr,3.0,,2.5,1400,ranging,65.59057268881777,1303.8337469810406,2690,45.687732342007436,1.2763367676284059,6.523417070479503,1.1371039926851372,2.4835563202346043,2
gen3_cross_4766,fixed,0.006,,,rr,3.0,,,1100,ranging,65.58706428011301,1024.4408011993887,2690,45.687732342007436,1.2763367676284056,6.523417070479466,1.1371039926851372,2.4835563202346047,3
gen5_cross_5013,fixed,0.005,,40.0,rr,3.0,,,800,ranging,65.58704443580801,784.0155613102605,2690,45.61338289962825,1.318544211495391,5.268752460011874,1.3225335381867704,3.1194281443510037,5
gen3_cross_3410,fixed,0.006,,,rr,3.0,,,800,ranging,65.58253093004248,745.0478554177374,2690,45.687732342007436,1.276336767628406,6.523417070479486,1.1371039926851372,2.483556320234605,3
gen5_cross_4389,fixed,0.005,,,rr,3.0,,,800,ranging,65.57924270084192,784.0155613102605,2690,45.61338289962825,1.318544211495391,5.268752460011874,1.3225335381867704,3.1194281443510037,5
gen5_cross_4389,fixed,0.005,,,rr,3.0,,,800,ranging,65.57924270084192,784.0155613102605,2690,45.61338289962825,1.318544211495391,5.268752460011874,1.3225335381867704,3.1194281443510037,5
gen6_cross_3452,fixed,0.005,,,rr,3.0,,,800,volatile,65.57866146327693,784.0155613102605,2690,45.61338289962825,1.318544211495391,5.268752460011874,1.3225335381867704,3.1194281443510037,6
gen5_cross_6946,fixed,0.005,,,rr,3.0,,,1700,volatile,65.57379807487925,1666.0330677843037,2690,45.61338289962825,1.318544211495391,5.268752460011869,1.3225335381867704,3.1194281443510037,5
gen9_cross_8302,fixed,0.005,,,rr,2.5,,,800,ranging,65.57096074622379,515.9844720660305,2690,45.61338289962825,1.2096436281487215,5.388243011622608,0.9587475084856985,2.052990480853361,9
gen3_cross_7738,fixed,0.006,,,rr,2.6,0.015,,1100,any,65.56936915839238,840.8253484652928,2690,45.687732342007436,1.226807599485394,6.523417070479473,0.9769384890826552,2.0384165741442444,3
gen5_cross_1137,fixed,0.005,,,rr,2.9000000000000004,,,800,ranging,65.56693648616817,732.0452215699744,2690,45.61338289962825,1.2974287493659786,5.268381706765461,1.2579637291551944,2.912649416405351,5
gen3_cross_8023,fixed,0.006,,,rr,3.0,,,1000,ranging,65.56376553708894,931.3098192721719,2690,45.687732342007436,1.2763367676284056,6.523417070479512,1.1371039926851372,2.4835563202346047,3
gen3_cross_8023,fixed,0.006,,,rr,3.0,,,1000,ranging,65.56376553708894,931.3098192721719,2690,45.687732342007436,1.2763367676284056,6.523417070479512,1.1371039926851372,2.4835563202346047,3
gen4_cross_6318,fixed,0.005,,,rr,3.0,,,800,ranging,65.55203688929517,784.0155613102605,2690,45.61338289962825,1.318544211495391,5.268752460011874,1.3225335381867704,3.1194281443510037,4
gen3_cross_5870,fixed,0.006,,,rr,3.0,,,800,ranging,65.54243926959538,745.0478554177374,2690,45.687732342007436,1.276336767628406,6.523417070479486,1.1371039926851372,2.483556320234605,3
gen3_cross_8304,fixed,0.006,,,rr,3.0,,,800,ranging,65.54046401107514,745.0478554177374,2690,45.687732342007436,1.276336767628406,6.523417070479486,1.1371039926851372,2.483556320234605,3
gen4_cross_8201,fixed,0.006,,,rr,3.0,,,800,volatile,65.53677689009115,745.0478554177374,2690,45.687732342007436,1.276336767628406,6.523417070479486,1.1371039926851372,2.483556320234605,4
gen3_cross_8675,fixed,0.006,,,rr,3.0,,,1000,ranging,65.53128989083105,931.3098192721719,2690,45.687732342007436,1.2763367676284056,6.523417070479512,1.1371039926851372,2.4835563202346047,3
gen3_cross_8289,fixed,0.006,,,rr,3.0,,,2000,ranging,65.53091592119907,1862.6196385443438,2690,45.687732342007436,1.2763367676284056,6.523417070479512,1.1371039926851372,2.4835563202346047,3
gen5_cross_2297,fixed,0.005,2.5,,rr,3.0,,,800,ranging,65.53039896122367,784.0155613102605,2690,45.61338289962825,1.318544211495391,5.268752460011874,1.3225335381867704,3.1194281443510037,5
gen6_cross_1659,fixed,0.005,,,rr,3.0,,,800,ranging,65.5208159528247,784.0155613102605,2690,45.61338289962825,1.318544211495391,5.268752460011874,1.3225335381867704,3.1194281443510037,6
gen3_cross_7328,fixed,0.006,,,rr,3.0,,,800,ranging,65.5191671992972,745.0478554177374,2690,45.687732342007436,1.276336767628406,6.523417070479486,1.1371039926851372,2.483556320234605,3
gen5_cross_7985,fixed,0.006,,,rr,3.0,,,1000,trending,65.51709056525978,931.3098192721719,2690,45.687732342007436,1.2763367676284056,6.523417070479512,1.1371039926851372,2.4835563202346047,5
gen3_cross_8530,fixed,0.006,,,rr,3.0,,,800,ranging,65.51236548518902,745.0478554177374,2690,45.687732342007436,1.276336767628406,6.523417070479486,1.1371039926851372,2.483556320234605,3
gen4_cross_3967,fixed,0.005,,,rr,3.0,,,1100,ranging,65.51033007928278,1078.0213968016083,2690,45.61338289962825,1.3185442114953907,5.268752460011851,1.3225335381867702,3.1194281443510024,4
gen2_cross_4111,fixed,0.006,,,rr,3.0,,,800,ranging,65.50780110797956,745.0478554177374,2690,45.687732342007436,1.276336767628406,6.523417070479486,1.1371039926851372,2.483556320234605,2
gen3_cross_4723,fixed,0.006,,,rr,3.0,,,1000,ranging,65.49131092823593,931.3098192721719,2690,45.687732342007436,1.2763367676284056,6.523417070479512,1.1371039926851372,2.4835563202346047,3
gen3_cross_9842,fixed,0.006,,,rr,3.0,,,1900,ranging,65.48956734678565,1769.4886566171267,2690,45.687732342007436,1.2763367676284059,6.523417070479535,1.1371039926851372,2.4835563202346043,3
gen4_cross_5723,fixed,0.006,,,rr,3.0,,,900,ranging,65.4892578310113,838.1788373449544,2690,45.687732342007436,1.2763367676284059,6.523417070479532,1.1371039926851372,2.483556320234605,4
gen9_cross_1242,fixed,0.005,,,rr,3.0,,2.5,800,ranging,65.48637403265704,784.0155613102605,2690,45.61338289962825,1.318544211495391,5.268752460011874,1.3225335381867704,3.1194281443510037,9
gen2_cross_6052,fixed,0.006,,,rr,3.0,0.015,,1700,ranging,65.47601907680198,1583.226692762692,2690,45.687732342007436,1.276336767628406,6.523417070479458,1.1371039926851372,2.4835563202346047,2
gen4_cross_7926,fixed,0.006,,,rr,3.0,,2.5,800,ranging,65.47205219491248,745.0478554177374,2690,45.687732342007436,1.276336767628406,6.523417070479486,1.1371039926851372,2.483556320234605,4
gen6_cross_3871,fixed,0.005,,,rr,3.0,,,800,ranging,65.46254511440213,784.0155613102605,2690,45.61338289962825,1.318544211495391,5.268752460011874,1.3225335381867704,3.1194281443510037,6
gen4_cross_7562,fixed,0.005,,,rr,3.0,0.015,,800,ranging,65.45989240683265,784.0155613102605,2690,45.61338289962825,1.318544211495391,5.268752460011874,1.3225335381867704,3.1194281443510037,4
gen4_cross_9273,fixed,0.006,,,rr,3.0,0.015,,800,volatile,65.45468811359905,745.0478554177374,2690,45.687732342007436,1.276336767628406,6.523417070479486,1.1371039926851372,2.483556320234605,4
gen4_cross_7886,fixed,0.006,,,rr,3.0,0.015,,800,trending,65.4432885729741,745.0478554177374,2690,45.687732342007436,1.276336767628406,6.523417070479486,1.1371039926851372,2.483556320234605,4
gen5_cross_4594,fixed,0.005,,40.0,rr,3.0,,,800,any,65.43237409649501,784.0155613102605,2690,45.61338289962825,1.318544211495391,5.268752460011874,1.3225335381867704,3.1194281443510037,5
gen3_cross_1709,fixed,0.006,,,rr,3.0,,,800,ranging,65.42389761610356,745.0478554177374,2690,45.687732342007436,1.276336767628406,6.523417070479486,1.1371039926851372,2.483556320234605,3
gen4_cross_8117,fixed,0.005,,,rr,3.0,,,800,trending,65.4227154744742,784.0155613102605,2690,45.61338289962825,1.318544211495391,5.268752460011874,1.3225335381867704,3.1194281443510037,4
gen4_cross_8117,fixed,0.005,,,rr,3.0,,,800,trending,65.4227154744742,784.0155613102605,2690,45.61338289962825,1.318544211495391,5.268752460011874,1.3225335381867704,3.1194281443510037,4
gen7_cross_8146,fixed,0.005,,,rr,3.0,,,800,ranging,65.42179557318215,784.0155613102605,2690,45.61338289962825,1.318544211495391,5.268752460011874,1.3225335381867704,3.1194281443510037,7
gen3_cross_1230,fixed,0.006,,,rr,3.0,,2.5,800,ranging,65.41759471626575,745.0478554177374,2690,45.687732342007436,1.276336767628406,6.523417070479486,1.1371039926851372,2.483556320234605,3
gen7_cross_5622,fixed,0.005,,,rr,3.3000000000000003,,,800,ranging,65.41578301429176,913.5691893237471,2690,45.61338289962825,1.3711816339120513,5.268752460011865,1.4717388576585138,3.6348939761167096,7
gen5_cross_1286,fixed,0.005,,,rr,2.9000000000000004,0.015,,800,ranging,65.41021100710088,732.0452215699744,2690,45.61338289962825,1.2974287493659786,5.268381706765461,1.2579637291551944,2.912649416405351,5
gen3_cross_5587,fixed,0.006,,,rr,3.0,,2.5,800,ranging,65.40726563649287,745.0478554177374,2690,45.687732342007436,1.276336767628406,6.523417070479486,1.1371039926851372,2.483556320234605,3
gen3_cross_7368,fixed,0.006,,,rr,2.6,0.015,,1400,ranging,65.40457860692801,1070.1413525921912,2690,45.687732342007436,1.226807599485394,6.5234170704795105,0.9769384890826552,2.0384165741442444,3
gen7_cross_7827,fixed,0.005,,,rr,3.0,,,1100,ranging,65.4023601783337,1078.0213968016083,2690,45.61338289962825,1.3185442114953907,5.268752460011851,1.3225335381867702,3.1194281443510024,7
gen6_cross_4744,fixed,0.005,,,rr,3.0,0.015,,800,ranging,65.39990884249445,784.0155613102605,2690,45.61338289962825,1.318544211495391,5.268752460011874,1.3225335381867704,3.1194281443510037,6
gen5_cross_8173,fixed,0.005,,,rr,3.0,,,800,ranging,65.3974876285006,784.0155613102605,2690,45.61338289962825,1.318544211495391,5.268752460011874,1.3225335381867704,3.1194281443510037,5
gen2_cross_4282,fixed,0.006,,,rr,3.0,0.03,,1400,ranging,65.39033815440449,1303.8337469810406,2690,45.687732342007436,1.2763367676284059,6.523417070479503,1.1371039926851372,2.4835563202346043,2
gen3_cross_7837,fixed,0.006,,,rr,3.0,,,1100,ranging,65.38571064242251,1024.4408011993887,2690,45.687732342007436,1.2763367676284056,6.523417070479466,1.1371039926851372,2.4835563202346047,3
gen3_cross_1091,fixed,0.006,2.5,,rr,3.0,,,1000,ranging,65.37829418375877,931.3098192721719,2690,45.687732342007436,1.2763367676284056,6.523417070479512,1.1371039926851372,2.4835563202346047,3
gen3_cross_8420,fixed,0.006,,,rr,3.0,,,1400,any,65.3714248003991,1303.8337469810406,2690,45.687732342007436,1.2763367676284059,6.523417070479503,1.1371039926851372,2.4835563202346043,3
gen4_cross_3027,fixed,0.006,,,rr,3.0,,,800,any,65.36404777464291,745.0478554177374,2690,45.687732342007436,1.276336767628406,6.523417070479486,1.1371039926851372,2.483556320234605,4
gen4_cross_8998,fixed,0.005,,,rr,3.0,,,1100,ranging,65.36338809392507,1078.0213968016083,2690,45.61338289962825,1.3185442114953907,5.268752460011851,1.3225335381867702,3.1194281443510024,4
gen6_cross_9849,fixed,0.005,,,rr,3.0,,,800,ranging,65.36111193940893,784.0155613102605,2690,45.61338289962825,1.318544211495391,5.268752460011874,1.3225335381867704,3.1194281443510037,6
gen6_cross_9849,fixed,0.005,,,rr,3.0,,,800,ranging,65.36111193940893,784.0155613102605,2690,45.61338289962825,1.318544211495391,5.268752460011874,1.3225335381867704,3.1194281443510037,6
gen4_cross_2635,fixed,0.006,,,rr,3.0,,,800,any,65.36069469154762,745.0478554177374,2690,45.687732342007436,1.276336767628406,6.523417070479486,1.1371039926851372,2.483556320234605,4
gen5_cross_1346,fixed,0.005,,,rr,3.0,,,1000,trending,65.3585893874368,980.0194516378258,2690,45.61338289962825,1.3185442114953911,5.2687524600118625,1.3225335381867702,3.1194281443510024,5
gen4_cross_4606,fixed,0.005,,,rr,3.0,,,800,ranging,65.3458833484267,784.0155613102605,2690,45.61338289962825,1.318544211495391,5.268752460011874,1.3225335381867704,3.1194281443510037,4
gen5_cross_8038,fixed,0.005,,,rr,3.0,0.015,,800,ranging,65.3301440268536,784.0155613102605,2690,45.61338289962825,1.318544211495391,5.268752460011874,1.3225335381867704,3.1194281443510037,5
gen5_cross_3965,fixed,0.005,,,rr,3.0,,2.5,800,ranging,65.32973902291576,784.0155613102605,2690,45.61338289962825,1.318544211495391,5.268752460011874,1.3225335381867704,3.1194281443510037,5
gen3_cross_6959,fixed,0.006,,,rr,3.0,,,800,ranging,65.32597320831732,745.0478554177374,2690,45.687732342007436,1.276336767628406,6.523417070479486,1.1371039926851372,2.483556320234605,3
gen2_cross_6816,fixed,0.006,,,rr,3.0,,,800,volatile,65.32498866645196,745.0478554177374,2690,45.687732342007436,1.276336767628406,6.523417070479486,1.1371039926851372,2.483556320234605,2
gen3_cross_6642,fixed,0.006,,,rr,3.0,,,900,ranging,65.31996585845835,838.1788373449544,2690,45.687732342007436,1.2763367676284059,6.523417070479532,1.1371039926851372,2.483556320234605,3
gen6_cross_1005,fixed,0.005,,,rr,3.0,,,800,volatile,65.31709881575793,784.0155613102605,2690,45.61338289962825,1.318544211495391,5.268752460011874,1.3225335381867704,3.1194281443510037,6
gen3_cross_9060,fixed,0.006,,,rr,3.0,0.015,2.5,1100,volatile,65.3110036079466,1024.4408011993887,2690,45.687732342007436,1.2763367676284056,6.523417070479466,1.1371039926851372,2.4835563202346047,3
gen5_cross_4263,fixed,0.005,,,rr,3.0,,,1100,ranging,65.30457500284756,1078.0213968016083,2690,45.61338289962825,1.3185442114953907,5.268752460011851,1.3225335381867702,3.1194281443510024,5
gen6_cross_9777,fixed,0.005,,,rr,3.0,,,800,ranging,65.30180084317256,784.0155613102605,2690,45.61338289962825,1.318544211495391,5.268752460011874,1.3225335381867704,3.1194281443510037,6
gen4_cross_2187,fixed,0.005,,,rr,2.8000000000000003,,,1100,ranging,65.29729603523006,931.2932540366177,2690,45.61338289962825,1.2751875576479546,5.302644666966302,1.1869408784321285,2.6948466847738173,4
gen3_cross_1814,fixed,0.006,,,rr,3.0,,,800,ranging,65.29096162719559,745.0478554177374,2690,45.687732342007436,1.276336767628406,6.523417070479486,1.1371039926851372,2.483556320234605,3
gen4_cross_5807,fixed,0.005,,,rr,3.0,,,1100,ranging,65.28373027612516,1078.0213968016083,2690,45.61338289962825,1.3185442114953907,5.268752460011851,1.3225335381867702,3.1194281443510024,4
gen3_cross_7650,fixed,0.006,,,rr,2.6,,,800,any,65.2636522343898,611.5093443383951,2690,45.687732342007436,1.226807599485394,6.523417070479486,0.9769384890826551,2.0384165741442444,3
gen7_cross_9673,fixed,0.005,,,rr,3.0,,,1000,ranging,65.25565439840749,980.0194516378258,2690,45.61338289962825,1.3185442114953911,5.2687524600118625,1.3225335381867702,3.1194281443510024,7
gen4_cross_9714,fixed,0.005,2.5,,rr,3.0,0.015,,1100,ranging,65.2452554361706,1078.0213968016083,2690,45.61338289962825,1.3185442114953907,5.268752460011851,1.3225335381867702,3.1194281443510024,4
gen4_cross_6493,fixed,0.006,2.5,,rr,3.0,,,800,ranging,65.24481237216018,745.0478554177374,2690,45.687732342007436,1.276336767628406,6.523417070479486,1.1371039926851372,2.483556320234605,4
gen4_cross_1014,fixed,0.005,,,rr,3.0,,,800,ranging,65.23831837461698,784.0155613102605,2690,45.61338289962825,1.318544211495391,5.268752460011874,1.3225335381867704,3.1194281443510037,4
gen3_cross_6802,fixed,0.006,,,rr,3.0,,,1000,ranging,65.2343643398954,931.3098192721719,2690,45.687732342007436,1.2763367676284056,6.523417070479512,1.1371039926851372,2.4835563202346047,3
gen6_cross_6689,fixed,0.005,,,rr,3.0,,,800,ranging,65.23410994687224,784.0155613102605,2690,45.61338289962825,1.318544211495391,5.268752460011874,1.3225335381867704,3.1194281443510037,6
gen3_cross_1303,fixed,0.006,2.5,,rr,3.0,,,1000,ranging,65.22163185130655,931.3098192721719,2690,45.687732342007436,1.2763367676284056,6.523417070479512,1.1371039926851372,2.4835563202346047,3
gen2_cross_5471,fixed,0.006,2.25,40.0,rr,3.0,0.03,,800,any,65.2141035789939,745.0478554177374,2690,45.687732342007436,1.276336767628406,6.523417070479486,1.1371039926851372,2.483556320234605,2
gen2_cross_5471,fixed,0.006,2.25,40.0,rr,3.0,0.03,,800,any,65.2141035789939,745.0478554177374,2690,45.687732342007436,1.276336767628406,6.523417070479486,1.1371039926851372,2.483556320234605,2
gen4_cross_7565,fixed,0.006,,,rr,3.0,,,1100,ranging,65.20625035919794,1024.4408011993887,2690,45.687732342007436,1.2763367676284056,6.523417070479466,1.1371039926851372,2.4835563202346047,4
gen5_cross_6519,fixed,0.005,,40.0,rr,3.0,,,800,trending,65.19898107909302,784.0155613102605,2690,45.61338289962825,1.318544211495391,5.268752460011874,1.3225335381867704,3.1194281443510037,5
gen0_id0151,fixed,0.006,,,rr,3.0,,,800,ranging,65.19510438214883,745.0478554177374,2690,45.687732342007436,1.276336767628406,6.523417070479486,1.1371039926851372,2.483556320234605,0
gen0_id0151,fixed,0.006,,,rr,3.0,,,800,ranging,65.19510438214883,745.0478554177374,2690,45.687732342007436,1.276336767628406,6.523417070479486,1.1371039926851372,2.483556320234605,0
gen0_id0151,fixed,0.006,,,rr,3.0,,,800,ranging,65.19510438214883,745.0478554177374,2690,45.687732342007436,1.276336767628406,6.523417070479486,1.1371039926851372,2.483556320234605,0
gen0_id0151,fixed,0.006,,,rr,3.0,,,800,ranging,65.19510438214883,745.0478554177374,2690,45.687732342007436,1.276336767628406,6.523417070479486,1.1371039926851372,2.483556320234605,0
gen2_cross_6954,fixed,0.006,,,rr,3.0,,,800,ranging,65.19258259646537,745.0478554177374,2690,45.687732342007436,1.276336767628406,6.523417070479486,1.1371039926851372,2.483556320234605,2
gen4_cross_1147,fixed,0.005,,,rr,3.0,,,800,ranging,65.19032251052161,784.0155613102605,2690,45.61338289962825,1.318544211495391,5.268752460011874,1.3225335381867704,3.1194281443510037,4
gen3_cross_4296,fixed,0.006,,,rr,3.0,,,800,ranging,65.18986875340771,745.0478554177374,2690,45.687732342007436,1.276336767628406,6.523417070479486,1.1371039926851372,2.483556320234605,3
gen5_cross_4880,fixed,0.005,,,rr,3.0,,,800,trending,65.18828427141297,784.0155613102605,2690,45.61338289962825,1.318544211495391,5.268752460011874,1.3225335381867704,3.1194281443510037,5
gen2_cross_9098,fixed,0.006,,,rr,3.0,,,1000,ranging,65.18574763359344,931.3098192721719,2690,45.687732342007436,1.2763367676284056,6.523417070479512,1.1371039926851372,2.4835563202346047,2
gen3_cross_7637,fixed,0.006,,,rr,3.0,,,800,ranging,65.17371160292079,745.0478554177374,2690,45.687732342007436,1.276336767628406,6.523417070479486,1.1371039926851372,2.483556320234605,3
gen3_cross_9153,fixed,0.006,,,rr,3.0,,,1300,ranging,65.16600803281538,1210.7027650538234,2690,45.687732342007436,1.2763367676284059,6.523417070479495,1.1371039926851374,2.483556320234605,3
gen3_cross_7094,fixed,0.006,2.5,,rr,3.0,,,1000,ranging,65.15158789405004,931.3098192721719,2690,45.687732342007436,1.2763367676284056,6.523417070479512,1.1371039926851372,2.4835563202346047,3
gen3_cross_1622,fixed,0.006,,,rr,3.0,,,1100,ranging,65.14644807363219,1024.4408011993887,2690,45.687732342007436,1.2763367676284056,6.523417070479466,1.1371039926851372,2.4835563202346047,3
gen4_cross_6438,fixed,0.006,1.25,,rr,3.0,,2.5,800,any,65.14641630162235,745.0478554177374,2690,45.687732342007436,1.276336767628406,6.523417070479486,1.1371039926851372,2.483556320234605,4
gen2_cross_8506,fixed,0.006,,,rr,3.0,,,1100,ranging,65.13942670202859,1024.4408011993887,2690,45.687732342007436,1.2763367676284056,6.523417070479466,1.1371039926851372,2.4835563202346047,2
gen2_cross_8506,fixed,0.006,,,rr,3.0,,,1100,ranging,65.13942670202859,1024.4408011993887,2690,45.687732342007436,1.2763367676284056,6.523417070479466,1.1371039926851372,2.4835563202346047,2
gen3_cross_5374,fixed,0.006,,,rr,3.0,,,800,volatile,65.12820418389438,745.0478554177374,2690,45.687732342007436,1.276336767628406,6.523417070479486,1.1371039926851372,2.483556320234605,3
gen5_cross_1016,fixed,0.005,,,rr,3.0,,,1000,ranging,65.12700919824938,980.0194516378258,2690,45.61338289962825,1.3185442114953911,5.2687524600118625,1.3225335381867702,3.1194281443510024,5
gen5_cross_1016,fixed,0.005,,,rr,3.0,,,1000,ranging,65.12700919824938,980.0194516378258,2690,45.61338289962825,1.3185442114953911,5.2687524600118625,1.3225335381867702,3.1194281443510024,5
gen5_cross_1016,fixed,0.005,,,rr,3.0,,,1000,ranging,65.12700919824938,980.0194516378258,2690,45.61338289962825,1.3185442114953911,5.2687524600118625,1.3225335381867702,3.1194281443510024,5
gen2_cross_9308,fixed,0.006,,,rr,3.0,,,800,any,65.12002172895673,745.0478554177374,2690,45.687732342007436,1.276336767628406,6.523417070479486,1.1371039926851372,2.483556320234605,2
gen3_cross_6112,fixed,0.006,,,rr,3.0,,2.5,800,trending,65.11982512765319,745.0478554177374,2690,45.687732342007436,1.276336767628406,6.523417070479486,1.1371039926851372,2.483556320234605,3
gen3_cross_5826,fixed,0.006,2.5,,rr,3.0,0.015,,900,ranging,65.11952370230895,838.1788373449544,2690,45.687732342007436,1.2763367676284059,6.523417070479532,1.1371039926851372,2.483556320234605,3
gen4_cross_8035,fixed,0.006,,,rr,3.0,,,800,volatile,65.11365965974866,745.0478554177374,2690,45.687732342007436,1.276336767628406,6.523417070479486,1.1371039926851372,2.483556320234605,4
gen2_cross_8142,fixed,0.006,,,rr,3.0,,,800,ranging,65.11250745073272,745.0478554177374,2690,45.687732342007436,1.276336767628406,6.523417070479486,1.1371039926851372,2.483556320234605,2
gen2_cross_8142,fixed,0.006,,,rr,3.0,,,800,ranging,65.11250745073272,745.0478554177374,2690,45.687732342007436,1.276336767628406,6.523417070479486,1.1371039926851372,2.483556320234605,2
gen3_cross_7787,fixed,0.006,,,rr,3.0,0.015,,800,volatile,65.11130799353006,745.0478554177374,2690,45.687732342007436,1.276336767628406,6.523417070479486,1.1371039926851372,2.483556320234605,3
gen3_cross_7642,fixed,0.006,,,rr,3.0,,2.5,1900,ranging,65.10894800691419,1769.4886566171267,2690,45.687732342007436,1.2763367676284059,6.523417070479535,1.1371039926851372,2.4835563202346043,3
gen2_cross_8927,fixed,0.006,,,rr,3.0,,,800,trending,65.10679184060696,745.0478554177374,2690,45.687732342007436,1.276336767628406,6.523417070479486,1.1371039926851372,2.483556320234605,2
gen2_cross_8927,fixed,0.006,,,rr,3.0,,,800,trending,65.10679184060696,745.0478554177374,2690,45.687732342007436,1.276336767628406,6.523417070479486,1.1371039926851372,2.483556320234605,2
gen4_cross_1597,fixed,0.006,,,rr,3.0,,,800,ranging,65.10606543099118,745.0478554177374,2690,45.687732342007436,1.276336767628406,6.523417070479486,1.1371039926851372,2.483556320234605,4
gen6_cross_1668,fixed,0.005,,,rr,3.0,,,800,ranging,65.09795144319945,784.0155613102605,2690,45.61338289962825,1.318544211495391,5.268752460011874,1.3225335381867704,3.1194281443510037,6
gen3_cross_2760,fixed,0.006,,,rr,3.0,0.02,,900,any,65.08005084663124,838.1788373449544,2690,45.687732342007436,1.2763367676284059,6.523417070479532,1.1371039926851372,2.483556320234605,3
gen3_cross_7182,fixed,0.006,1.5,,rr,2.6,0.02,,1400,any,65.07928733144695,1070.1413525921912,2690,45.687732342007436,1.226807599485394,6.5234170704795105,0.9769384890826552,2.0384165741442444,3
gen3_cross_1803,fixed,0.006,,,rr,3.0,0.015,,900,volatile,65.07683283126413,838.1788373449544,2690,45.687732342007436,1.2763367676284059,6.523417070479532,1.1371039926851372,2.483556320234605,3
gen3_cross_8583,fixed,0.006,,,rr,3.0,0.015,,900,ranging,65.0717916023147,838.1788373449544,2690,45.687732342007436,1.2763367676284059,6.523417070479532,1.1371039926851372,2.483556320234605,3
gen3_cross_6706,fixed,0.006,,,rr,3.0,0.015,,800,volatile,65.0640972049244,745.0478554177374,2690,45.687732342007436,1.276336767628406,6.523417070479486,1.1371039926851372,2.483556320234605,3
gen4_cross_3676,fixed,0.006,,,rr,3.0,,,800,trending,65.05882776925385,745.0478554177374,2690,45.687732342007436,1.276336767628406,6.523417070479486,1.1371039926851372,2.483556320234605,4
gen4_cross_8583,fixed,0.005,,,rr,3.0,,2.5,800,ranging,65.05817375251564,784.0155613102605,2690,45.61338289962825,1.318544211495391,5.268752460011874,1.3225335381867704,3.1194281443510037,4
gen3_cross_8423,fixed,0.006,,,rr,3.0,,,900,ranging,65.05139846003793,838.1788373449544,2690,45.687732342007436,1.2763367676284059,6.523417070479532,1.1371039926851372,2.483556320234605,3
gen4_cross_2241,fixed,0.005,,,rr,2.8000000000000003,,,1700,volatile,65.04959104319144,1439.2713926020454,2690,45.61338289962825,1.2751875576479546,5.302644666966327,1.1869408784321285,2.6948466847738177,4
gen4_cross_8305,fixed,0.005,,,rr,3.0,,2.5,800,ranging,65.0424969347559,784.0155613102605,2690,45.61338289962825,1.318544211495391,5.268752460011874,1.3225335381867704,3.1194281443510037,4
gen3_cross_3420,fixed,0.005,,,rr,3.0,0.015,,1000,ranging,65.03991382264394,980.0194516378258,2690,45.61338289962825,1.3185442114953911,5.2687524600118625,1.3225335381867702,3.1194281443510024,3
gen3_cross_6177,fixed,0.006,1.25,,rr,3.0,,,800,volatile,65.03481643042247,745.0478554177374,2690,45.687732342007436,1.276336767628406,6.523417070479486,1.1371039926851372,2.483556320234605,3
gen2_cross_8073,fixed,0.006,,,rr,3.0,,,800,ranging,65.02178248779617,745.0478554177374,2690,45.687732342007436,1.276336767628406,6.523417070479486,1.1371039926851372,2.483556320234605,2
gen3_cross_8888,fixed,0.006,,,rr,3.0,,2.5,800,ranging,65.01201740639718,745.0478554177374,2690,45.687732342007436,1.276336767628406,6.523417070479486,1.1371039926851372,2.483556320234605,3
gen4_cross_3535,fixed,0.005,2.5,,rr,3.0,,2.5,1100,ranging,65.00933749691556,1078.0213968016083,2690,45.61338289962825,1.3185442114953907,5.268752460011851,1.3225335381867702,3.1194281443510024,4
gen5_cross_6778,fixed,0.005,,40.0,rr,3.0,,,800,any,65.0079673763716,784.0155613102605,2690,45.61338289962825,1.318544211495391,5.268752460011874,1.3225335381867704,3.1194281443510037,5
gen3_cross_5193,fixed,0.006,2.5,,rr,3.0,,2.5,800,trending,65.0077897944409,745.0478554177374,2690,45.687732342007436,1.276336767628406,6.523417070479486,1.1371039926851372,2.483556320234605,3
gen5_cross_6531,fixed,0.005,,40.0,rr,3.0,,2.5,1000,any,65.00278606913909,980.0194516378258,2690,45.61338289962825,1.3185442114953911,5.2687524600118625,1.3225335381867702,3.1194281443510024,5
gen2_cross_5785,fixed,0.006,,,rr,2.6,,,800,any,65.0024513602278,611.5093443383951,2690,45.687732342007436,1.226807599485394,6.523417070479486,0.9769384890826551,2.0384165741442444,2
gen5_cross_8568,fixed,0.005,,,rr,3.0,,,800,trending,64.99568816183701,784.0155613102605,2690,45.61338289962825,1.318544211495391,5.268752460011874,1.3225335381867704,3.1194281443510037,5
gen4_cross_7793,fixed,0.006,,,rr,3.0,,,1100,ranging,64.99308671476125,1024.4408011993887,2690,45.687732342007436,1.2763367676284056,6.523417070479466,1.1371039926851372,2.4835563202346047,4
gen5_cross_2749,fixed,0.005,,,rr,3.0,,,800,trending,64.98508745773312,784.0155613102605,2690,45.61338289962825,1.318544211495391,5.268752460011874,1.3225335381867704,3.1194281443510037,5
gen4_cross_3578,fixed,0.006,,,rr,3.0,,,800,trending,64.98447845946691,745.0478554177374,2690,45.687732342007436,1.276336767628406,6.523417070479486,1.1371039926851372,2.483556320234605,4
gen5_cross_4497,fixed,0.005,,,rr,3.0,,,800,volatile,64.96874865036847,784.0155613102605,2690,45.61338289962825,1.318544211495391,5.268752460011874,1.3225335381867704,3.1194281443510037,5
gen5_cross_4497,fixed,0.005,,,rr,3.0,,,800,volatile,64.96874865036847,784.0155613102605,2690,45.61338289962825,1.318544211495391,5.268752460011874,1.3225335381867704,3.1194281443510037,5
gen4_cross_4195,fixed,0.006,,,rr,3.0,,,700,any,64.96074181535549,651.9168734905203,2690,45.687732342007436,1.2763367676284059,6.523417070479503,1.1371039926851372,2.4835563202346043,4
gen3_cross_4389,fixed,0.006,2.5,,rr,3.0,,,1000,ranging,64.956814655295,931.3098192721719,2690,45.687732342007436,1.2763367676284056,6.523417070479512,1.1371039926851372,2.4835563202346047,3
gen3_cross_4389,fixed,0.006,2.5,,rr,3.0,,,1000,ranging,64.956814655295,931.3098192721719,2690,45.687732342007436,1.2763367676284056,6.523417070479512,1.1371039926851372,2.4835563202346047,3
gen5_cross_3307,fixed,0.005,,,rr,3.0,,,800,trending,64.95416274927067,784.0155613102605,2690,45.61338289962825,1.318544211495391,5.268752460011874,1.3225335381867704,3.1194281443510037,5
gen2_cross_4865,fixed,0.006,2.25,40.0,rr,3.0,,,1600,ranging,64.95289258384018,1490.0957108354748,2690,45.687732342007436,1.276336767628406,6.523417070479486,1.1371039926851372,2.483556320234605,2
gen6_cross_7771,fixed,0.005,,,rr,3.0,,,800,ranging,64.94220444452232,784.0155613102605,2690,45.61338289962825,1.318544211495391,5.268752460011874,1.3225335381867704,3.1194281443510037,6
gen4_cross_1086,fixed,0.006,,,rr,3.0,0.015,,800,ranging,64.938982310156,745.0478554177374,2690,45.687732342007436,1.276336767628406,6.523417070479486,1.1371039926851372,2.483556320234605,4
gen2_cross_9415,fixed,0.006,,,rr,3.0,,,800,ranging,64.93084507323175,745.0478554177374,2690,45.687732342007436,1.276336767628406,6.523417070479486,1.1371039926851372,2.483556320234605,2
gen2_cross_9415,fixed,0.006,,,rr,3.0,,,800,ranging,64.93084507323175,745.0478554177374,2690,45.687732342007436,1.276336767628406,6.523417070479486,1.1371039926851372,2.483556320234605,2
gen6_cross_6081,fixed,0.005,,,rr,3.0,,,800,ranging,64.92041486500551,784.0155613102605,2690,45.61338289962825,1.318544211495391,5.268752460011874,1.3225335381867704,3.1194281443510037,6
gen3_cross_1695,fixed,0.006,,,rr,3.0,,,800,ranging,64.91450471282037,745.0478554177374,2690,45.687732342007436,1.276336767628406,6.523417070479486,1.1371039926851372,2.483556320234605,3
gen2_cross_6839,fixed,0.006,,,rr,3.0,,,1300,ranging,64.91409003039243,1210.7027650538234,2690,45.687732342007436,1.2763367676284059,6.523417070479495,1.1371039926851374,2.483556320234605,2
gen2_cross_6839,fixed,0.006,,,rr,3.0,,,1300,ranging,64.91409003039243,1210.7027650538234,2690,45.687732342007436,1.2763367676284059,6.523417070479495,1.1371039926851374,2.483556320234605,2
gen3_cross_1123,fixed,0.006,1.25,,rr,3.0,0.03,,800,any,64.90642897721499,745.0478554177374,2690,45.687732342007436,1.276336767628406,6.523417070479486,1.1371039926851372,2.483556320234605,3
gen3_cross_9740,fixed,0.006,,,rr,3.0,,2.5,800,ranging,64.8986661664585,745.0478554177374,2690,45.687732342007436,1.276336767628406,6.523417070479486,1.1371039926851372,2.483556320234605,3
gen4_cross_1121,fixed,0.006,,,rr,3.0,,,800,ranging,64.89818454348885,745.0478554177374,2690,45.687732342007436,1.276336767628406,6.523417070479486,1.1371039926851372,2.483556320234605,4
gen5_cross_5476,fixed,0.005,,40.0,rr,2.6,0.015,,800,ranging,64.89568403842678,572.4264674960447,2690,45.61338289962825,1.2325759165071732,5.347718068747436,1.0420858566610431,2.2775609584768803,5
gen5_cross_4813,fixed,0.005,2.5,,rr,3.0,,,800,ranging,64.86916626094848,784.0155613102605,2690,45.61338289962825,1.318544211495391,5.268752460011874,1.3225335381867704,3.1194281443510037,5
gen3_cross_9787,fixed,0.006,,,rr,3.0,,,800,ranging,64.86214550187358,745.0478554177374,2690,45.687732342007436,1.276336767628406,6.523417070479486,1.1371039926851372,2.483556320234605,3
gen4_cross_4042,fixed,0.005,,40.0,rr,3.0,,,800,any,64.85496755011486,784.0155613102605,2690,45.61338289962825,1.318544211495391,5.268752460011874,1.3225335381867704,3.1194281443510037,4
gen4_cross_4794,fixed,0.006,,,rr,3.0,,2.5,1100,ranging,64.85227604430345,1024.4408011993887,2690,45.687732342007436,1.2763367676284056,6.523417070479466,1.1371039926851372,2.4835563202346047,4
gen3_cross_4993,fixed,0.006,,,rr,3.0,,,800,ranging,64.84683165450946,745.0478554177374,2690,45.687732342007436,1.276336767628406,6.523417070479486,1.1371039926851372,2.483556320234605,3
gen2_cross_8067,fixed,0.006,,,rr,3.0,0.03,,1800,ranging,64.84252179738681,1676.357674689909,2690,45.687732342007436,1.2763367676284059,6.523417070479532,1.1371039926851372,2.483556320234605,2
gen5_cross_5652,fixed,0.005,,,rr,3.0,,,800,trending,64.84061640260049,784.0155613102605,2690,45.61338289962825,1.318544211495391,5.268752460011874,1.3225335381867704,3.1194281443510037,5
gen3_cross_2136,fixed,0.006,1.25,,rr,3.0,,,1000,ranging,64.837278168471,931.3098192721719,2690,45.687732342007436,1.2763367676284056,6.523417070479512,1.1371039926851372,2.4835563202346047,3
gen4_cross_8373,fixed,0.006,,,rr,3.0,0.015,,1700,volatile,64.83548958470146,1583.226692762692,2690,45.687732342007436,1.276336767628406,6.523417070479458,1.1371039926851372,2.4835563202346047,4
gen4_cross_2852,fixed,0.006,,,rr,3.0,,,1000,trending,64.83465884778848,931.3098192721719,2690,45.687732342007436,1.2763367676284056,6.523417070479512,1.1371039926851372,2.4835563202346047,4
gen3_cross_3849,fixed,0.006,,,rr,3.0,,,800,trending,64.83015968175361,745.0478554177374,2690,45.687732342007436,1.276336767628406,6.523417070479486,1.1371039926851372,2.483556320234605,3
gen3_cross_7108,fixed,0.006,,,rr,3.0,,,800,ranging,64.82908183025401,745.0478554177374,2690,45.687732342007436,1.276336767628406,6.523417070479486,1.1371039926851372,2.483556320234605,3
gen2_cross_1100,fixed,0.006,,,rr,3.6,0.015,,800,any,64.82888748204105,845.5893800434994,2690,45.687732342007436,1.3136274191288217,6.523417070479474,1.2421312793052206,2.818703300545463,2
gen3_cross_5709,fixed,0.006,,,rr,3.0,,2.5,1100,ranging,64.82740597530089,1024.4408011993887,2690,45.687732342007436,1.2763367676284056,6.523417070479466,1.1371039926851372,2.4835563202346047,3
gen7_cross_5051,fixed,0.005,,,rr,3.0,,,800,ranging,64.82086073464562,784.0155613102605,2690,45.61338289962825,1.318544211495391,5.268752460011874,1.3225335381867704,3.1194281443510037,7
gen3_cross_9500,fixed,0.006,,,rr,3.0,,,800,ranging,64.82054425180412,745.0478554177374,2690,45.687732342007436,1.276336767628406,6.523417070479486,1.1371039926851372,2.483556320234605,3
gen3_cross_1043,fixed,0.006,,,rr,3.0,,,800,trending,64.81956094549119,745.0478554177374,2690,45.687732342007436,1.276336767628406,6.523417070479486,1.1371039926851372,2.483556320234605,3
gen3_cross_4401,fixed,0.006,,,rr,3.0,,2.5,1100,ranging,64.81747986428289,1024.4408011993887,2690,45.687732342007436,1.2763367676284056,6.523417070479466,1.1371039926851372,2.4835563202346047,3
gen5_cross_9543,fixed,0.006,,40.0,rr,3.0,,2.5,1000,volatile,64.81492577915805,931.3098192721719,2690,45.687732342007436,1.2763367676284056,6.523417070479512,1.1371039926851372,2.4835563202346047,5
gen4_cross_4080,fixed,0.006,,,rr,3.0,,,800,any,64.81149192194177,745.0478554177374,2690,45.687732342007436,1.276336767628406,6.523417070479486,1.1371039926851372,2.483556320234605,4
gen4_cross_7248,fixed,0.005,,,rr,2.8000000000000003,0.015,,1700,volatile,64.80274223696519,1439.2713926020454,2690,45.61338289962825,1.2751875576479546,5.302644666966327,1.1869408784321285,2.6948466847738177,4
gen4_cross_6815,fixed,0.006,,,rr,3.6,,2.5,800,ranging,64.79146013173485,845.5893800434994,2690,45.687732342007436,1.3136274191288217,6.523417070479474,1.2421312793052206,2.818703300545463,4
gen3_cross_9596,fixed,0.006,,,rr,2.6,,,1900,ranging,64.78362977332392,1452.334692803688,2690,45.687732342007436,1.2268075994853938,6.523417070479533,0.9769384890826552,2.038416574144244,3
gen2_cross_7876,fixed,0.006,,,rr,2.4000000000000004,0.015,,800,ranging,64.77391635823778,487.44505742011063,2690,45.687732342007436,1.1807924022389036,6.53004631723306,0.8117739806018687,1.624858382343872,2
gen3_cross_1426,fixed,0.006,,,rr,3.0,,2.5,800,trending,64.7512575625805,745.0478554177374,2690,45.687732342007436,1.276336767628406,6.523417070479486,1.1371039926851372,2.483556320234605,3
gen3_cross_7611,fixed,0.006,,,rr,3.0,,,800,ranging,64.73879641530901,745.0478554177374,2690,45.687732342007436,1.276336767628406,6.523417070479486,1.1371039926851372,2.483556320234605,3
gen2_cross_4403,fixed,0.006,,,rr,2.6,0.03,,1800,any,64.71602221049343,1375.8960247613895,2690,45.687732342007436,1.226807599485394,6.52341707047954,0.9769384890826551,2.0384165741442444,2
gen2_cross_3751,fixed,0.006,,,rr,3.0,,2.5,900,ranging,64.70709792420949,838.1788373449544,2690,45.687732342007436,1.2763367676284059,6.523417070479532,1.1371039926851372,2.483556320234605,2
gen3_cross_1037,fixed,0.006,,,rr,3.0,,,800,volatile,64.69724907373198,745.0478554177374,2690,45.687732342007436,1.276336767628406,6.523417070479486,1.1371039926851372,2.483556320234605,3
gen3_cross_2409,fixed,0.006,,,rr,3.0,,,800,volatile,64.69431816588394,745.0478554177374,2690,45.687732342007436,1.276336767628406,6.523417070479486,1.1371039926851372,2.483556320234605,3
gen4_cross_4134,fixed,0.006,,,rr,3.0,0.015,,1700,ranging,64.68812236389529,1583.226692762692,2690,45.687732342007436,1.276336767628406,6.523417070479458,1.1371039926851372,2.4835563202346047,4
gen4_cross_7489,fixed,0.006,,,rr,3.0,,2.5,800,ranging,64.68476653437423,745.0478554177374,2690,45.687732342007436,1.276336767628406,6.523417070479486,1.1371039926851372,2.483556320234605,4
gen3_cross_9942,fixed,0.006,1.25,,rr,2.9000000000000004,,,800,trending,64.67583497143274,731.1661275719309,2690,45.687732342007436,1.271188062382007,6.523417070479486,1.1217331483200852,2.437282711530774,3
gen5_cross_2657,fixed,0.005,,40.0,rr,3.0,,,800,ranging,64.67032872479638,784.0155613102605,2690,45.61338289962825,1.318544211495391,5.268752460011874,1.3225335381867704,3.1194281443510037,5
gen3_cross_8187,fixed,0.006,,,rr,3.0,,,1000,ranging,64.65853879616306,931.3098192721719,2690,45.687732342007436,1.2763367676284056,6.523417070479512,1.1371039926851372,2.4835563202346047,3
gen2_cross_8977,fixed,0.005,,,fixed,,0.015,,1700,trending,64.63289441141094,571.54508174995,2690,45.61338289962825,1.1092789698599654,6.255414914044352,0.5497645565322514,1.0701431131539918,2
gen7_cross_7706,fixed,0.005,2.5,,rr,3.0,,2.5,800,ranging,64.61173977605664,784.0155613102605,2690,45.61338289962825,1.318544211495391,5.268752460011874,1.3225335381867704,3.1194281443510037,7
gen3_cross_9728,fixed,0.006,,,rr,3.0,0.03,,800,ranging,64.60971278904054,745.0478554177374,2690,45.687732342007436,1.276336767628406,6.523417070479486,1.1371039926851372,2.483556320234605,3
gen4_cross_8054,fixed,0.005,,,rr,3.0,,,800,ranging,64.59203334559656,784.0155613102605,2690,45.61338289962825,1.318544211495391,5.268752460011874,1.3225335381867704,3.1194281443510037,4
gen8_cross_1849,fixed,0.005,,40.0,rr,2.6,,,800,ranging,64.58707852279102,572.4264674960447,2690,45.61338289962825,1.2325759165071732,5.347718068747436,1.0420858566610431,2.2775609584768803,8
gen3_cross_2794,fixed,0.006,1.25,,rr,3.0,,,800,ranging,64.58007658190039,745.0478554177374,2690,45.687732342007436,1.276336767628406,6.523417070479486,1.1371039926851372,2.483556320234605,3
gen7_cross_6516,fixed,0.005,2.5,,rr,3.0,0.015,,1000,ranging,64.57193751159063,980.0194516378258,2690,45.61338289962825,1.3185442114953911,5.2687524600118625,1.3225335381867702,3.1194281443510024,7
gen3_cross_9785,fixed,0.006,1.5,,rr,3.0,0.02,,800,ranging,64.56896625228539,745.0478554177374,2690,45.687732342007436,1.276336767628406,6.523417070479486,1.1371039926851372,2.483556320234605,3
gen4_cross_6480,fixed,0.006,,,rr,3.0,,,800,ranging,64.56425173992551,745.0478554177374,2690,45.687732342007436,1.276336767628406,6.523417070479486,1.1371039926851372,2.483556320234605,4
gen3_cross_2134,fixed,0.006,,,rr,3.0,,,800,trending,64.56036677430454,745.0478554177374,2690,45.687732342007436,1.276336767628406,6.523417070479486,1.1371039926851372,2.483556320234605,3
gen4_cross_9981,fixed,0.006,,,rr,3.0,,,1000,ranging,64.55848349312492,931.3098192721719,2690,45.687732342007436,1.2763367676284056,6.523417070479512,1.1371039926851372,2.4835563202346047,4
gen2_cross_3224,fixed,0.006,,,rr,3.0,,,800,trending,64.54585696599628,745.0478554177374,2690,45.687732342007436,1.276336767628406,6.523417070479486,1.1371039926851372,2.483556320234605,2
gen2_cross_3224,fixed,0.006,,,rr,3.0,,,800,trending,64.54585696599628,745.0478554177374,2690,45.687732342007436,1.276336767628406,6.523417070479486,1.1371039926851372,2.483556320234605,2
gen2_cross_2404,fixed,0.006,,,rr,3.0,,,800,ranging,64.51774841879563,745.0478554177374,2690,45.687732342007436,1.276336767628406,6.523417070479486,1.1371039926851372,2.483556320234605,2
gen3_cross_7849,fixed,0.006,2.5,,rr,3.0,,,1000,ranging,64.49969440784929,931.3098192721719,2690,45.687732342007436,1.2763367676284056,6.523417070479512,1.1371039926851372,2.4835563202346047,3
gen3_cross_8806,fixed,0.006,,,rr,3.0,0.015,,800,volatile,64.49870622836025,745.0478554177374,2690,45.687732342007436,1.276336767628406,6.523417070479486,1.1371039926851372,2.483556320234605,3
gen3_cross_3429,fixed,0.006,,,rr,3.0,,,800,ranging,64.49423227908451,745.0478554177374,2690,45.687732342007436,1.276336767628406,6.523417070479486,1.1371039926851372,2.483556320234605,3
gen3_cross_7063,fixed,0.006,,,rr,3.0,,,900,ranging,64.49246188003097,838.1788373449544,2690,45.687732342007436,1.2763367676284059,6.523417070479532,1.1371039926851372,2.483556320234605,3
gen2_cross_1658,fixed,0.006,,,rr,2.6,0.015,,1400,any,64.49237760462464,1070.1413525921912,2690,45.687732342007436,1.226807599485394,6.5234170704795105,0.9769384890826552,2.0384165741442444,2
gen2_cross_1658,fixed,0.006,,,rr,2.6,0.015,,1400,any,64.49237760462464,1070.1413525921912,2690,45.687732342007436,1.226807599485394,6.5234170704795105,0.9769384890826552,2.0384165741442444,2
gen2_cross_4443,fixed,0.006,,,rr,2.6,,,800,any,64.48287396438639,611.5093443383951,2690,45.687732342007436,1.226807599485394,6.523417070479486,0.9769384890826551,2.0384165741442444,2
gen3_cross_4655,fixed,0.006,1.25,,rr,3.0,,2.5,800,trending,64.4828414702232,745.0478554177374,2690,45.687732342007436,1.276336767628406,6.523417070479486,1.1371039926851372,2.483556320234605,3
gen2_cross_3000,fixed,0.006,,,rr,3.0,,2.5,1100,ranging,64.48087151867014,1024.4408011993887,2690,45.687732342007436,1.2763367676284056,6.523417070479466,1.1371039926851372,2.4835563202346047,2
gen2_cross_3000,fixed,0.006,,,rr,3.0,,2.5,1100,ranging,64.48087151867014,1024.4408011993887,2690,45.687732342007436,1.2763367676284056,6.523417070479466,1.1371039926851372,2.4835563202346047,2
gen2_cross_6595,fixed,0.006,,,rr,3.0,,,800,ranging,64.48002890382318,745.0478554177374,2690,45.687732342007436,1.276336767628406,6.523417070479486,1.1371039926851372,2.483556320234605,2
gen4_cross_1998,fixed,0.006,,,rr,3.0,,,800,ranging,64.468061410077,745.0478554177374,2690,45.687732342007436,1.276336767628406,6.523417070479486,1.1371039926851372,2.483556320234605,4
gen4_cross_7277,fixed,0.006,,,rr,3.0,,,1000,ranging,64.45874743579905,931.3098192721719,2690,45.687732342007436,1.2763367676284056,6.523417070479512,1.1371039926851372,2.4835563202346047,4
gen5_cross_1730,fixed,0.005,,40.0,rr,3.0,,,800,any,64.45606004089649,784.0155613102605,2690,45.61338289962825,1.318544211495391,5.268752460011874,1.3225335381867704,3.1194281443510037,5
gen3_cross_7861,fixed,0.006,,,rr,3.0,,,800,volatile,64.44948116551534,745.0478554177374,2690,45.687732342007436,1.276336767628406,6.523417070479486,1.1371039926851372,2.483556320234605,3
gen4_cross_3269,fixed,0.006,1.25,,rr,3.0,,2.5,800,ranging,64.44588250180358,745.0478554177374,2690,45.687732342007436,1.276336767628406,6.523417070479486,1.1371039926851372,2.483556320234605,4
gen3_cross_2649,fixed,0.006,,,rr,3.0,,2.5,1100,ranging,64.43995549997807,1024.4408011993887,2690,45.687732342007436,1.2763367676284056,6.523417070479466,1.1371039926851372,2.4835563202346047,3
gen5_cross_1581,fixed,0.005,2.5,,rr,3.0,,2.5,1100,ranging,64.43019139423811,1078.0213968016083,2690,45.61338289962825,1.3185442114953907,5.268752460011851,1.3225335381867702,3.1194281443510024,5
gen2_cross_4656,fixed,0.006,,,rr,3.0,,,800,ranging,64.42749045320828,745.0478554177374,2690,45.687732342007436,1.276336767628406,6.523417070479486,1.1371039926851372,2.483556320234605,2
gen2_cross_4656,fixed,0.006,,,rr,3.0,,,800,ranging,64.42749045320828,745.0478554177374,2690,45.687732342007436,1.276336767628406,6.523417070479486,1.1371039926851372,2.483556320234605,2
gen3_cross_4206,fixed,0.006,,,rr,3.0,,2.5,1000,ranging,64.41448274089309,931.3098192721719,2690,45.687732342007436,1.2763367676284056,6.523417070479512,1.1371039926851372,2.4835563202346047,3
gen7_cross_5811,fixed,0.005,,,rr,3.0,,,800,ranging,64.40286592148053,784.0155613102605,2690,45.61338289962825,1.318544211495391,5.268752460011874,1.3225335381867704,3.1194281443510037,7
gen3_cross_6998,fixed,0.006,,,rr,3.0,,2.5,1100,volatile,64.39998899153149,1024.4408011993887,2690,45.687732342007436,1.2763367676284056,6.523417070479466,1.1371039926851372,2.4835563202346047,3
gen6_cross_2112,fixed,0.005,,40.0,rr,3.0,,,800,ranging,64.39847607405824,784.0155613102605,2690,45.61338289962825,1.318544211495391,5.268752460011874,1.3225335381867704,3.1194281443510037,6
gen3_cross_3405,fixed,0.006,,,rr,3.0,,,1100,ranging,64.38601705089604,1024.4408011993887,2690,45.687732342007436,1.2763367676284056,6.523417070479466,1.1371039926851372,2.4835563202346047,3
gen7_cross_8984,fixed,0.005,,,rr,3.0,,,1000,ranging,64.3810126425205,980.0194516378258,2690,45.61338289962825,1.3185442114953911,5.2687524600118625,1.3225335381867702,3.1194281443510024,7
gen6_cross_4742,fixed,0.005,,,rr,3.0,,,800,ranging,64.3718522512837,784.0155613102605,2690,45.61338289962825,1.318544211495391,5.268752460011874,1.3225335381867704,3.1194281443510037,6
gen2_cross_8637,fixed,0.006,,,rr,3.0,,,900,volatile,64.35498381513707,838.1788373449544,2690,45.687732342007436,1.2763367676284059,6.523417070479532,1.1371039926851372,2.483556320234605,2
gen3_cross_1034,fixed,0.006,,,rr,2.6,,,900,ranging,64.34780053253297,687.9480123806948,2690,45.687732342007436,1.226807599485394,6.52341707047954,0.9769384890826551,2.0384165741442444,3
gen3_cross_5103,fixed,0.006,,,rr,3.0,,,900,ranging,64.34694965592121,838.1788373449544,2690,45.687732342007436,1.2763367676284059,6.523417070479532,1.1371039926851372,2.483556320234605,3
gen4_cross_1818,fixed,0.006,1.25,,rr,3.0,0.015,2.5,800,volatile,64.34281269660687,745.0478554177374,2690,45.687732342007436,1.276336767628406,6.523417070479486,1.1371039926851372,2.483556320234605,4
gen3_cross_4504,fixed,0.006,,,rr,3.0,,,800,volatile,64.33026725125957,745.0478554177374,2690,45.687732342007436,1.276336767628406,6.523417070479486,1.1371039926851372,2.483556320234605,3
gen3_cross_7181,fixed,0.006,,,rr,3.0,,2.5,800,ranging,64.31555609291887,745.0478554177374,2690,45.687732342007436,1.276336767628406,6.523417070479486,1.1371039926851372,2.483556320234605,3
gen3_cross_3159,fixed,0.006,,,rr,3.0,,,800,ranging,64.3149706754714,745.0478554177374,2690,45.687732342007436,1.276336767628406,6.523417070479486,1.1371039926851372,2.483556320234605,3
gen6_cross_2524,fixed,0.006,,,rr,3.3000000000000003,,,800,ranging,64.30657219504235,794.9757458326217,2690,45.687732342007436,1.2948549228736401,6.52341707047948,1.190931100073793,2.6499868748549433,6
gen7_cross_8759,fixed,0.005,,,rr,3.0,,,800,ranging,64.30554785661667,784.0155613102605,2690,45.61338289962825,1.318544211495391,5.268752460011874,1.3225335381867704,3.1194281443510037,7
gen2_cross_5696,fixed,0.007,,,rr,3.0,,,900,trending,64.29820182654775,670.8882929347444,2690,45.687732342007436,1.2033132597889917,7.793417070479512,0.854655571403447,1.7120589714378924,2
gen8_cross_3571,fixed,0.005,,,rr,2.5,,2.5,800,ranging,64.29422422160471,515.9844720660305,2690,45.61338289962825,1.2096436281487215,5.388243011622608,0.9587475084856985,2.052990480853361,8
gen7_cross_8395,fixed,0.005,,,rr,3.0,,,1000,ranging,64.28095979974606,980.0194516378258,2690,45.61338289962825,1.3185442114953911,5.2687524600118625,1.3225335381867702,3.1194281443510024,7
gen3_cross_4522,fixed,0.006,1.25,,rr,3.0,,,800,trending,64.26792344913608,745.0478554177374,2690,45.687732342007436,1.276336767628406,6.523417070479486,1.1371039926851372,2.483556320234605,3
gen6_cross_7890,fixed,0.005,,,rr,3.0,,,800,ranging,64.2668546485747,784.0155613102605,2690,45.61338289962825,1.318544211495391,5.268752460011874,1.3225335381867704,3.1194281443510037,6
gen2_cross_6881,fixed,0.006,,,rr,2.6,0.015,,1000,ranging,64.2520613498951,764.3866804229938,2690,45.687732342007436,1.2268075994853938,6.523417070479512,0.9769384890826551,2.038416574144244,2
gen3_cross_7041,fixed,0.006,,,rr,3.0,,2.5,1900,any,64.23751872356269,1769.4886566171267,2690,45.687732342007436,1.2763367676284059,6.523417070479535,1.1371039926851372,2.4835563202346043,3
gen4_cross_8852,fixed,0.006,,,rr,3.0,,2.5,800,ranging,64.23346409042036,745.0478554177374,2690,45.687732342007436,1.276336767628406,6.523417070479486,1.1371039926851372,2.483556320234605,4
gen3_cross_2265,fixed,0.006,,,rr,3.0,,,800,any,64.23062059569347,745.0478554177374,2690,45.687732342007436,1.276336767628406,6.523417070479486,1.1371039926851372,2.483556320234605,3
gen2_cross_8592,fixed,0.007,,,rr,3.0,,,900,trending,64.22960256404957,670.8882929347444,2690,45.687732342007436,1.2033132597889917,7.793417070479512,0.854655571403447,1.7120589714378924,2
gen2_cross_5698,fixed,0.006,,,rr,3.0,,2.5,1900,ranging,64.22731458250243,1769.4886566171267,2690,45.687732342007436,1.2763367676284059,6.523417070479535,1.1371039926851372,2.4835563202346043,2
gen2_cross_5698,fixed,0.006,,,rr,3.0,,2.5,1900,ranging,64.22731458250243,1769.4886566171267,2690,45.687732342007436,1.2763367676284059,6.523417070479535,1.1371039926851372,2.4835563202346043,2
gen4_cross_5230,fixed,0.006,,,rr,3.0,,,800,any,64.21790382645185,745.0478554177374,2690,45.687732342007436,1.276336767628406,6.523417070479486,1.1371039926851372,2.483556320234605,4
gen3_cross_2008,fixed,0.006,,,rr,3.0,,,800,ranging,64.21654113976152,745.0478554177374,2690,45.687732342007436,1.276336767628406,6.523417070479486,1.1371039926851372,2.483556320234605,3
gen5_cross_9350,fixed,0.006,,,rr,3.0,,,1100,volatile,64.21519689236726,1024.4408011993887,2690,45.687732342007436,1.2763367676284056,6.523417070479466,1.1371039926851372,2.4835563202346047,5
gen3_cross_5372,fixed,0.006,2.5,,rr,3.0,,,1100,ranging,64.20899188183223,1024.4408011993887,2690,45.687732342007436,1.2763367676284056,6.523417070479466,1.1371039926851372,2.4835563202346047,3
gen4_cross_3011,fixed,0.006,1.25,,rr,2.8000000000000003,0.015,,1700,any,64.2023762436365,1480.3802003815495,2690,45.687732342007436,1.2583859161196231,6.523417070479474,1.0814729358171054,2.322224366109048,4
gen2_cross_8430,fixed,0.006,,,rr,2.6,,,800,any,64.19889472968615,611.5093443383951,2690,45.687732342007436,1.226807599485394,6.523417070479486,0.9769384890826551,2.0384165741442444,2
gen4_cross_2570,fixed,0.006,,,rr,3.0,,,1000,ranging,64.18867110791776,931.3098192721719,2690,45.687732342007436,1.2763367676284056,6.523417070479512,1.1371039926851372,2.4835563202346047,4
gen2_cross_9945,fixed,0.006,,,fixed,3.0,0.015,2.5,1800,trending,64.17353866851296,503.7344488814583,2690,45.687732342007436,1.0830373800583626,7.249014950857011,0.4076519373203436,0.7462923295715277,2
gen3_cross_1441,fixed,0.006,,,rr,3.0,,,800,ranging,64.16698670669338,745.0478554177374,2690,45.687732342007436,1.276336767628406,6.523417070479486,1.1371039926851372,2.483556320234605,3
gen4_cross_1920,fixed,0.005,,,rr,3.0,,,800,ranging,64.16292893630582,784.0155613102605,2690,45.61338289962825,1.318544211495391,5.268752460011874,1.3225335381867704,3.1194281443510037,4
gen2_cross_5423,fixed,0.006,,,rr,3.0,,,800,ranging,64.16192049617268,745.0478554177374,2690,45.687732342007436,1.276336767628406,6.523417070479486,1.1371039926851372,2.483556320234605,2
gen2_cross_5423,fixed,0.006,,,rr,3.0,,,800,ranging,64.16192049617268,745.0478554177374,2690,45.687732342007436,1.276336767628406,6.523417070479486,1.1371039926851372,2.483556320234605,2
gen4_cross_8692,fixed,0.006,,,rr,3.0,,2.5,1000,trending,64.16048645950804,931.3098192721719,2690,45.687732342007436,1.2763367676284056,6.523417070479512,1.1371039926851372,2.4835563202346047,4
gen3_cross_5479,fixed,0.006,,,rr,3.0,,,1300,any,64.14495338992816,1210.7027650538234,2690,45.687732342007436,1.2763367676284059,6.523417070479495,1.1371039926851374,2.483556320234605,3
gen4_cross_1840,fixed,0.005,1.25,,rr,3.0,,2.5,800,ranging,64.1323286528403,784.0155613102605,2690,45.61338289962825,1.318544211495391,5.268752460011874,1.3225335381867704,3.1194281443510037,4
gen3_cross_5762,fixed,0.006,,,rr,3.0,,2.5,800,ranging,64.13196600684475,745.0478554177374,2690,45.687732342007436,1.276336767628406,6.523417070479486,1.1371039926851372,2.483556320234605,3
gen3_cross_8284,fixed,0.006,,,rr,3.0,,,800,ranging,64.12616760738302,745.0478554177374,2690,45.687732342007436,1.276336767628406,6.523417070479486,1.1371039926851372,2.483556320234605,3
gen2_cross_1128,fixed,0.006,,,rr,3.0,,,800,any,64.11988705649388,745.0478554177374,2690,45.687732342007436,1.276336767628406,6.523417070479486,1.1371039926851372,2.483556320234605,2
gen2_cross_1128,fixed,0.006,,,rr,3.0,,,800,any,64.11988705649388,745.0478554177374,2690,45.687732342007436,1.276336767628406,6.523417070479486,1.1371039926851372,2.483556320234605,2
gen3_cross_9109,fixed,0.006,,,rr,3.0,,,800,ranging,64.11136338214297,745.0478554177374,2690,45.687732342007436,1.276336767628406,6.523417070479486,1.1371039926851372,2.483556320234605,3
gen2_cross_9487,fixed,0.006,2.5,,rr,3.0,0.015,,800,ranging,64.10806521846555,745.0478554177374,2690,45.687732342007436,1.276336767628406,6.523417070479486,1.1371039926851372,2.483556320234605,2
gen5_cross_1556,fixed,0.005,,,rr,3.0,,,1100,ranging,64.1069656352709,1078.0213968016083,2690,45.61338289962825,1.3185442114953907,5.268752460011851,1.3225335381867702,3.1194281443510024,5
gen4_cross_4915,fixed,0.006,1.25,,rr,3.0,,,800,any,64.09435447617693,745.0478554177374,2690,45.687732342007436,1.276336767628406,6.523417070479486,1.1371039926851372,2.483556320234605,4
gen4_cross_7078,fixed,0.005,,,rr,3.0,,2.5,1100,ranging,64.09306670302514,1078.0213968016083,2690,45.61338289962825,1.3185442114953907,5.268752460011851,1.3225335381867702,3.1194281443510024,4
gen2_cross_6611,fixed,0.006,,,rr,3.0,,2.5,800,ranging,64.08366229500207,745.0478554177374,2690,45.687732342007436,1.276336767628406,6.523417070479486,1.1371039926851372,2.483556320234605,2
gen2_cross_6611,fixed,0.006,,,rr,3.0,,2.5,800,ranging,64.08366229500207,745.0478554177374,2690,45.687732342007436,1.276336767628406,6.523417070479486,1.1371039926851372,2.483556320234605,2
gen2_cross_8960,fixed,0.006,,,rr,3.0,,,1100,ranging,64.08262545429085,1024.4408011993887,2690,45.687732342007436,1.2763367676284056,6.523417070479466,1.1371039926851372,2.4835563202346047,2
gen6_cross_3614,fixed,0.005,,,rr,3.0,,,800,ranging,64.07046345847408,784.0155613102605,2690,45.61338289962825,1.318544211495391,5.268752460011874,1.3225335381867704,3.1194281443510037,6
gen3_cross_4035,fixed,0.006,,,rr,2.6,0.015,,1400,ranging,64.06353101725979,1070.1413525921912,2690,45.687732342007436,1.226807599485394,6.5234170704795105,0.9769384890826552,2.0384165741442444,3
gen4_cross_6684,fixed,0.006,1.25,,rr,3.0,,,800,ranging,64.00163395778003,745.0478554177374,2690,45.687732342007436,1.276336767628406,6.523417070479486,1.1371039926851372,2.483556320234605,4
gen3_cross_2836,fixed,0.006,,,rr,3.0,,,800,volatile,63.99152696815642,745.0478554177374,2690,45.687732342007436,1.276336767628406,6.523417070479486,1.1371039926851372,2.483556320234605,3
gen2_cross_2850,fixed,0.006,,,rr,3.0,,,800,volatile,63.97265000911905,745.0478554177374,2690,45.687732342007436,1.276336767628406,6.523417070479486,1.1371039926851372,2.483556320234605,2
gen2_cross_5637,fixed,0.006,,,rr,3.0,,,1100,ranging,63.96551557473016,1024.4408011993887,2690,45.687732342007436,1.2763367676284056,6.523417070479466,1.1371039926851372,2.4835563202346047,2
gen3_cross_1605,fixed,0.006,,,rr,3.0,0.015,,900,ranging,63.94889060207122,838.1788373449544,2690,45.687732342007436,1.2763367676284059,6.523417070479532,1.1371039926851372,2.483556320234605,3
gen3_cross_8786,fixed,0.006,1.5,,rr,3.0,0.02,,800,ranging,63.94705054482014,745.0478554177374,2690,45.687732342007436,1.276336767628406,6.523417070479486,1.1371039926851372,2.483556320234605,3
gen4_cross_4459,fixed,0.006,1.25,,rr,3.0,,2.5,1000,any,63.937418104543376,931.3098192721719,2690,45.687732342007436,1.2763367676284056,6.523417070479512,1.1371039926851372,2.4835563202346047,4
gen3_cross_7188,fixed,0.006,,,rr,3.0,,,800,ranging,63.93142233770749,745.0478554177374,2690,45.687732342007436,1.276336767628406,6.523417070479486,1.1371039926851372,2.483556320234605,3
gen1_cross_5470,fixed,0.005,,,fixed,,0.015,2.5,1800,trending,63.92555220544158,605.165380676418,2690,45.61338289962825,1.1092789698599654,6.255414914044358,0.5497645565322511,1.0701431131539911,1
gen1_cross_5470,fixed,0.005,,,fixed,,0.015,2.5,1800,trending,63.92555220544158,605.165380676418,2690,45.61338289962825,1.1092789698599654,6.255414914044358,0.5497645565322511,1.0701431131539911,1
gen3_cross_7877,fixed,0.006,,,rr,3.0,,,800,ranging,63.920341860663996,745.0478554177374,2690,45.687732342007436,1.276336767628406,6.523417070479486,1.1371039926851372,2.483556320234605,3
gen3_cross_7877,fixed,0.006,,,rr,3.0,,,800,ranging,63.920341860663996,745.0478554177374,2690,45.687732342007436,1.276336767628406,6.523417070479486,1.1371039926851372,2.483556320234605,3
gen3_cross_6695,fixed,0.006,,,rr,3.0,,2.5,1000,ranging,63.917416300713214,931.3098192721719,2690,45.687732342007436,1.2763367676284056,6.523417070479512,1.1371039926851372,2.4835563202346047,3
gen2_cross_7282,fixed,0.006,,,rr,2.6,,,800,any,63.8857030745989,611.5093443383951,2690,45.687732342007436,1.226807599485394,6.523417070479486,0.9769384890826551,2.0384165741442444,2
gen3_cross_5802,fixed,0.006,,,rr,3.0,,,800,ranging,63.87608887514548,745.0478554177374,2690,45.687732342007436,1.276336767628406,6.523417070479486,1.1371039926851372,2.483556320234605,3
gen3_cross_3351,fixed,0.006,,,rr,3.0,,,800,volatile,63.85674628314051,745.0478554177374,2690,45.687732342007436,1.276336767628406,6.523417070479486,1.1371039926851372,2.483556320234605,3
gen3_cross_7132,fixed,0.006,,,rr,3.0,,,800,volatile,63.85020443745347,745.0478554177374,2690,45.687732342007436,1.276336767628406,6.523417070479486,1.1371039926851372,2.483556320234605,3
gen3_cross_5054,fixed,0.006,,,rr,3.0,,,800,ranging,63.815781517949354,745.0478554177374,2690,45.687732342007436,1.276336767628406,6.523417070479486,1.1371039926851372,2.483556320234605,3
gen3_cross_6089,fixed,0.006,,,rr,3.0,,,800,ranging,63.805536442040854,745.0478554177374,2690,45.687732342007436,1.276336767628406,6.523417070479486,1.1371039926851372,2.483556320234605,3
gen2_cross_5155,fixed,0.006,,,rr,3.0,,,1400,any,63.79811687652928,1303.8337469810406,2690,45.687732342007436,1.2763367676284059,6.523417070479503,1.1371039926851372,2.4835563202346043,2
gen5_cross_9989,fixed,0.005,,40.0,rr,3.0,,,800,any,63.737432894826206,784.0155613102605,2690,45.61338289962825,1.318544211495391,5.268752460011874,1.3225335381867704,3.1194281443510037,5
gen3_cross_3685,fixed,0.006,,,rr,3.0,,,800,trending,63.72484619629469,745.0478554177374,2690,45.687732342007436,1.276336767628406,6.523417070479486,1.1371039926851372,2.483556320234605,3
gen2_cross_5287,fixed,0.005,,,fixed,,,,1800,trending,63.713374275273615,605.165380676418,2690,45.61338289962825,1.1092789698599654,6.255414914044358,0.5497645565322511,1.0701431131539911,2
gen3_cross_8812,fixed,0.006,,,rr,3.0,0.015,,1000,ranging,63.70484435738635,931.3098192721719,2690,45.687732342007436,1.2763367676284056,6.523417070479512,1.1371039926851372,2.4835563202346047,3
gen4_cross_6149,fixed,0.006,,,rr,3.0,,,800,ranging,63.673257421451225,745.0478554177374,2690,45.687732342007436,1.276336767628406,6.523417070479486,1.1371039926851372,2.483556320234605,4
gen3_cross_7709,fixed,0.006,,,rr,3.0,,2.5,800,ranging,63.67291617131301,745.0478554177374,2690,45.687732342007436,1.276336767628406,6.523417070479486,1.1371039926851372,2.483556320234605,3
gen2_cross_7116,fixed,0.006,,,rr,3.0,,,900,ranging,63.66674863525282,838.1788373449544,2690,45.687732342007436,1.2763367676284059,6.523417070479532,1.1371039926851372,2.483556320234605,2
gen2_cross_7116,fixed,0.006,,,rr,3.0,,,900,ranging,63.66674863525282,838.1788373449544,2690,45.687732342007436,1.2763367676284059,6.523417070479532,1.1371039926851372,2.483556320234605,2
gen3_cross_5644,fixed,0.006,1.5,,rr,3.0,0.02,,800,trending,63.65859371621503,745.0478554177374,2690,45.687732342007436,1.276336767628406,6.523417070479486,1.1371039926851372,2.483556320234605,3
gen3_cross_5937,fixed,0.006,,,rr,3.0,,2.5,800,ranging,63.65546141306058,745.0478554177374,2690,45.687732342007436,1.276336767628406,6.523417070479486,1.1371039926851372,2.483556320234605,3
gen1_cross_6235,fixed,0.007,,,rr,3.0,,,900,trending,63.6478576665081,670.8882929347444,2690,45.687732342007436,1.2033132597889917,7.793417070479512,0.854655571403447,1.7120589714378924,1
gen1_cross_6235,fixed,0.007,,,rr,3.0,,,900,trending,63.6478576665081,670.8882929347444,2690,45.687732342007436,1.2033132597889917,7.793417070479512,0.854655571403447,1.7120589714378924,1
gen3_cross_3656,fixed,0.006,,,rr,3.0,,,900,volatile,63.61227173512992,838.1788373449544,2690,45.687732342007436,1.2763367676284059,6.523417070479532,1.1371039926851372,2.483556320234605,3
gen2_cross_2208,fixed,0.006,,,rr,3.0,,2.5,800,ranging,63.60008319407906,745.0478554177374,2690,45.687732342007436,1.276336767628406,6.523417070479486,1.1371039926851372,2.483556320234605,2
gen3_cross_8299,fixed,0.006,,,rr,3.0,,,800,trending,63.589706472059945,745.0478554177374,2690,45.687732342007436,1.276336767628406,6.523417070479486,1.1371039926851372,2.483556320234605,3
gen4_cross_5734,fixed,0.006,2.5,,rr,3.0,,,1100,ranging,63.58524570458924,1024.4408011993887,2690,45.687732342007436,1.2763367676284056,6.523417070479466,1.1371039926851372,2.4835563202346047,4
gen2_cross_8574,fixed,0.006,1.25,,rr,3.0,0.03,,1400,ranging,63.57958692656145,1303.8337469810406,2690,45.687732342007436,1.2763367676284059,6.523417070479503,1.1371039926851372,2.4835563202346043,2
gen3_cross_7965,fixed,0.006,2.5,,rr,3.0,,,800,ranging,63.570945099123165,745.0478554177374,2690,45.687732342007436,1.276336767628406,6.523417070479486,1.1371039926851372,2.483556320234605,3
gen3_cross_7965,fixed,0.006,2.5,,rr,3.0,,,800,ranging,63.570945099123165,745.0478554177374,2690,45.687732342007436,1.276336767628406,6.523417070479486,1.1371039926851372,2.483556320234605,3
gen4_cross_2787,fixed,0.005,,,rr,2.9000000000000004,,,1000,ranging,63.54959104962277,915.0565269624678,2690,45.61338289962825,1.2974287493659782,5.268381706765437,1.2579637291551944,2.912649416405351,4
gen4_cross_2787,fixed,0.005,,,rr,2.9000000000000004,,,1000,ranging,63.54959104962277,915.0565269624678,2690,45.61338289962825,1.2974287493659782,5.268381706765437,1.2579637291551944,2.912649416405351,4
gen3_cross_6235,fixed,0.006,,,rr,3.0,,,1100,ranging,63.54570047177959,1024.4408011993887,2690,45.687732342007436,1.2763367676284056,6.523417070479466,1.1371039926851372,2.4835563202346047,3
gen4_cross_1462,fixed,0.006,,,rr,3.0,,,800,ranging,63.53406181723803,745.0478554177374,2690,45.687732342007436,1.276336767628406,6.523417070479486,1.1371039926851372,2.483556320234605,4
gen2_cross_4397,fixed,0.006,,,rr,3.0,,,1800,volatile,63.53239893450654,1676.357674689909,2690,45.687732342007436,1.2763367676284059,6.523417070479532,1.1371039926851372,2.483556320234605,2
gen4_cross_8430,fixed,0.006,2.5,,rr,3.0,,,1000,ranging,63.527167162933566,931.3098192721719,2690,45.687732342007436,1.2763367676284056,6.523417070479512,1.1371039926851372,2.4835563202346047,4
gen3_cross_4744,fixed,0.006,2.25,,rr,3.0,0.015,,900,any,63.5185843510377,838.1788373449544,2690,45.687732342007436,1.2763367676284059,6.523417070479532,1.1371039926851372,2.483556320234605,3
gen3_cross_9078,fixed,0.006,,,rr,3.0,,,1100,ranging,63.50229196067676,1024.4408011993887,2690,45.687732342007436,1.2763367676284056,6.523417070479466,1.1371039926851372,2.4835563202346047,3
gen4_cross_2869,fixed,0.006,,,rr,3.0,,,1000,ranging,63.4970165164883,931.3098192721719,2690,45.687732342007436,1.2763367676284056,6.523417070479512,1.1371039926851372,2.4835563202346047,4
gen4_cross_5661,fixed,0.005,,,rr,3.0,,,800,ranging,63.4962715007285,784.0155613102605,2690,45.61338289962825,1.318544211495391,5.268752460011874,1.3225335381867704,3.1194281443510037,4
gen4_cross_9850,fixed,0.006,,,rr,3.0,,,1100,ranging,63.45835017053041,1024.4408011993887,2690,45.687732342007436,1.2763367676284056,6.523417070479466,1.1371039926851372,2.4835563202346047,4
gen3_cross_6341,fixed,0.006,,,rr,3.0,,,800,ranging,63.45703082615238,745.0478554177374,2690,45.687732342007436,1.276336767628406,6.523417070479486,1.1371039926851372,2.483556320234605,3
gen2_cross_6829,fixed,0.005,,,fixed,,,2.5,1800,ranging,63.40813763616379,605.165380676418,2690,45.61338289962825,1.1092789698599654,6.255414914044358,0.5497645565322511,1.0701431131539911,2
gen3_cross_4977,fixed,0.006,,,rr,3.0,,,1000,ranging,63.38986934568673,931.3098192721719,2690,45.687732342007436,1.2763367676284056,6.523417070479512,1.1371039926851372,2.4835563202346047,3
gen3_cross_8443,fixed,0.006,,,rr,3.0,,,800,any,63.37161271069225,745.0478554177374,2690,45.687732342007436,1.276336767628406,6.523417070479486,1.1371039926851372,2.483556320234605,3
gen4_cross_1972,fixed,0.006,,,rr,3.0,,2.5,1100,ranging,63.36679924179042,1024.4408011993887,2690,45.687732342007436,1.2763367676284056,6.523417070479466,1.1371039926851372,2.4835563202346047,4
gen3_cross_7633,fixed,0.006,,,rr,3.0,,2.5,800,trending,63.35610228351385,745.0478554177374,2690,45.687732342007436,1.276336767628406,6.523417070479486,1.1371039926851372,2.483556320234605,3
gen3_cross_6298,fixed,0.007,,,rr,3.0,0.03,,800,ranging,63.29190561431872,596.3451492753283,2690,45.687732342007436,1.2033132597889917,7.793417070479518,0.854655571403447,1.7120589714378924,3
gen4_cross_6559,fixed,0.006,2.5,,rr,3.0,,,1100,any,63.28695743817261,1024.4408011993887,2690,45.687732342007436,1.2763367676284056,6.523417070479466,1.1371039926851372,2.4835563202346047,4
gen2_cross_4618,fixed,0.006,2.5,,rr,2.6,,,800,ranging,63.224531591737644,611.5093443383951,2690,45.687732342007436,1.226807599485394,6.523417070479486,0.9769384890826551,2.0384165741442444,2
gen3_cross_2451,fixed,0.006,,,rr,3.0,,,1300,ranging,63.22429494741408,1210.7027650538234,2690,45.687732342007436,1.2763367676284059,6.523417070479495,1.1371039926851374,2.483556320234605,3
gen3_cross_3492,fixed,0.006,,,rr,3.0,,,800,volatile,63.22167756550904,745.0478554177374,2690,45.687732342007436,1.276336767628406,6.523417070479486,1.1371039926851372,2.483556320234605,3
gen3_cross_4412,fixed,0.006,,,rr,3.0,,,1100,ranging,63.19981161514923,1024.4408011993887,2690,45.687732342007436,1.2763367676284056,6.523417070479466,1.1371039926851372,2.4835563202346047,3
gen3_cross_7829,fixed,0.006,,,rr,3.0,,,800,ranging,63.189555155345914,745.0478554177374,2690,45.687732342007436,1.276336767628406,6.523417070479486,1.1371039926851372,2.483556320234605,3
gen2_cross_8351,fixed,0.006,,,rr,3.0,,2.5,2000,any,63.17816609209985,1862.6196385443438,2690,45.687732342007436,1.2763367676284056,6.523417070479512,1.1371039926851372,2.4835563202346047,2
gen3_cross_1116,fixed,0.006,1.25,,rr,3.0,,2.5,800,volatile,63.17152594337282,745.0478554177374,2690,45.687732342007436,1.276336767628406,6.523417070479486,1.1371039926851372,2.483556320234605,3
gen2_cross_3005,fixed,0.006,,,rr,3.0,,,800,trending,63.17086386622259,745.0478554177374,2690,45.687732342007436,1.276336767628406,6.523417070479486,1.1371039926851372,2.483556320234605,2
gen2_cross_7762,fixed,0.006,,,rr,3.0,,,800,ranging,63.16827198079324,745.0478554177374,2690,45.687732342007436,1.276336767628406,6.523417070479486,1.1371039926851372,2.483556320234605,2
gen4_cross_1062,fixed,0.006,1.25,,rr,3.0,,2.5,800,any,63.16118907475139,745.0478554177374,2690,45.687732342007436,1.276336767628406,6.523417070479486,1.1371039926851372,2.483556320234605,4
gen3_cross_2589,fixed,0.006,,,rr,3.0,,,800,ranging,63.150386547405034,745.0478554177374,2690,45.687732342007436,1.276336767628406,6.523417070479486,1.1371039926851372,2.483556320234605,3
gen2_cross_2752,fixed,0.006,,,rr,3.0,0.015,,1100,ranging,63.13608365276097,1024.4408011993887,2690,45.687732342007436,1.2763367676284056,6.523417070479466,1.1371039926851372,2.4835563202346047,2
gen3_cross_8285,fixed,0.006,,,rr,3.0,,,800,ranging,63.13133633099207,745.0478554177374,2690,45.687732342007436,1.276336767628406,6.523417070479486,1.1371039926851372,2.483556320234605,3
gen3_cross_8285,fixed,0.006,,,rr,3.0,,,800,ranging,63.13133633099207,745.0478554177374,2690,45.687732342007436,1.276336767628406,6.523417070479486,1.1371039926851372,2.483556320234605,3
gen4_cross_2204,fixed,0.006,,40.0,rr,3.0,,,1000,ranging,63.093972404832165,931.3098192721719,2690,45.687732342007436,1.2763367676284056,6.523417070479512,1.1371039926851372,2.4835563202346047,4
gen3_cross_8656,fixed,0.006,,,rr,2.6,0.015,,1400,any,63.08316281339028,1070.1413525921912,2690,45.687732342007436,1.226807599485394,6.5234170704795105,0.9769384890826552,2.0384165741442444,3
gen3_cross_8244,fixed,0.006,,,rr,2.6,,,800,volatile,63.01626761508009,611.5093443383951,2690,45.687732342007436,1.226807599485394,6.523417070479486,0.9769384890826551,2.0384165741442444,3
gen2_cross_6132,fixed,0.006,,,rr,3.0,0.03,,800,ranging,63.00433617142035,745.0478554177374,2690,45.687732342007436,1.276336767628406,6.523417070479486,1.1371039926851372,2.483556320234605,2
gen2_cross_4903,fixed,0.006,,,rr,3.0,,2.5,800,trending,62.951420073948206,745.0478554177374,2690,45.687732342007436,1.276336767628406,6.523417070479486,1.1371039926851372,2.483556320234605,2
gen2_cross_4903,fixed,0.006,,,rr,3.0,,2.5,800,trending,62.951420073948206,745.0478554177374,2690,45.687732342007436,1.276336767628406,6.523417070479486,1.1371039926851372,2.483556320234605,2
gen6_cross_4121,fixed,0.007,2.5,,rr,3.0,,,1700,volatile,62.938921309768936,1267.2334422100726,2690,45.687732342007436,1.2033132597889917,7.793417070479533,0.8546555714034471,1.7120589714378927,6
gen3_cross_6240,fixed,0.006,,,rr,3.0,,,900,ranging,62.92998213006684,838.1788373449544,2690,45.687732342007436,1.2763367676284059,6.523417070479532,1.1371039926851372,2.483556320234605,3
gen1_cross_9419,fixed,0.006,,,rr,3.0,,2.5,800,ranging,62.897537804156634,745.0478554177374,2690,45.687732342007436,1.276336767628406,6.523417070479486,1.1371039926851372,2.483556320234605,1
gen1_cross_9419,fixed,0.006,,,rr,3.0,,2.5,800,ranging,62.897537804156634,745.0478554177374,2690,45.687732342007436,1.276336767628406,6.523417070479486,1.1371039926851372,2.483556320234605,1
gen2_cross_8743,fixed,0.005,,,rr,,0.035,,1700,ranging,62.89338241851294,571.54508174995,2690,45.61338289962825,1.1092789698599654,6.255414914044352,0.5497645565322514,1.0701431131539918,2
gen4_cross_1547,fixed,0.006,2.5,,rr,3.0,,,1000,ranging,62.85469575172262,931.3098192721719,2690,45.687732342007436,1.2763367676284056,6.523417070479512,1.1371039926851372,2.4835563202346047,4
gen3_cross_2738,fixed,0.006,,,rr,3.0,0.015,,900,volatile,62.8155628628629,838.1788373449544,2690,45.687732342007436,1.2763367676284059,6.523417070479532,1.1371039926851372,2.483556320234605,3
gen4_cross_1986,fixed,0.006,,,rr,3.0,,,800,volatile,62.81317806975779,745.0478554177374,2690,45.687732342007436,1.276336767628406,6.523417070479486,1.1371039926851372,2.483556320234605,4
gen1_cross_7488,fixed,0.006,,,rr,2.6,0.015,,800,any,62.772504663961705,611.5093443383951,2690,45.687732342007436,1.226807599485394,6.523417070479486,0.9769384890826551,2.0384165741442444,1
gen1_cross_7488,fixed,0.006,,,rr,2.6,0.015,,800,any,62.772504663961705,611.5093443383951,2690,45.687732342007436,1.226807599485394,6.523417070479486,0.9769384890826551,2.0384165741442444,1
gen2_cross_8670,fixed,0.006,,,rr,2.8000000000000003,,,1100,trending,62.77145063806764,957.8930708351202,2690,45.687732342007436,1.258385916119623,6.523417070479462,1.0814729358171056,2.3222243661090483,2
gen4_cross_3755,fixed,0.006,,,rr,3.0,,,800,ranging,62.74982812358489,745.0478554177374,2690,45.687732342007436,1.276336767628406,6.523417070479486,1.1371039926851372,2.483556320234605,4
gen1_cross_7992,fixed,0.006,,,fixed,,,2.5,1800,trending,62.668594455509485,503.7344488814583,2690,45.687732342007436,1.0830373800583626,7.249014950857011,0.4076519373203436,0.7462923295715277,1
gen1_cross_7992,fixed,0.006,,,fixed,,,2.5,1800,trending,62.668594455509485,503.7344488814583,2690,45.687732342007436,1.0830373800583626,7.249014950857011,0.4076519373203436,0.7462923295715277,1
gen2_cross_5025,fixed,0.006,,,rr,2.4000000000000004,,,1700,ranging,62.553275729055855,1035.8207470177344,2690,45.687732342007436,1.1807924022389036,6.5300463172330705,0.8117739806018687,1.6248583823438718,2
gen3_cross_1776,fixed,0.006,1.25,,rr,3.0,,2.5,800,any,62.530085670191816,745.0478554177374,2690,45.687732342007436,1.276336767628406,6.523417070479486,1.1371039926851372,2.483556320234605,3
gen3_cross_1776,fixed,0.006,1.25,,rr,3.0,,2.5,800,any,62.530085670191816,745.0478554177374,2690,45.687732342007436,1.276336767628406,6.523417070479486,1.1371039926851372,2.483556320234605,3
gen6_cross_8530,fixed,0.005,,,fixed,3.0,,,1700,ranging,62.504982756306646,571.54508174995,2690,45.61338289962825,1.1092789698599654,6.255414914044352,0.5497645565322514,1.0701431131539918,6
gen2_cross_2380,fixed,0.006,,,rr,2.4000000000000004,,,800,volatile,62.45460807099252,487.44505742011063,2690,45.687732342007436,1.1807924022389036,6.53004631723306,0.8117739806018687,1.624858382343872,2
gen2_cross_4918,fixed,0.006,1.5,,rr,,0.02,,1800,ranging,62.43670241262807,503.7344488814583,2690,45.687732342007436,1.0830373800583626,7.249014950857011,0.4076519373203436,0.7462923295715277,2
gen2_cross_8595,fixed,0.006,,,rr,,,,1800,volatile,62.435715581156096,503.7344488814583,2690,45.687732342007436,1.0830373800583626,7.249014950857011,0.4076519373203436,0.7462923295715277,2
gen2_cross_5281,fixed,0.006,,,fixed,,0.015,,1800,volatile,62.42545162976201,503.7344488814583,2690,45.687732342007436,1.0830373800583626,7.249014950857011,0.4076519373203436,0.7462923295715277,2
gen3_cross_2877,fixed,0.006,,,rr,3.0,0.015,,1400,any,62.408199453804706,1303.8337469810406,2690,45.687732342007436,1.2763367676284059,6.523417070479503,1.1371039926851372,2.4835563202346043,3
gen1_cross_2728,fixed,0.006,,,rr,2.4000000000000004,,,800,ranging,62.385352905237966,487.44505742011063,2690,45.687732342007436,1.1807924022389036,6.53004631723306,0.8117739806018687,1.624858382343872,1
gen1_cross_2728,fixed,0.006,,,rr,2.4000000000000004,,,800,ranging,62.385352905237966,487.44505742011063,2690,45.687732342007436,1.1807924022389036,6.53004631723306,0.8117739806018687,1.624858382343872,1
gen2_cross_2130,fixed,0.006,,,rr,2.4000000000000004,0.03,,1800,ranging,62.321434488457314,1096.7513791952488,2690,45.687732342007436,1.1807924022389036,6.530046317233092,0.8117739806018687,1.624858382343872,2
gen2_cross_4949,fixed,0.005,,,fixed,3.0,0.015,2.5,1800,trending,62.31512924531254,605.165380676418,2690,45.61338289962825,1.1092789698599654,6.255414914044358,0.5497645565322511,1.0701431131539911,2
gen3_cross_3091,fixed,0.006,1.25,,rr,3.0,,,800,ranging,62.31321025735035,745.0478554177374,2690,45.687732342007436,1.276336767628406,6.523417070479486,1.1371039926851372,2.483556320234605,3
gen2_cross_1393,fixed,0.006,,,rr,2.1,,,1700,ranging,62.298036065436065,625.8216543218548,2690,45.687732342007436,1.1092310620189147,6.877014950857021,0.5235618885164945,0.9817061145037714,2
gen3_cross_3627,fixed,0.006,,,rr,3.0,,,1000,ranging,62.28926644310084,931.3098192721719,2690,45.687732342007436,1.2763367676284056,6.523417070479512,1.1371039926851372,2.4835563202346047,3
gen3_cross_1514,fixed,0.006,2.5,,rr,3.0,,,1000,volatile,62.25102827427714,931.3098192721719,2690,45.687732342007436,1.2763367676284056,6.523417070479512,1.1371039926851372,2.4835563202346047,3
gen4_cross_3839,fixed,0.007,2.5,,rr,3.0,,2.5,800,ranging,62.22469598043578,596.3451492753283,2690,45.687732342007436,1.2033132597889917,7.793417070479518,0.854655571403447,1.7120589714378924,4
gen2_cross_8421,fixed,0.006,,,rr,,,2.5,1800,trending,62.185116680508216,503.7344488814583,2690,45.687732342007436,1.0830373800583626,7.249014950857011,0.4076519373203436,0.7462923295715277,2
gen2_cross_1815,fixed,0.006,,,rr,3.0,,,1100,ranging,62.1351916263973,1024.4408011993887,2690,45.687732342007436,1.2763367676284056,6.523417070479466,1.1371039926851372,2.4835563202346047,2
gen2_cross_3313,fixed,0.006,,,atr,3.0,,2.5,1800,ranging,62.06993578873501,503.7344488814583,2690,45.687732342007436,1.0830373800583626,7.249014950857011,0.4076519373203436,0.7462923295715277,2
gen2_cross_5503,fixed,0.005,,,fixed,3.0,0.015,2.5,1800,volatile,62.06261793989292,605.165380676418,2690,45.61338289962825,1.1092789698599654,6.255414914044358,0.5497645565322511,1.0701431131539911,2
gen2_cross_4494,fixed,0.006,2.5,,rr,2.4000000000000004,,,1000,ranging,62.018217564626745,609.3063217751383,2690,45.687732342007436,1.1807924022389034,6.530046317233072,0.8117739806018687,1.6248583823438718,2
gen2_cross_9490,fixed,0.006,,,rr,2.4000000000000004,,,800,ranging,61.90766782419534,487.44505742011063,2690,45.687732342007436,1.1807924022389036,6.53004631723306,0.8117739806018687,1.624858382343872,2
gen3_cross_9567,fixed,0.006,,,rr,3.0,,2.5,800,trending,61.87011426794101,745.0478554177374,2690,45.687732342007436,1.276336767628406,6.523417070479486,1.1371039926851372,2.483556320234605,3
gen2_cross_7454,fixed,0.006,,,fixed,,,,1800,trending,61.86853888097919,503.7344488814583,2690,45.687732342007436,1.0830373800583626,7.249014950857011,0.4076519373203436,0.7462923295715277,2
gen2_cross_8532,fixed,0.005,,,fixed,,0.015,2.5,1800,trending,61.846798909456545,605.165380676418,2690,45.61338289962825,1.1092789698599654,6.255414914044358,0.5497645565322511,1.0701431131539911,2
gen2_cross_1390,fixed,0.006,,,fixed,3.0,0.015,,1700,ranging,61.69970412740798,475.7492017213774,2690,45.687732342007436,1.0830373800583626,7.249014950857011,0.4076519373203436,0.7462923295715275,2
gen2_cross_4086,fixed,0.006,,,rr,2.4000000000000004,,,800,ranging,61.67064569430825,487.44505742011063,2690,45.687732342007436,1.1807924022389036,6.53004631723306,0.8117739806018687,1.624858382343872,2
gen3_cross_8397,fixed,0.006,,,rr,3.0,,,800,any,61.55265447140277,745.0478554177374,2690,45.687732342007436,1.276336767628406,6.523417070479486,1.1371039926851372,2.483556320234605,3
gen3_cross_8397,fixed,0.006,,,rr,3.0,,,800,any,61.55265447140277,745.0478554177374,2690,45.687732342007436,1.276336767628406,6.523417070479486,1.1371039926851372,2.483556320234605,3
gen2_cross_6782,fixed,0.005,,,fixed,,0.04,,1800,trending,61.53860607522702,605.165380676418,2690,45.61338289962825,1.1092789698599654,6.255414914044358,0.5497645565322511,1.0701431131539911,2
gen2_cross_5490,fixed,0.006,,,fixed,,,,1800,ranging,61.51330433404107,503.7344488814583,2690,45.687732342007436,1.0830373800583626,7.249014950857011,0.4076519373203436,0.7462923295715277,2
gen6_cross_2703,fixed,0.007,,,rr,3.0,,,800,ranging,61.446236021102116,596.3451492753283,2690,45.687732342007436,1.2033132597889917,7.793417070479518,0.854655571403447,1.7120589714378924,6
gen0_id0163,fixed,0.005,,,fixed,,0.015,,1700,trending,61.38144529356455,571.54508174995,2690,45.61338289962825,1.1092789698599654,6.255414914044352,0.5497645565322514,1.0701431131539918,0
gen0_id0163,fixed,0.005,,,fixed,,0.015,,1700,trending,61.38144529356455,571.54508174995,2690,45.61338289962825,1.1092789698599654,6.255414914044352,0.5497645565322514,1.0701431131539918,0
gen0_id0163,fixed,0.005,,,fixed,,0.015,,1700,trending,61.38144529356455,571.54508174995,2690,45.61338289962825,1.1092789698599654,6.255414914044352,0.5497645565322514,1.0701431131539918,0
gen2_cross_2079,fixed,0.006,,,fixed,,,2.5,1800,trending,61.24170852132016,503.7344488814583,2690,45.687732342007436,1.0830373800583626,7.249014950857011,0.4076519373203436,0.7462923295715277,2
gen2_cross_1729,fixed,0.006,,,rr,3.0,,,800,volatile,61.17257318399424,745.0478554177374,2690,45.687732342007436,1.276336767628406,6.523417070479486,1.1371039926851372,2.483556320234605,2
gen2_cross_1729,fixed,0.006,,,rr,3.0,,,800,volatile,61.17257318399424,745.0478554177374,2690,45.687732342007436,1.276336767628406,6.523417070479486,1.1371039926851372,2.483556320234605,2
gen2_cross_1729,fixed,0.006,,,rr,3.0,,,800,volatile,61.17257318399424,745.0478554177374,2690,45.687732342007436,1.276336767628406,6.523417070479486,1.1371039926851372,2.483556320234605,2
gen2_cross_2383,fixed,0.006,1.25,,rr,,,,1800,trending,61.037896261210314,503.7344488814583,2690,45.687732342007436,1.0830373800583626,7.249014950857011,0.4076519373203436,0.7462923295715277,2
gen6_cross_1091,fixed,0.007,,,rr,3.0,,,800,ranging,61.02547006138693,596.3451492753283,2690,45.687732342007436,1.2033132597889917,7.793417070479518,0.854655571403447,1.7120589714378924,6
gen2_cross_2169,fixed,0.006,,,atr,,,2.5,1800,ranging,60.994865978161464,503.7344488814583,2690,45.687732342007436,1.0830373800583626,7.249014950857011,0.4076519373203436,0.7462923295715277,2
gen2_cross_3981,fixed,0.006,,,fixed,,0.015,,1700,ranging,60.96700757693492,475.7492017213774,2690,45.687732342007436,1.0830373800583626,7.249014950857011,0.4076519373203436,0.7462923295715275,2
gen2_cross_3698,fixed,0.005,1.75,20.0,fixed,,0.015,,1700,trending,60.886823592171226,571.54508174995,2690,45.61338289962825,1.1092789698599654,6.255414914044352,0.5497645565322514,1.0701431131539918,2
gen2_cross_5989,fixed,0.006,,,atr,,0.015,2.5,1800,trending,60.87997141341569,503.7344488814583,2690,45.687732342007436,1.0830373800583626,7.249014950857011,0.4076519373203436,0.7462923295715277,2
gen2_cross_3594,fixed,0.006,,45.0,atr,,0.04,,1800,any,60.84336865849114,503.7344488814583,2690,45.687732342007436,1.0830373800583626,7.249014950857011,0.4076519373203436,0.7462923295715277,2
gen1_cross_4794,fixed,0.006,,45.0,atr,,,2.5,1900,any,60.81989480168094,531.7196960415396,2690,45.687732342007436,1.0830373800583624,7.249014950856987,0.4076519373203436,0.7462923295715275,1
gen1_cross_4794,fixed,0.006,,45.0,atr,,,2.5,1900,any,60.81989480168094,531.7196960415396,2690,45.687732342007436,1.0830373800583624,7.249014950856987,0.4076519373203436,0.7462923295715275,1
gen2_cross_9863,fixed,0.006,,45.0,fixed,,0.015,,1900,any,60.77608592859014,531.7196960415396,2690,45.687732342007436,1.0830373800583624,7.249014950856987,0.4076519373203436,0.7462923295715275,2
gen2_cross_8406,fixed,0.006,1.5,30.0,fixed,,0.02,,1800,ranging,60.737456125681874,503.7344488814583,2690,45.687732342007436,1.0830373800583626,7.249014950857011,0.4076519373203436,0.7462923295715277,2
gen1_cross_7559,fixed,0.006,1.5,30.0,rr,,0.02,,1800,ranging,60.6766667672612,503.7344488814583,2690,45.687732342007436,1.0830373800583626,7.249014950857011,0.4076519373203436,0.7462923295715277,1
gen1_cross_7559,fixed,0.006,1.5,30.0,rr,,0.02,,1800,ranging,60.6766667672612,503.7344488814583,2690,45.687732342007436,1.0830373800583626,7.249014950857011,0.4076519373203436,0.7462923295715277,1
gen2_cross_2882,fixed,0.006,,,rr,2.1,,,1400,any,60.66541130758702,515.3825388532921,2690,45.687732342007436,1.109231062018915,6.877014950856994,0.5235618885164942,0.9817061145037709,2
gen2_cross_5568,fixed,0.005,,,fixed,,0.015,,1700,volatile,60.60599727772551,571.54508174995,2690,45.61338289962825,1.1092789698599654,6.255414914044352,0.5497645565322514,1.0701431131539918,2
gen1_cross_9068,fixed,0.006,,,fixed,,0.03,,1800,ranging,60.58532883495271,503.7344488814583,2690,45.687732342007436,1.0830373800583626,7.249014950857011,0.4076519373203436,0.7462923295715277,1
gen1_cross_9068,fixed,0.006,,,fixed,,0.03,,1800,ranging,60.58532883495271,503.7344488814583,2690,45.687732342007436,1.0830373800583626,7.249014950857011,0.4076519373203436,0.7462923295715277,1
gen1_cross_9455,fixed,0.005,,,fixed,,0.015,,1700,trending,60.544680255039,571.54508174995,2690,45.61338289962825,1.1092789698599654,6.255414914044352,0.5497645565322514,1.0701431131539918,1
gen1_cross_9455,fixed,0.005,,,fixed,,0.015,,1700,trending,60.544680255039,571.54508174995,2690,45.61338289962825,1.1092789698599654,6.255414914044352,0.5497645565322514,1.0701431131539918,1
gen2_cross_2194,fixed,0.006,,,fixed,,0.015,2.5,1800,trending,60.53425474561397,503.7344488814583,2690,45.687732342007436,1.0830373800583626,7.249014950857011,0.4076519373203436,0.7462923295715277,2
gen2_cross_9025,fixed,0.005,,,fixed,,0.015,,1700,trending,60.49432350092817,571.54508174995,2690,45.61338289962825,1.1092789698599654,6.255414914044352,0.5497645565322514,1.0701431131539918,2
gen2_cross_6802,fixed,0.005,,,fixed,3.0,,,1700,trending,60.489844678681,571.54508174995,2690,45.61338289962825,1.1092789698599654,6.255414914044352,0.5497645565322514,1.0701431131539918,2
gen6_cross_6454,fixed,0.005,,,rr,2.3000000000000003,,,800,ranging,60.47809482379856,398.2728294900554,2690,45.61338289962825,1.1618175846126382,5.578243011622604,0.7725698164287991,1.5846413448290406,6
gen2_cross_9451,fixed,0.006,1.5,30.0,rr,,0.02,,1800,ranging,60.47199231553936,503.7344488814583,2690,45.687732342007436,1.0830373800583626,7.249014950857011,0.4076519373203436,0.7462923295715277,2
gen2_cross_2072,fixed,0.005,,,fixed,,0.015,,1400,trending,60.35675070459229,470.6841849705472,2690,45.61338289962825,1.1092789698599654,6.255414914044341,0.5497645565322511,1.070143113153991,2
gen1_cross_9351,fixed,0.005,,,fixed,,0.015,,1700,trending,60.33221914738813,571.54508174995,2690,45.61338289962825,1.1092789698599654,6.255414914044352,0.5497645565322514,1.0701431131539918,1
gen1_cross_9351,fixed,0.005,,,fixed,,0.015,,1700,trending,60.33221914738813,571.54508174995,2690,45.61338289962825,1.1092789698599654,6.255414914044352,0.5497645565322514,1.0701431131539918,1
gen2_cross_3044,fixed,0.005,,,fixed,,0.015,,1700,trending,60.331636918550316,571.54508174995,2690,45.61338289962825,1.1092789698599654,6.255414914044352,0.5497645565322514,1.0701431131539918,2
gen1_cross_9551,fixed,0.006,,,fixed,,0.015,,1700,ranging,60.298443059527806,475.7492017213774,2690,45.687732342007436,1.0830373800583626,7.249014950857011,0.4076519373203436,0.7462923295715275,1
gen1_cross_9551,fixed,0.006,,,fixed,,0.015,,1700,ranging,60.298443059527806,475.7492017213774,2690,45.687732342007436,1.0830373800583626,7.249014950857011,0.4076519373203436,0.7462923295715275,1
gen2_cross_8668,fixed,0.006,,,rr,2.1,,,1400,any,60.29496504269134,515.3825388532921,2690,45.687732342007436,1.109231062018915,6.877014950856994,0.5235618885164942,0.9817061145037709,2
gen2_cross_4935,fixed,0.006,,,fixed,3.0,,,1900,trending,60.29397006674853,531.7196960415396,2690,45.687732342007436,1.0830373800583624,7.249014950856987,0.4076519373203436,0.7462923295715275,2
gen2_cross_8889,fixed,0.006,,,fixed,,0.035,,2000,ranging,60.25814237797659,559.7049432016206,2690,45.687732342007436,1.0830373800583621,7.249014950857016,0.4076519373203436,0.7462923295715275,2
gen2_cross_8501,fixed,0.006,,40.0,atr,,0.015,2.5,1800,ranging,60.24422467138829,503.7344488814583,2690,45.687732342007436,1.0830373800583626,7.249014950857011,0.4076519373203436,0.7462923295715277,2
gen2_cross_3147,fixed,0.006,,,fixed,,0.03,,1800,ranging,60.216661163286325,503.7344488814583,2690,45.687732342007436,1.0830373800583626,7.249014950857011,0.4076519373203436,0.7462923295715277,2
gen2_cross_4773,fixed,0.006,1.25,,rr,,0.02,,1800,trending,60.209516962669966,503.7344488814583,2690,45.687732342007436,1.0830373800583626,7.249014950857011,0.4076519373203436,0.7462923295715277,2
gen2_cross_8313,fixed,0.005,,,fixed,,0.015,,1800,trending,60.12821468168934,605.165380676418,2690,45.61338289962825,1.1092789698599654,6.255414914044358,0.5497645565322511,1.0701431131539911,2
gen2_cross_6950,fixed,0.006,,,fixed,,0.015,,1700,trending,60.09111808525923,475.7492017213774,2690,45.687732342007436,1.0830373800583626,7.249014950857011,0.4076519373203436,0.7462923295715275,2
gen2_cross_8936,fixed,0.006,,,rr,2.1,0.015,,1700,trending,60.05045457446272,625.8216543218548,2690,45.687732342007436,1.1092310620189147,6.877014950857021,0.5235618885164945,0.9817061145037714,2
gen2_cross_8127,fixed,0.006,,,fixed,,0.015,,1800,ranging,60.00012022845526,503.7344488814583,2690,45.687732342007436,1.0830373800583626,7.249014950857011,0.4076519373203436,0.7462923295715277,2
gen1_cross_3864,fixed,0.006,,,rr,,,2.5,1800,trending,59.948729368082475,503.7344488814583,2690,45.687732342007436,1.0830373800583626,7.249014950857011,0.4076519373203436,0.7462923295715277,1
gen1_cross_3864,fixed,0.006,,,rr,,,2.5,1800,trending,59.948729368082475,503.7344488814583,2690,45.687732342007436,1.0830373800583626,7.249014950857011,0.4076519373203436,0.7462923295715277,1
gen2_cross_5540,fixed,0.006,,,fixed,,0.015,,1700,ranging,59.94598875133232,475.7492017213774,2690,45.687732342007436,1.0830373800583626,7.249014950857011,0.4076519373203436,0.7462923295715275,2
gen2_cross_8581,fixed,0.006,,,atr,,,,1800,ranging,59.93147348987849,503.7344488814583,2690,45.687732342007436,1.0830373800583626,7.249014950857011,0.4076519373203436,0.7462923295715277,2
gen2_cross_5934,fixed,0.006,,,rr,,,2.5,1800,trending,59.924715330275525,503.7344488814583,2690,45.687732342007436,1.0830373800583626,7.249014950857011,0.4076519373203436,0.7462923295715277,2
gen2_cross_8569,fixed,0.006,,,fixed,,,,1800,trending,59.91196950584323,503.7344488814583,2690,45.687732342007436,1.0830373800583626,7.249014950857011,0.4076519373203436,0.7462923295715277,2
gen2_cross_2078,fixed,0.006,,,rr,2.6,0.015,,500,ranging,59.82378514492124,382.1933402114969,2690,45.687732342007436,1.2268075994853938,6.523417070479512,0.9769384890826551,2.038416574144244,2
gen2_cross_8396,fixed,0.007,,,rr,3.0,,,900,trending,59.81719978137083,670.8882929347444,2690,45.687732342007436,1.2033132597889917,7.793417070479512,0.854655571403447,1.7120589714378924,2
gen2_cross_7116,fixed,0.006,,,atr,,0.04,,1800,ranging,59.76298391636933,503.7344488814583,2690,45.687732342007436,1.0830373800583626,7.249014950857011,0.4076519373203436,0.7462923295715277,2
gen2_cross_7790,fixed,0.006,1.25,,atr,3.0,,2.5,1800,trending,59.75691227381623,503.7344488814583,2690,45.687732342007436,1.0830373800583626,7.249014950857011,0.4076519373203436,0.7462923295715277,2
gen2_cross_4699,fixed,0.006,1.5,30.0,atr,,0.02,,1800,ranging,59.70739778450535,503.7344488814583,2690,45.687732342007436,1.0830373800583626,7.249014950857011,0.4076519373203436,0.7462923295715277,2
gen6_cross_6411,fixed,0.005,2.5,,fixed,3.0,,,1700,ranging,59.633918821613875,571.54508174995,2690,45.61338289962825,1.1092789698599654,6.255414914044352,0.5497645565322514,1.0701431131539918,6
gen2_cross_8056,fixed,0.005,,,fixed,,0.015,,1700,trending,59.554395527471584,571.54508174995,2690,45.61338289962825,1.1092789698599654,6.255414914044352,0.5497645565322514,1.0701431131539918,2
gen2_cross_2912,fixed,0.007,,,rr,3.0,,,800,trending,59.550643880079726,596.3451492753283,2690,45.687732342007436,1.2033132597889917,7.793417070479518,0.854655571403447,1.7120589714378924,2
gen2_cross_1537,fixed,0.006,2.5,,atr,,,,1800,trending,59.54916715718524,503.7344488814583,2690,45.687732342007436,1.0830373800583626,7.249014950857011,0.4076519373203436,0.7462923295715277,2
gen2_cross_4436,fixed,0.006,,30.0,rr,,,,1800,ranging,59.517564943826976,503.7344488814583,2690,45.687732342007436,1.0830373800583626,7.249014950857011,0.4076519373203436,0.7462923295715277,2
gen2_cross_8062,fixed,0.006,,,atr,,0.04,2.5,2000,any,59.491721994359935,559.7049432016206,2690,45.687732342007436,1.0830373800583621,7.249014950857016,0.4076519373203436,0.7462923295715275,2
gen1_cross_2560,fixed,0.006,1.75,20.0,fixed,,0.015,,1700,ranging,59.46555627118294,475.7492017213774,2690,45.687732342007436,1.0830373800583626,7.249014950857011,0.4076519373203436,0.7462923295715275,1
gen1_cross_2560,fixed,0.006,1.75,20.0,fixed,,0.015,,1700,ranging,59.46555627118294,475.7492017213774,2690,45.687732342007436,1.0830373800583626,7.249014950857011,0.4076519373203436,0.7462923295715275,1
gen2_cross_3160,fixed,0.006,,,fixed,,,2.5,1800,trending,59.4323548029826,503.7344488814583,2690,45.687732342007436,1.0830373800583626,7.249014950857011,0.4076519373203436,0.7462923295715277,2
gen2_cross_5636,fixed,0.005,,,rr,,,,1700,trending,59.336234593206285,571.54508174995,2690,45.61338289962825,1.1092789698599654,6.255414914044352,0.5497645565322514,1.0701431131539918,2
gen2_cross_1124,fixed,0.006,,,fixed,,0.035,,2000,ranging,59.318119765605225,559.7049432016206,2690,45.687732342007436,1.0830373800583621,7.249014950857016,0.4076519373203436,0.7462923295715275,2
gen2_cross_8841,fixed,0.006,,,rr,,,,1700,ranging,59.21816075402502,475.7492017213774,2690,45.687732342007436,1.0830373800583626,7.249014950857011,0.4076519373203436,0.7462923295715275,2
gen2_cross_8740,fixed,0.006,,,rr,,,,1800,any,59.18129143214815,503.7344488814583,2690,45.687732342007436,1.0830373800583626,7.249014950857011,0.4076519373203436,0.7462923295715277,2
gen1_cross_8991,fixed,0.006,,,rr,2.1,,,1400,any,59.17171668012624,515.3825388532921,2690,45.687732342007436,1.109231062018915,6.877014950856994,0.5235618885164942,0.9817061145037709,1
gen1_cross_8991,fixed,0.006,,,rr,2.1,,,1400,any,59.17171668012624,515.3825388532921,2690,45.687732342007436,1.109231062018915,6.877014950856994,0.5235618885164942,0.9817061145037709,1
gen2_cross_2992,fixed,0.006,,,atr,3.0,,,1900,trending,59.13598153176838,531.7196960415396,2690,45.687732342007436,1.0830373800583624,7.249014950856987,0.4076519373203436,0.7462923295715275,2
gen5_cross_8063,fixed,0.005,,,rr,2.2,,,1000,trending,59.02352055460812,423.02306853115584,2690,45.61338289962825,1.1374988522772875,5.716903264933366,0.6710270519042293,1.3464937491602726,5
gen2_cross_8490,fixed,0.006,,,fixed,3.0,0.015,,1700,trending,58.891752302229285,475.7492017213774,2690,45.687732342007436,1.0830373800583626,7.249014950857011,0.4076519373203436,0.7462923295715275,2
gen4_cross_3986,fixed,0.006,,,rr,2.2,,2.5,1000,trending,58.830518598076594,447.5863064697012,2690,45.687732342007436,1.132807096634324,6.627348406345314,0.6229969788097535,1.1935939869634578,4
gen1_cross_9162,fixed,0.006,,,fixed,,0.015,,1700,ranging,58.750253147174504,475.7492017213774,2690,45.687732342007436,1.0830373800583626,7.249014950857011,0.4076519373203436,0.7462923295715275,1
gen1_cross_9162,fixed,0.006,,,fixed,,0.015,,1700,ranging,58.750253147174504,475.7492017213774,2690,45.687732342007436,1.0830373800583626,7.249014950857011,0.4076519373203436,0.7462923295715275,1
gen2_cross_4269,fixed,0.006,,,fixed,,0.03,,1800,trending,58.67408778238793,503.7344488814583,2690,45.687732342007436,1.0830373800583626,7.249014950857011,0.4076519373203436,0.7462923295715277,2
gen2_cross_4870,fixed,0.006,,,fixed,3.0,0.015,2.5,1700,trending,58.5714856723599,475.7492017213774,2690,45.687732342007436,1.0830373800583626,7.249014950857011,0.4076519373203436,0.7462923295715275,2
gen2_cross_1950,fixed,0.007,,,rr,,,,1700,trending,58.53984091335823,439.21291488375255,2690,45.687732342007436,1.0704667399802077,8.2513273531419,0.3364142783349612,0.5933858642387868,2
gen2_cross_2637,fixed,0.006,1.5,,rr,,0.02,,1800,ranging,58.502507848819896,503.7344488814583,2690,45.687732342007436,1.0830373800583626,7.249014950857011,0.4076519373203436,0.7462923295715277,2
gen2_cross_1612,fixed,0.006,,,fixed,,0.015,,1800,trending,58.39359150519362,503.7344488814583,2690,45.687732342007436,1.0830373800583626,7.249014950857011,0.4076519373203436,0.7462923295715277,2
gen2_cross_1131,fixed,0.006,,,fixed,,,,1500,ranging,58.38774424263913,419.7787074012149,2690,45.687732342007436,1.0830373800583626,7.249014950856998,0.4076519373203436,0.7462923295715275,2
gen1_cross_3329,fixed,0.006,,40.0,atr,,,2.5,1800,ranging,58.386918151333234,503.7344488814583,2690,45.687732342007436,1.0830373800583626,7.249014950857011,0.4076519373203436,0.7462923295715277,1
gen1_cross_3329,fixed,0.006,,40.0,atr,,,2.5,1800,ranging,58.386918151333234,503.7344488814583,2690,45.687732342007436,1.0830373800583626,7.249014950857011,0.4076519373203436,0.7462923295715277,1
gen2_cross_4571,fixed,0.006,,,atr,3.0,,2.5,1800,trending,58.38258539571619,503.7344488814583,2690,45.687732342007436,1.0830373800583626,7.249014950857011,0.4076519373203436,0.7462923295715277,2
gen2_cross_5546,fixed,0.006,,,atr,,0.015,,1900,any,58.35471965857075,531.7196960415396,2690,45.687732342007436,1.0830373800583624,7.249014950856987,0.4076519373203436,0.7462923295715275,2
gen2_cross_7363,fixed,0.006,,,fixed,,0.015,,1700,ranging,58.34924289455018,475.7492017213774,2690,45.687732342007436,1.0830373800583626,7.249014950857011,0.4076519373203436,0.7462923295715275,2
gen2_cross_1474,fixed,0.008,,30.0,rr,2.6,,,1800,any,58.21032955757186,771.4848544890334,2690,45.687732342007436,1.1078287297915275,9.511670137054095,0.47683718001121195,0.8589910997030362,2
gen2_cross_6275,fixed,0.006,,,rr,,0.015,,1700,trending,58.208389699715724,475.7492017213774,2690,45.687732342007436,1.0830373800583626,7.249014950857011,0.4076519373203436,0.7462923295715275,2
gen2_cross_6733,fixed,0.008,,,rr,3.0,,,800,ranging,58.19837348280292,434.9412807822545,2690,45.687732342007436,1.1367792543527682,9.511670137054104,0.5852035651120939,1.0896183451312202,2
gen1_cross_2724,fixed,0.006,,,atr,,,2.5,2000,any,58.15453547678402,559.7049432016206,2690,45.687732342007436,1.0830373800583621,7.249014950857016,0.4076519373203436,0.7462923295715275,1
gen1_cross_2724,fixed,0.006,,,atr,,,2.5,2000,any,58.15453547678402,559.7049432016206,2690,45.687732342007436,1.0830373800583621,7.249014950857016,0.4076519373203436,0.7462923295715275,1
gen2_cross_6556,fixed,0.01,,,rr,3.0,,,1400,ranging,58.14664155411127,513.1841769225102,2690,46.02230483271376,1.0839978836937256,12.059821938700992,0.35511626224384063,0.6105694004154179,2
gen2_cross_3916,fixed,0.006,,,fixed,,,2.5,1800,trending,58.12962161218586,503.7344488814583,2690,45.687732342007436,1.0830373800583626,7.249014950857011,0.4076519373203436,0.7462923295715277,2
gen1_cross_9447,fixed,0.006,,,fixed,,0.035,,2000,ranging,58.044136076898546,559.7049432016206,2690,45.687732342007436,1.0830373800583621,7.249014950857016,0.4076519373203436,0.7462923295715275,1
gen1_cross_9447,fixed,0.006,,,fixed,,0.035,,2000,ranging,58.044136076898546,559.7049432016206,2690,45.687732342007436,1.0830373800583621,7.249014950857016,0.4076519373203436,0.7462923295715275,1
gen2_cross_3268,fixed,0.006,,,rr,,,2.5,2000,ranging,58.03854216178447,559.7049432016206,2690,45.687732342007436,1.0830373800583621,7.249014950857016,0.4076519373203436,0.7462923295715275,2
gen1_cross_7879,fixed,0.006,,,atr,,,2.5,1800,trending,57.954785536213016,503.7344488814583,2690,45.687732342007436,1.0830373800583626,7.249014950857011,0.4076519373203436,0.7462923295715277,1
gen1_cross_7879,fixed,0.006,,,atr,,,2.5,1800,trending,57.954785536213016,503.7344488814583,2690,45.687732342007436,1.0830373800583626,7.249014950857011,0.4076519373203436,0.7462923295715277,1
gen2_cross_6968,fixed,0.006,,30.0,rr,,0.02,,1800,ranging,57.84384938624094,503.7344488814583,2690,45.687732342007436,1.0830373800583626,7.249014950857011,0.4076519373203436,0.7462923295715277,2
gen2_cross_9290,fixed,0.006,,,fixed,,0.015,,1800,trending,57.83045561603755,503.7344488814583,2690,45.687732342007436,1.0830373800583626,7.249014950857011,0.4076519373203436,0.7462923295715277,2
gen2_cross_1453,fixed,0.006,,,rr,,0.02,2.5,1800,trending,57.77656668319222,503.7344488814583,2690,45.687732342007436,1.0830373800583626,7.249014950857011,0.4076519373203436,0.7462923295715277,2
gen9_cross_6424,fixed,0.005,,,rr,2.1,,2.5,1000,ranging,57.75201080498369,353.99704119968203,2690,45.61338289962825,1.1150627246961287,6.026903264933367,0.5732260542287769,1.1267820567130549,9
gen2_cross_7555,fixed,0.006,,,fixed,,0.015,,1900,volatile,57.61848494677297,531.7196960415396,2690,45.687732342007436,1.0830373800583624,7.249014950856987,0.4076519373203436,0.7462923295715275,2
gen2_cross_6984,fixed,0.006,,,fixed,,0.015,,1800,ranging,57.59208537605062,503.7344488814583,2690,45.687732342007436,1.0830373800583626,7.249014950857011,0.4076519373203436,0.7462923295715277,2
gen4_cross_4619,fixed,0.006,,,rr,2.2,,,800,ranging,57.53260204033123,358.06904517576106,2690,45.687732342007436,1.1328070966343242,6.627348406345303,0.6229969788097536,1.1935939869634584,4
gen2_cross_3036,fixed,0.006,,40.0,atr,,,,1800,any,57.34239492630417,503.7344488814583,2690,45.687732342007436,1.0830373800583626,7.249014950857011,0.4076519373203436,0.7462923295715277,2
gen6_cross_9599,fixed,0.009000000000000001,,,rr,3.0,,,1700,ranging,57.336288970306896,681.1470216477792,2690,45.687732342007436,1.0946807731531338,11.436073613978772,0.4061300301726247,0.7217015342390823,6
gen0_id0035,fixed,0.006,,,atr,,,2.5,1800,trending,57.327483975475225,503.7344488814583,2690,45.687732342007436,1.0830373800583626,7.249014950857011,0.4076519373203436,0.7462923295715277,0
gen0_id0035,fixed,0.006,,,atr,,,2.5,1800,trending,57.327483975475225,503.7344488814583,2690,45.687732342007436,1.0830373800583626,7.249014950857011,0.4076519373203436,0.7462923295715277,0
gen0_id0035,fixed,0.006,,,atr,,,2.5,1800,trending,57.327483975475225,503.7344488814583,2690,45.687732342007436,1.0830373800583626,7.249014950857011,0.4076519373203436,0.7462923295715277,0
gen7_cross_4088,fixed,0.008,,,rr,3.9000000000000004,,,1100,ranging,57.16731137681064,773.9248496419839,2690,45.687732342007436,1.1770050659272644,9.511670137054054,0.7210910741531447,1.410067396025435,7
gen2_cross_4478,fixed,0.006,,,fixed,,0.015,,1400,trending,57.16379467770556,391.7934602411342,2690,45.687732342007436,1.0830373800583621,7.249014950857003,0.4076519373203436,0.7462923295715275,2
gen6_cross_9631,fixed,0.005,,,rr,2.2,,,800,ranging,57.15646182362825,338.4184548249245,2690,45.61338289962825,1.1374988522772878,5.716903264933361,0.6710270519042293,1.3464937491602726,6
gen2_cross_2189,fixed,0.006,,,fixed,,0.03,,1800,ranging,57.07679502014773,503.7344488814583,2690,45.687732342007436,1.0830373800583626,7.249014950857011,0.4076519373203436,0.7462923295715277,2
gen1_cross_9716,fixed,0.006,,,atr,,0.04,,1800,trending,57.07477036483938,503.7344488814583,2690,45.687732342007436,1.0830373800583626,7.249014950857011,0.4076519373203436,0.7462923295715277,1
gen1_cross_9716,fixed,0.006,,,atr,,0.04,,1800,trending,57.07477036483938,503.7344488814583,2690,45.687732342007436,1.0830373800583626,7.249014950857011,0.4076519373203436,0.7462923295715277,1
gen2_cross_3921,fixed,0.006,2.5,40.0,atr,,,2.5,1600,ranging,56.99897876386277,447.76395456129626,2690,45.687732342007436,1.0830373800583624,7.249014950857003,0.4076519373203436,0.7462923295715277,2
gen2_cross_3774,fixed,0.005,,,rr,2.2,0.015,,800,trending,56.99567499272944,338.4184548249245,2690,45.61338289962825,1.1374988522772878,5.716903264933361,0.6710270519042293,1.3464937491602726,2
gen7_cross_5698,fixed,0.005,,,rr,2.2,,2.5,800,ranging,56.958315089108524,338.4184548249245,2690,45.61338289962825,1.1374988522772878,5.716903264933361,0.6710270519042293,1.3464937491602726,7
gen3_cross_1825,fixed,0.006,,,rr,2.3000000000000003,,,800,ranging,56.93864084814726,421.42402060403873,2690,45.687732342007436,1.1563053310037277,6.5753092774339565,0.7175873996954133,1.4047826354496504,3
gen1_cross_2060,fixed,0.01,,,rr,3.0,0.03,,1400,ranging,56.72411154329381,513.1841769225102,2690,46.02230483271376,1.0839978836937256,12.059821938700992,0.35511626224384063,0.6105694004154179,1
gen2_cross_4217,fixed,0.006,,,fixed,3.0,0.03,,1800,ranging,56.591147334354254,503.7344488814583,2690,45.687732342007436,1.0830373800583626,7.249014950857011,0.4076519373203436,0.7462923295715277,2
gen1_cross_4913,fixed,0.006,,,fixed,,0.015,,1400,volatile,56.51871056456168,391.7934602411342,2690,45.687732342007436,1.0830373800583621,7.249014950857003,0.4076519373203436,0.7462923295715275,1
gen1_cross_4913,fixed,0.006,,,fixed,,0.015,,1400,volatile,56.51871056456168,391.7934602411342,2690,45.687732342007436,1.0830373800583621,7.249014950857003,0.4076519373203436,0.7462923295715275,1
gen2_cross_5832,fixed,0.006,,,fixed,,,,1400,ranging,56.44958851778584,391.7934602411342,2690,45.687732342007436,1.0830373800583621,7.249014950857003,0.4076519373203436,0.7462923295715275,2
gen2_cross_1260,fixed,0.006,,,fixed,2.1,,,1400,volatile,56.373712096025464,391.7934602411342,2690,45.687732342007436,1.0830373800583621,7.249014950857003,0.4076519373203436,0.7462923295715275,2
gen1_cross_5982,fixed,0.006,2.25,40.0,fixed,,0.03,,1600,any,56.356308891703854,447.76395456129626,2690,45.687732342007436,1.0830373800583624,7.249014950857003,0.4076519373203436,0.7462923295715277,1
gen2_cross_8606,fixed,0.005,,,fixed,,0.015,2.5,1100,ranging,56.136235369726116,369.82328819114406,2690,45.61338289962825,1.1092789698599654,6.255414914044357,0.5497645565322511,1.070143113153991,2
gen4_cross_6144,fixed,0.008,,,rr,3.0,,,1100,ranging,56.11745264127773,598.0442610756002,2690,45.687732342007436,1.1367792543527682,9.51167013705406,0.5852035651120939,1.0896183451312202,4
gen2_cross_2672,fixed,0.006,1.25,,fixed,,0.015,,1400,volatile,55.94968171295523,391.7934602411342,2690,45.687732342007436,1.0830373800583621,7.249014950857003,0.4076519373203436,0.7462923295715275,2
gen2_cross_9823,fixed,0.006,1.5,30.0,rr,,0.02,,1800,ranging,55.9107922927893,503.7344488814583,2690,45.687732342007436,1.0830373800583626,7.249014950857011,0.4076519373203436,0.7462923295715277,2
gen2_cross_8520,fixed,0.006,1.75,20.0,fixed,,0.015,,1700,ranging,55.8898138901999,475.7492017213774,2690,45.687732342007436,1.0830373800583626,7.249014950857011,0.4076519373203436,0.7462923295715275,2
gen7_cross_4342,fixed,0.005,,40.0,rr,1.7000000000000002,,,800,ranging,55.87495196025838,273.22681994475374,2690,45.985130111524164,1.1115939524762466,6.145807207071425,0.5768887645465803,1.0841231405131762,7
gen2_cross_9374,fixed,0.006,,,rr,2.1,0.015,,800,ranging,55.761700794992954,294.5043079161668,2690,45.687732342007436,1.1092310620189147,6.877014950857004,0.5235618885164944,0.9817061145037714,2
gen2_cross_1449,fixed,0.006,,,rr,,0.015,,1400,ranging,55.63138499038758,391.7934602411342,2690,45.687732342007436,1.0830373800583621,7.249014950857003,0.4076519373203436,0.7462923295715275,2
gen3_cross_5469,fixed,0.006,,,fixed,3.0,,2.5,1300,ranging,55.57596122369384,363.80821308105317,2690,45.687732342007436,1.0830373800583626,7.249014950856996,0.40765193732034366,0.7462923295715276,3
gen2_cross_6764,fixed,0.006,,,atr,,,2.5,1400,any,55.537438525519114,391.7934602411342,2690,45.687732342007436,1.0830373800583621,7.249014950857003,0.4076519373203436,0.7462923295715275,2
gen9_cross_4506,fixed,0.005,,,rr,1.8,,2.5,800,ranging,55.48702458292571,290.9948292035592,2690,45.91078066914498,1.1187722176993535,6.045807207071422,0.6047294458870878,1.1549862449686676,9
gen6_cross_1842,fixed,0.005,,40.0,atr,3.3000000000000003,,,800,volatile,55.480484044354704,268.96239141174146,2690,45.61338289962825,1.1092789698599657,6.25541491404435,0.5497645565322513,1.0701431131539914,6
gen2_cross_2872,fixed,0.006,,,atr,,,2.75,1300,volatile,55.386683067598454,363.80821308105317,2690,45.687732342007436,1.0830373800583626,7.249014950856996,0.40765193732034366,0.7462923295715276,2
gen2_cross_7662,fixed,0.006,,40.0,atr,,,2.5,1400,ranging,55.33575834224352,391.7934602411342,2690,45.687732342007436,1.0830373800583621,7.249014950857003,0.4076519373203436,0.7462923295715275,2
gen2_cross_9356,fixed,0.01,2.5,,rr,3.0,0.03,,1400,ranging,55.31691152611502,513.1841769225102,2690,46.02230483271376,1.0839978836937256,12.059821938700992,0.35511626224384063,0.6105694004154179,2
gen1_cross_8217,fixed,0.01,,,rr,3.0,0.03,,1400,ranging,55.2825319399411,513.1841769225102,2690,46.02230483271376,1.0839978836937256,12.059821938700992,0.35511626224384063,0.6105694004154179,1
gen7_cross_2801,fixed,0.005,,40.0,atr,3.0,,,1000,ranging,55.27271495385403,336.20298926467655,2690,45.61338289962825,1.1092789698599654,6.255414914044362,0.5497645565322513,1.0701431131539914,7
gen2_cross_2818,fixed,0.006,,,fixed,3.0,,,1100,ranging,55.16713938961036,307.837718760891,2690,45.687732342007436,1.0830373800583624,7.249014950856994,0.4076519373203436,0.7462923295715275,2
gen8_cross_5303,fixed,0.005,,,fixed,3.5,,,800,ranging,55.05259461271562,268.96239141174146,2690,45.61338289962825,1.1092789698599657,6.25541491404435,0.5497645565322513,1.0701431131539914,8
gen2_cross_7114,fixed,0.006,,,fixed,3.0,0.015,,1400,volatile,54.92830454152742,391.7934602411342,2690,45.687732342007436,1.0830373800583621,7.249014950857003,0.4076519373203436,0.7462923295715275,2
gen1_cross_4849,fixed,0.006,,,atr,,,2.5,1300,trending,54.90959910292948,363.80821308105317,2690,45.687732342007436,1.0830373800583626,7.249014950856996,0.40765193732034366,0.7462923295715276,1
gen2_cross_6623,fixed,0.006,,,atr,3.0,,,1100,ranging,54.85938231834645,307.837718760891,2690,45.687732342007436,1.0830373800583624,7.249014950856994,0.4076519373203436,0.7462923295715275,2
gen1_cross_1450,fixed,0.005,,,rr,2.1,0.015,,800,any,54.83359767251144,283.19763295974565,2690,45.61338289962825,1.1150627246961287,6.026903264933355,0.5732260542287769,1.1267820567130549,1
gen2_cross_9573,fixed,0.006,,,rr,,,,1400,ranging,54.825932743856065,391.7934602411342,2690,45.687732342007436,1.0830373800583621,7.249014950857003,0.4076519373203436,0.7462923295715275,2
gen9_cross_8230,fixed,0.005,,,rr,2.1,,2.5,800,ranging,54.78566468359681,283.19763295974565,2690,45.61338289962825,1.1150627246961287,6.026903264933355,0.5732260542287769,1.1267820567130549,9
gen2_cross_3459,fixed,0.006,2.25,,fixed,,0.03,,1600,ranging,54.78287624693105,447.76395456129626,2690,45.687732342007436,1.0830373800583624,7.249014950857003,0.4076519373203436,0.7462923295715277,2
gen0_id0000,fixed,0.006,,,fixed,,0.015,,1400,volatile,54.72971442979466,391.7934602411342,2690,45.687732342007436,1.0830373800583621,7.249014950857003,0.4076519373203436,0.7462923295715275,0
gen0_id0000,fixed,0.006,,,fixed,,0.015,,1400,volatile,54.72971442979466,391.7934602411342,2690,45.687732342007436,1.0830373800583621,7.249014950857003,0.4076519373203436,0.7462923295715275,0
gen9_cross_2720,fixed,0.005,,40.0,fixed,3.9000000000000004,,,800,ranging,54.69153879615354,268.96239141174146,2690,45.61338289962825,1.1092789698599657,6.25541491404435,0.5497645565322513,1.0701431131539914,9
gen1_cross_6617,fixed,0.006,,,fixed,,0.015,,1400,volatile,54.598255851912015,391.7934602411342,2690,45.687732342007436,1.0830373800583621,7.249014950857003,0.4076519373203436,0.7462923295715275,1
gen7_cross_5695,fixed,0.005,,,fixed,3.9000000000000004,,,800,any,54.59780683632802,268.96239141174146,2690,45.61338289962825,1.1092789698599657,6.25541491404435,0.5497645565322513,1.0701431131539914,7
gen2_cross_2240,fixed,0.01,,45.0,rr,3.0,,2.5,1400,ranging,54.58793668559415,513.1841769225102,2690,46.02230483271376,1.0839978836937256,12.059821938700992,0.35511626224384063,0.6105694004154179,2
gen7_cross_6452,fixed,0.005,,,rr,2.0,,,800,ranging,54.3760296210784,268.96239141174146,2690,45.61338289962825,1.1092789698599657,6.25541491404435,0.5497645565322513,1.0701431131539914,7
gen2_cross_2471,fixed,0.006,,,rr,,,,1000,ranging,54.21548920289088,279.8524716008103,2690,45.687732342007436,1.0830373800583621,7.249014950857016,0.4076519373203436,0.7462923295715275,2
gen9_cross_2298,fixed,0.005,,,atr,3.9000000000000004,,,800,ranging,54.21096576695871,268.96239141174146,2690,45.61338289962825,1.1092789698599657,6.25541491404435,0.5497645565322513,1.0701431131539914,9
gen9_cross_6346,fixed,0.005,2.5,,fixed,3.9000000000000004,,2.5,800,trending,54.15118658031106,268.96239141174146,2690,45.61338289962825,1.1092789698599657,6.25541491404435,0.5497645565322513,1.0701431131539914,9
gen4_cross_6424,fixed,0.005,2.5,,fixed,3.0,,,800,ranging,54.1447837633794,268.96239141174146,2690,45.61338289962825,1.1092789698599657,6.25541491404435,0.5497645565322513,1.0701431131539914,4
gen2_cross_7383,fixed,0.005,,,fixed,,0.015,2.5,900,trending,54.02152609474107,302.582690338209,2690,45.61338289962825,1.1092789698599654,6.255414914044358,0.5497645565322511,1.0701431131539911,2
gen5_cross_8495,fixed,0.005,,,rr,1.8,,,800,ranging,53.93929927008128,290.9948292035592,2690,45.91078066914498,1.1187722176993535,6.045807207071422,0.6047294458870878,1.1549862449686676,5
gen7_cross_2439,fixed,0.005,2.5,,rr,1.8,0.015,,800,ranging,53.860846520846664,290.9948292035592,2690,45.91078066914498,1.1187722176993535,6.045807207071422,0.6047294458870878,1.1549862449686676,7
gen1_cross_1936,fixed,0.006,,,atr,1.6,,,1100,ranging,53.81526295639425,307.837718760891,2690,45.687732342007436,1.0830373800583624,7.249014950856994,0.4076519373203436,0.7462923295715275,1
gen2_cross_8600,fixed,0.006,,30.0,rr,,0.02,,1400,ranging,53.75669366705003,391.7934602411342,2690,45.687732342007436,1.0830373800583621,7.249014950857003,0.4076519373203436,0.7462923295715275,2
gen7_cross_6632,fixed,0.005,,,fixed,3.0,,,800,ranging,53.75433141523601,268.96239141174146,2690,45.61338289962825,1.1092789698599657,6.25541491404435,0.5497645565322513,1.0701431131539914,7
gen2_cross_8061,fixed,0.006,,,fixed,,,,1400,volatile,53.74183643132624,391.7934602411342,2690,45.687732342007436,1.0830373800583621,7.249014950857003,0.4076519373203436,0.7462923295715275,2
gen5_cross_8473,fixed,0.005,,40.0,fixed,3.0,,,800,any,53.636562983632764,268.96239141174146,2690,45.61338289962825,1.1092789698599657,6.25541491404435,0.5497645565322513,1.0701431131539914,5
gen2_cross_7781,fixed,0.005,,,rr,2.1,,,800,volatile,53.592027886027516,283.19763295974565,2690,45.61338289962825,1.1150627246961287,6.026903264933355,0.5732260542287769,1.1267820567130549,2
gen6_cross_4547,fixed,0.005,,,rr,2.0,,2.5,800,ranging,53.503814261060214,268.96239141174146,2690,45.61338289962825,1.1092789698599657,6.25541491404435,0.5497645565322513,1.0701431131539914,6
gen2_cross_6529,fixed,0.005,,,rr,,0.015,,800,any,53.47342376590712,268.96239141174146,2690,45.61338289962825,1.1092789698599657,6.25541491404435,0.5497645565322513,1.0701431131539914,2
gen2_cross_5324,fixed,0.006,,,fixed,,0.015,,1100,ranging,53.306585377016255,307.837718760891,2690,45.687732342007436,1.0830373800583624,7.249014950856994,0.4076519373203436,0.7462923295715275,2
gen8_cross_6886,fixed,0.005,,,fixed,3.5,0.015,,800,ranging,53.27768811509402,268.96239141174146,2690,45.61338289962825,1.1092789698599657,6.25541491404435,0.5497645565322513,1.0701431131539914,8
gen2_cross_9838,fixed,0.005,,,fixed,2.6,0.015,,800,trending,53.22989693215475,268.96239141174146,2690,45.61338289962825,1.1092789698599657,6.25541491404435,0.5497645565322513,1.0701431131539914,2
gen5_cross_8170,fixed,0.011,,,rr,3.0,0.015,,1700,ranging,53.19433903320293,414.0380487043053,2690,46.09665427509294,1.0548255096175017,12.390767131474231,0.2361954024752151,0.3857221964123972,5
gen1_cross_2236,fixed,0.008,,30.0,atr,,,2.75,1800,volatile,53.17761202550162,372.8909563774296,2690,45.687732342007436,1.0521181432700408,9.542962065035889,0.24386814978459323,0.4151863913130368,1
gen1_cross_8317,fixed,0.008,,,fixed,,,2.5,1800,any,53.12218420075669,372.8909563774296,2690,45.687732342007436,1.0521181432700408,9.542962065035889,0.24386814978459323,0.4151863913130368,1
gen9_cross_4017,fixed,0.005,,,atr,3.9000000000000004,,,800,ranging,53.097131172466526,268.96239141174146,2690,45.61338289962825,1.1092789698599657,6.25541491404435,0.5497645565322513,1.0701431131539914,9
gen2_cross_6922,fixed,0.01,,,rr,3.0,0.015,,1400,ranging,53.09582056506525,513.1841769225102,2690,46.02230483271376,1.0839978836937256,12.059821938700992,0.35511626224384063,0.6105694004154179,2
gen1_cross_7318,fixed,0.006,,,atr,,,,1000,ranging,53.05555603934683,279.8524716008103,2690,45.687732342007436,1.0830373800583621,7.249014950857016,0.4076519373203436,0.7462923295715275,1
gen4_cross_2806,fixed,0.005,,,atr,3.0,,2.5,800,ranging,53.04764907669344,268.96239141174146,2690,45.61338289962825,1.1092789698599657,6.25541491404435,0.5497645565322513,1.0701431131539914,4
gen2_cross_7568,fixed,0.005,,,rr,,0.015,2.5,800,any,52.95532416278057,268.96239141174146,2690,45.61338289962825,1.1092789698599657,6.25541491404435,0.5497645565322513,1.0701431131539914,2
gen6_cross_4469,fixed,0.005,,,fixed,3.3000000000000003,0.015,,800,any,52.86323306278088,268.96239141174146,2690,45.61338289962825,1.1092789698599657,6.25541491404435,0.5497645565322513,1.0701431131539914,6
gen9_cross_3193,fixed,0.005,,,fixed,3.9000000000000004,,,800,ranging,52.73308974059026,268.96239141174146,2690,45.61338289962825,1.1092789698599657,6.25541491404435,0.5497645565322513,1.0701431131539914,9
gen1_cross_7062,fixed,0.006,,,atr,,,,1000,ranging,52.68274153220407,279.8524716008103,2690,45.687732342007436,1.0830373800583621,7.249014950857016,0.4076519373203436,0.7462923295715275,1
gen2_cross_4711,fixed,0.006,,,fixed,3.0,,2.5,1100,ranging,52.63554086885962,307.837718760891,2690,45.687732342007436,1.0830373800583624,7.249014950856994,0.4076519373203436,0.7462923295715275,2
gen7_cross_1249,fixed,0.009000000000000001,,40.0,rr,3.9000000000000004,0.015,,800,ranging,52.54598256420735,357.25293021407873,2690,45.687732342007436,1.1055250745564262,11.436073613978772,0.4464000532118831,0.8043619171221948,7
gen1_cross_7045,fixed,0.008,,,atr,,,3.25,2000,ranging,52.5326193106897,414.3232848638106,2690,45.687732342007436,1.0521181432700406,9.542962065035919,0.24386814978459323,0.4151863913130367,1
gen2_cross_4289,fixed,0.006,,40.0,rr,,,,800,ranging,52.434177971272014,223.88197728064813,2690,45.687732342007436,1.0830373800583624,7.249014950857003,0.4076519373203436,0.7462923295715277,2
gen2_cross_3401,fixed,0.006,,,fixed,3.0,0.015,,1100,volatile,52.297738083897585,307.837718760891,2690,45.687732342007436,1.0830373800583624,7.249014950856994,0.4076519373203436,0.7462923295715275,2
gen4_cross_2543,fixed,0.005,,,atr,3.0,,,800,ranging,52.24793347177143,268.96239141174146,2690,45.61338289962825,1.1092789698599657,6.25541491404435,0.5497645565322513,1.0701431131539914,4
gen2_cross_8814,fixed,0.006,,,fixed,3.0,,2.5,900,trending,52.219919875768504,251.86722444072916,2690,45.687732342007436,1.0830373800583626,7.249014950857011,0.4076519373203436,0.7462923295715277,2
gen2_cross_8007,fixed,0.006,,45.0,atr,,,2.5,1300,trending,52.18268555415017,363.80821308105317,2690,45.687732342007436,1.0830373800583626,7.249014950856996,0.40765193732034366,0.7462923295715276,2
gen2_cross_6101,fixed,0.006,,,fixed,,,2.5,800,trending,52.145163295750265,223.88197728064813,2690,45.687732342007436,1.0830373800583624,7.249014950857003,0.4076519373203436,0.7462923295715277,2
gen5_cross_4341,fixed,0.005,,,fixed,3.0,,,800,any,52.12991171099426,268.96239141174146,2690,45.61338289962825,1.1092789698599657,6.25541491404435,0.5497645565322513,1.0701431131539914,5
gen9_cross_6135,fixed,0.005,2.5,40.0,rr,1.9000000000000001,,2.5,800,ranging,52.115191426414,254.47675074616814,2690,45.61338289962825,1.1033934782810626,6.470099725421272,0.5253714994458083,1.0125078857286243,9
gen1_cross_6496,fixed,0.006,,,rr,,,2.5,1100,ranging,52.06231174308527,307.837718760891,2690,45.687732342007436,1.0830373800583624,7.249014950856994,0.4076519373203436,0.7462923295715275,1
gen2_cross_3531,fixed,0.006,,,fixed,3.0,0.015,,800,ranging,51.96142389280672,223.88197728064813,2690,45.687732342007436,1.0830373800583624,7.249014950857003,0.4076519373203436,0.7462923295715277,2
gen2_cross_8084,fixed,0.006,,,rr,,,,800,trending,51.92253892728165,223.88197728064813,2690,45.687732342007436,1.0830373800583624,7.249014950857003,0.4076519373203436,0.7462923295715277,2
gen9_cross_4534,fixed,0.005,,,rr,1.6,,,900,ranging,51.91716774076524,232.2644278354379,2690,46.059479553903344,1.0843753335236477,6.245807207071428,0.4474340406483786,0.8189738046571486,9
gen6_cross_9891,fixed,0.005,,,atr,3.0,,,800,ranging,51.83864286888906,268.96239141174146,2690,45.61338289962825,1.1092789698599657,6.25541491404435,0.5497645565322513,1.0701431131539914,6
gen1_cross_3410,fixed,0.011,,20.0,rr,2.9000000000000004,,,1800,trending,51.80620432569813,438.3932280398519,2690,46.09665427509294,1.0548255096175017,12.390767131474234,0.23619540247521487,0.3857221964123968,1
gen1_cross_1848,fixed,0.006,,,atr,,,2.75,1000,ranging,51.74839908043971,279.8524716008103,2690,45.687732342007436,1.0830373800583621,7.249014950857016,0.4076519373203436,0.7462923295715275,1
gen2_cross_3767,fixed,0.005,,,rr,,,,800,ranging,51.68278332437835,268.96239141174146,2690,45.61338289962825,1.1092789698599657,6.25541491404435,0.5497645565322513,1.0701431131539914,2
gen1_cross_2043,fixed,0.006,,,rr,,,,1000,ranging,51.67176107128984,279.8524716008103,2690,45.687732342007436,1.0830373800583621,7.249014950857016,0.4076519373203436,0.7462923295715275,1
gen2_cross_1593,fixed,0.006,,,rr,,0.015,2.5,800,trending,51.58794913841044,223.88197728064813,2690,45.687732342007436,1.0830373800583624,7.249014950857003,0.4076519373203436,0.7462923295715277,2
gen4_cross_6343,fixed,0.006,,,atr,3.0,,,1100,ranging,51.562669311990675,307.837718760891,2690,45.687732342007436,1.0830373800583624,7.249014950856994,0.4076519373203436,0.7462923295715275,4
gen4_cross_4711,fixed,0.006,,,fixed,3.0,,,1000,any,51.50962433933435,279.8524716008103,2690,45.687732342007436,1.0830373800583621,7.249014950857016,0.4076519373203436,0.7462923295715275,4
gen1_cross_1124,fixed,0.011,,,rr,2.9000000000000004,,3.25,2000,any,51.43887814174782,487.10358671094673,2690,46.09665427509294,1.054825509617502,12.390767131474242,0.2361954024752151,0.3857221964123972,1
gen1_cross_6255,fixed,0.007,,,rr,2.1,0.025,,900,any,51.42343460568347,317.70055129272333,2690,45.687732342007436,1.0962794184968228,7.913926609336349,0.4488287337138417,0.8107490990670448,1
gen2_cross_2389,fixed,0.006,,,fixed,,0.03,,800,ranging,51.262697162853776,223.88197728064813,2690,45.687732342007436,1.0830373800583624,7.249014950857003,0.4076519373203436,0.7462923295715277,2
gen3_cross_8609,fixed,0.006,,,atr,3.0,0.015,,800,volatile,51.24384026406129,223.88197728064813,2690,45.687732342007436,1.0830373800583624,7.249014950857003,0.4076519373203436,0.7462923295715277,3
gen1_cross_2339,fixed,0.006,,,fixed,3.0,,,900,trending,51.22226177217254,251.86722444072916,2690,45.687732342007436,1.0830373800583626,7.249014950857011,0.4076519373203436,0.7462923295715277,1
gen2_cross_2543,fixed,0.006,,,atr,,,,800,ranging,51.21578719479392,223.88197728064813,2690,45.687732342007436,1.0830373800583624,7.249014950857003,0.4076519373203436,0.7462923295715277,2
gen1_cross_5616,fixed,0.008,,,atr,,,3.0,1700,ranging,51.14759888575331,352.1747921342396,2690,45.687732342007436,1.0521181432700408,9.542962065035914,0.24386814978459348,0.41518639131303725,1
gen2_cross_8248,fixed,0.006,,,atr,,0.04,,800,trending,51.1432598772291,223.88197728064813,2690,45.687732342007436,1.0830373800583624,7.249014950857003,0.4076519373203436,0.7462923295715277,2
gen1_cross_5764,fixed,0.006,,,atr,,0.045,,900,any,51.07414718411658,251.86722444072916,2690,45.687732342007436,1.0830373800583626,7.249014950857011,0.4076519373203436,0.7462923295715277,1
gen1_cross_5682,fixed,0.006,,,atr,3.0,,2.75,800,ranging,51.03913215332497,223.88197728064813,2690,45.687732342007436,1.0830373800583624,7.249014950857003,0.4076519373203436,0.7462923295715277,1
gen3_cross_4111,fixed,0.006,,,fixed,3.0,0.015,,900,volatile,51.02877912376208,251.86722444072916,2690,45.687732342007436,1.0830373800583626,7.249014950857011,0.4076519373203436,0.7462923295715277,3
gen2_cross_6015,fixed,0.006,,,atr,2.4000000000000004,,,800,any,50.949171865874845,223.88197728064813,2690,45.687732342007436,1.0830373800583624,7.249014950857003,0.4076519373203436,0.7462923295715277,2
gen2_cross_3996,fixed,0.006,,,fixed,,,2.5,800,trending,50.93391486239713,223.88197728064813,2690,45.687732342007436,1.0830373800583624,7.249014950857003,0.4076519373203436,0.7462923295715277,2
gen2_cross_4161,fixed,0.006,,,atr,3.0,,,800,any,50.92575823001483,223.88197728064813,2690,45.687732342007436,1.0830373800583624,7.249014950857003,0.4076519373203436,0.7462923295715277,2
gen4_cross_5625,fixed,0.01,2.5,,rr,3.0,,,800,ranging,50.87724866140135,293.24810109857685,2690,46.02230483271376,1.0839978836937256,12.059821938701006,0.35511626224384085,0.6105694004154183,4
gen2_cross_8130,fixed,0.006,,,rr,,0.015,,800,any,50.874056401141786,223.88197728064813,2690,45.687732342007436,1.0830373800583624,7.249014950857003,0.4076519373203436,0.7462923295715277,2
gen5_cross_6120,fixed,0.005,,,atr,3.3000000000000003,0.015,,800,ranging,50.85349215317877,268.96239141174146,2690,45.61338289962825,1.1092789698599657,6.25541491404435,0.5497645565322513,1.0701431131539914,5
gen1_cross_5862,fixed,0.006,,,atr,3.0,,,1000,ranging,50.83257041360301,279.8524716008103,2690,45.687732342007436,1.0830373800583621,7.249014950857016,0.4076519373203436,0.7462923295715275,1
gen2_cross_2456,fixed,0.006,,,atr,3.0,,2.5,1000,ranging,50.80000873050062,279.8524716008103,2690,45.687732342007436,1.0830373800583621,7.249014950857016,0.4076519373203436,0.7462923295715275,2
gen2_cross_4463,fixed,0.006,,,rr,,,,1100,volatile,50.79508497745701,307.837718760891,2690,45.687732342007436,1.0830373800583624,7.249014950856994,0.4076519373203436,0.7462923295715275,2
gen0_id0176,fixed,0.007,,,fixed,,0.025,,900,trending,50.74974999020603,232.52448435022166,2690,45.687732342007436,1.0704667399802075,8.251327353141923,0.3364142783349612,0.5933858642387868,0
gen0_id0176,fixed,0.007,,,fixed,,0.025,,900,trending,50.74974999020603,232.52448435022166,2690,45.687732342007436,1.0704667399802075,8.251327353141923,0.3364142783349612,0.5933858642387868,0
gen1_cross_1561,fixed,0.009000000000000001,,,rr,2.6,,,1400,any,50.6440851876076,369.42460606287614,2690,45.687732342007436,1.0623544766199329,11.436073613978746,0.278140542116491,0.47529524680260815,1
gen1_cross_2343,fixed,0.006,,,rr,,0.025,,900,ranging,50.62557904943732,251.86722444072916,2690,45.687732342007436,1.0830373800583626,7.249014950857011,0.4076519373203436,0.7462923295715277,1
gen4_cross_5064,fixed,0.006,,,atr,3.0,,,800,ranging,50.62043217628873,223.88197728064813,2690,45.687732342007436,1.0830373800583624,7.249014950857003,0.4076519373203436,0.7462923295715277,4
gen1_cross_5222,fixed,0.006,,,rr,,0.045,,800,any,50.58630022944072,223.88197728064813,2690,45.687732342007436,1.0830373800583624,7.249014950857003,0.4076519373203436,0.7462923295715277,1
gen1_cross_9196,fixed,0.008,,,atr,,0.015,2.75,1400,ranging,50.49924364499901,290.02629940466795,2690,45.687732342007436,1.052118143270041,9.542962065035905,0.24386814978459323,0.4151863913130368,1
gen4_cross_7195,fixed,0.006,,,fixed,3.0,0.015,,1000,ranging,50.422218035678,279.8524716008103,2690,45.687732342007436,1.0830373800583621,7.249014950857016,0.4076519373203436,0.7462923295715275,4
gen4_cross_9166,fixed,0.006,,,fixed,3.0,,,800,ranging,50.36954772254509,223.88197728064813,2690,45.687732342007436,1.0830373800583624,7.249014950857003,0.4076519373203436,0.7462923295715277,4
gen1_cross_6631,fixed,0.006,,,fixed,,,,800,ranging,50.36818513032297,223.88197728064813,2690,45.687732342007436,1.0830373800583624,7.249014950857003,0.4076519373203436,0.7462923295715277,1
gen2_cross_4122,fixed,0.006,2.5,45.0,atr,,,2.5,1000,any,50.331263686380865,279.8524716008103,2690,45.687732342007436,1.0830373800583621,7.249014950857016,0.4076519373203436,0.7462923295715275,2
gen1_cross_4073,fixed,0.006,,,atr,2.1,,2.5,1000,ranging,50.28468992983818,279.8524716008103,2690,45.687732342007436,1.0830373800583621,7.249014950857016,0.4076519373203436,0.7462923295715275,1
gen1_cross_5172,fixed,0.006,,,rr,,,,800,any,50.27491106545392,223.88197728064813,2690,45.687732342007436,1.0830373800583624,7.249014950857003,0.4076519373203436,0.7462923295715277,1
gen3_cross_2506,fixed,0.006,,,atr,3.0,,,1000,ranging,50.25039534867353,279.8524716008103,2690,45.687732342007436,1.0830373800583621,7.249014950857016,0.4076519373203436,0.7462923295715275,3
gen1_cross_2886,fixed,0.007,,,rr,,,,900,ranging,50.24080980735148,232.52448435022166,2690,45.687732342007436,1.0704667399802075,8.251327353141923,0.3364142783349612,0.5933858642387868,1
gen2_cross_9868,fixed,0.006,,,fixed,,,2.5,800,volatile,50.20872544248375,223.88197728064813,2690,45.687732342007436,1.0830373800583624,7.249014950857003,0.4076519373203436,0.7462923295715277,2
gen2_cross_4261,fixed,0.006,,,fixed,,,,800,ranging,50.065552715465024,223.88197728064813,2690,45.687732342007436,1.0830373800583624,7.249014950857003,0.4076519373203436,0.7462923295715277,2
gen2_cross_6561,fixed,0.006,,,rr,,,2.5,800,ranging,49.98919989024203,223.88197728064813,2690,45.687732342007436,1.0830373800583624,7.249014950857003,0.4076519373203436,0.7462923295715277,2
gen4_cross_7044,fixed,0.006,,,fixed,3.0,,,800,trending,49.95627987560493,223.88197728064813,2690,45.687732342007436,1.0830373800583624,7.249014950857003,0.4076519373203436,0.7462923295715277,4
gen2_cross_1593,fixed,0.006,,,fixed,,0.015,,800,any,49.9487259813374,223.88197728064813,2690,45.687732342007436,1.0830373800583624,7.249014950857003,0.4076519373203436,0.7462923295715277,2
gen1_cross_4358,fixed,0.006,,20.0,rr,,,3.5,700,ranging,49.85711987275859,195.8967301205671,2690,45.687732342007436,1.0830373800583621,7.249014950857003,0.4076519373203436,0.7462923295715275,1
gen1_cross_4505,fixed,0.007,,,fixed,,,3.75,900,trending,49.84600180456445,232.52448435022166,2690,45.687732342007436,1.0704667399802075,8.251327353141923,0.3364142783349612,0.5933858642387868,1
gen1_cross_6475,fixed,0.008,2.5,,atr,,,2.75,1600,any,49.8316758584393,331.45862789104876,2690,45.687732342007436,1.052118143270041,9.542962065035912,0.24386814978459323,0.4151863913130368,1
gen2_cross_4086,fixed,0.006,2.25,,fixed,,,,900,trending,49.80788974290883,251.86722444072916,2690,45.687732342007436,1.0830373800583626,7.249014950857011,0.4076519373203436,0.7462923295715277,2
gen9_cross_7354,fixed,0.005,,40.0,rr,1.6,,2.5,800,ranging,49.80571780454968,206.45726918705594,2690,46.059479553903344,1.0843753335236477,6.245807207071422,0.4474340406483786,0.8189738046571486,9
gen1_cross_2185,fixed,0.006,,,rr,,,,600,ranging,49.75738799030237,167.91148296048613,2690,45.687732342007436,1.0830373800583626,7.249014950857005,0.4076519373203436,0.7462923295715275,1
gen4_cross_9265,fixed,0.009000000000000001,1.25,,rr,3.0,,,800,ranging,49.62698428306256,320.53977489307243,2690,45.687732342007436,1.0946807731531338,11.436073613978765,0.4061300301726247,0.7217015342390823,4
gen1_cross_5177,fixed,0.007,,,fixed,,0.025,,1200,trending,49.59446803678984,310.03264580029577,2690,45.687732342007436,1.0704667399802072,8.251327353141903,0.3364142783349612,0.5933858642387868,1
gen1_cross_6649,fixed,0.007,,,rr,,,,900,trending,49.56201593657324,232.52448435022166,2690,45.687732342007436,1.0704667399802075,8.251327353141923,0.3364142783349612,0.5933858642387868,1
gen2_cross_7784,fixed,0.006,1.25,,fixed,3.0,,,800,ranging,49.49347966003656,223.88197728064813,2690,45.687732342007436,1.0830373800583624,7.249014950857003,0.4076519373203436,0.7462923295715277,2
gen2_cross_1766,fixed,0.006,,,fixed,2.4000000000000004,,,800,ranging,49.43717526286713,223.88197728064813,2690,45.687732342007436,1.0830373800583624,7.249014950857003,0.4076519373203436,0.7462923295715277,2
gen2_cross_5627,fixed,0.006,,,rr,,0.015,,800,trending,49.43004464738556,223.88197728064813,2690,45.687732342007436,1.0830373800583624,7.249014950857003,0.4076519373203436,0.7462923295715277,2
gen2_cross_8356,fixed,0.006,,,fixed,2.4000000000000004,0.015,,800,trending,49.414440057887745,223.88197728064813,2690,45.687732342007436,1.0830373800583624,7.249014950857003,0.4076519373203436,0.7462923295715277,2
gen2_cross_9497,fixed,0.006,,,rr,,,2.5,800,trending,49.39093713899469,223.88197728064813,2690,45.687732342007436,1.0830373800583624,7.249014950857003,0.4076519373203436,0.7462923295715277,2
gen7_cross_9166,fixed,0.005,,,rr,1.5,,2.5,800,ranging,49.28956582849257,150.97661100672474,2690,46.133828996282524,1.061755193952622,6.420807207071413,0.3354339812213055,0.5987338113014082,7
gen2_cross_8944,fixed,0.01,,,rr,3.0,0.03,,800,ranging,49.20793520309267,293.24810109857685,2690,46.02230483271376,1.0839978836937256,12.059821938701006,0.35511626224384085,0.6105694004154183,2
gen3_cross_1040,fixed,0.006,,,atr,3.0,,,800,ranging,49.18089472439638,223.88197728064813,2690,45.687732342007436,1.0830373800583624,7.249014950857003,0.4076519373203436,0.7462923295715277,3
gen2_cross_2404,fixed,0.006,,,rr,,0.015,,800,volatile,49.16304290880485,223.88197728064813,2690,45.687732342007436,1.0830373800583624,7.249014950857003,0.4076519373203436,0.7462923295715277,2
gen2_cross_2169,fixed,0.006,,40.0,fixed,3.0,,2.5,800,ranging,49.143022864162745,223.88197728064813,2690,45.687732342007436,1.0830373800583624,7.249014950857003,0.4076519373203436,0.7462923295715277,2
gen2_cross_9592,fixed,0.006,,,fixed,,0.015,,800,any,49.11075415170581,223.88197728064813,2690,45.687732342007436,1.0830373800583624,7.249014950857003,0.4076519373203436,0.7462923295715277,2
gen2_cross_6484,fixed,0.006,,,fixed,,,,800,trending,49.1000034791885,223.88197728064813,2690,45.687732342007436,1.0830373800583624,7.249014950857003,0.4076519373203436,0.7462923295715277,2
gen1_cross_9158,fixed,0.007,,,fixed,,0.025,,900,trending,48.95370853875327,232.52448435022166,2690,45.687732342007436,1.0704667399802075,8.251327353141923,0.3364142783349612,0.5933858642387868,1
gen4_cross_4996,fixed,0.006,,,rr,1.9000000000000001,,,1000,ranging,48.87751571512574,193.77286334382518,2690,45.687732342007436,1.05749597567046,7.621014950857005,0.2889776136412412,0.5167408412203929,4
gen1_cross_8668,fixed,0.005,,,fixed,,0.015,,500,ranging,48.80488135594405,168.10149463233827,2690,45.61338289962825,1.1092789698599654,6.255414914044362,0.5497645565322513,1.0701431131539914,1
gen1_cross_8459,fixed,0.006,,,fixed,3.0,,,800,ranging,48.71889264637215,223.88197728064813,2690,45.687732342007436,1.0830373800583624,7.249014950857003,0.4076519373203436,0.7462923295715277,1
gen1_cross_4609,fixed,0.007,,,rr,,0.025,,900,trending,48.56833251477348,232.52448435022166,2690,45.687732342007436,1.0704667399802075,8.251327353141923,0.3364142783349612,0.5933858642387868,1
gen1_cross_4250,fixed,0.007,,40.0,atr,,,3.0,900,trending,48.54978861780708,232.52448435022166,2690,45.687732342007436,1.0704667399802075,8.251327353141923,0.3364142783349612,0.5933858642387868,1
gen1_cross_5507,fixed,0.006,,,rr,,,,500,ranging,48.42575047876422,139.92623580040515,2690,45.687732342007436,1.0830373800583621,7.249014950857016,0.4076519373203436,0.7462923295715275,1
gen1_cross_4446,fixed,0.006,,,rr,,0.01,,800,volatile,48.354033714493305,223.88197728064813,2690,45.687732342007436,1.0830373800583624,7.249014950857003,0.4076519373203436,0.7462923295715277,1
gen1_cross_1039,fixed,0.009000000000000001,,20.0,rr,2.6,,,1000,trending,48.26125933071745,263.87471861634026,2690,45.687732342007436,1.0623544766199329,11.43607361397875,0.27814054211649053,0.4752952468026073,1
gen3_cross_6772,fixed,0.006,,,rr,1.9000000000000001,0.015,,1100,volatile,48.25917861351653,213.15014967820753,2690,45.687732342007436,1.05749597567046,7.6210149508569875,0.2889776136412412,0.5167408412203929,3
gen8_cross_2561,fixed,0.005,,40.0,rr,1.5,,,800,ranging,48.22853771048548,150.97661100672474,2690,46.133828996282524,1.061755193952622,6.420807207071413,0.3354339812213055,0.5987338113014082,8
gen2_cross_1512,fixed,0.006,,,rr,,0.015,,800,volatile,47.94906465060899,223.88197728064813,2690,45.687732342007436,1.0830373800583624,7.249014950857003,0.4076519373203436,0.7462923295715277,2
gen1_cross_7776,fixed,0.007,,,fixed,2.1,0.025,,900,trending,47.91582614811681,232.52448435022166,2690,45.687732342007436,1.0704667399802075,8.251327353141923,0.3364142783349612,0.5933858642387868,1
gen1_cross_8396,fixed,0.008,,,atr,,0.03,2.75,1000,ranging,47.91374985062958,207.1616424319053,2690,45.687732342007436,1.0521181432700406,9.542962065035919,0.24386814978459323,0.4151863913130367,1
gen1_cross_8687,fixed,0.006,,,atr,,0.04,2.5,600,ranging,47.90087423454787,167.91148296048613,2690,45.687732342007436,1.0830373800583626,7.249014950857005,0.4076519373203436,0.7462923295715275,1
gen1_cross_2193,fixed,0.008,,,atr,,,2.75,1000,any,47.8156757365404,207.1616424319053,2690,45.687732342007436,1.0521181432700406,9.542962065035919,0.24386814978459323,0.4151863913130367,1
gen2_cross_6127,fixed,0.006,,40.0,atr,,,2.5,500,trending,47.7326259051495,139.92623580040515,2690,45.687732342007436,1.0830373800583621,7.249014950857016,0.4076519373203436,0.7462923295715275,2
gen1_cross_1625,fixed,0.008,,,atr,,,,1000,volatile,47.693825844880884,207.1616424319053,2690,45.687732342007436,1.0521181432700406,9.542962065035919,0.24386814978459323,0.4151863913130367,1
gen1_cross_5984,fixed,0.008,,,atr,,,,800,ranging,47.558780389364905,165.72931394552438,2690,45.687732342007436,1.052118143270041,9.542962065035912,0.24386814978459323,0.4151863913130368,1
gen1_cross_5198,fixed,0.008,,,atr,,,2.75,1000,trending,47.51686381975021,207.1616424319053,2690,45.687732342007436,1.0521181432700406,9.542962065035919,0.24386814978459323,0.4151863913130367,1
gen2_cross_6037,fixed,0.006,,,rr,1.8,,2.5,1800,trending,47.41473691318189,189.11836392702344,2690,45.687732342007436,1.0311749444499865,7.993014950857005,0.16050368737060272,0.2801825142061465,2
gen1_cross_3257,fixed,0.007,,,fixed,,0.04,,600,ranging,47.33397977066006,155.01632290014788,2690,45.687732342007436,1.0704667399802072,8.251327353141903,0.3364142783349612,0.5933858642387868,1
gen2_cross_1754,fixed,0.01,,,rr,3.0,0.03,,800,volatile,47.24899830983269,293.24810109857685,2690,46.02230483271376,1.0839978836937256,12.059821938701006,0.35511626224384085,0.6105694004154183,2
gen1_cross_1870,fixed,0.009000000000000001,,,rr,2.6,0.03,,800,any,47.19793697916176,211.09977489307215,2690,45.687732342007436,1.0623544766199329,11.436073613978754,0.2781405421164905,0.4752952468026073,1
gen2_cross_6155,fixed,0.006,,40.0,rr,1.8,,2.5,1800,ranging,47.00334592659983,189.11836392702344,2690,45.687732342007436,1.0311749444499865,7.993014950857005,0.16050368737060272,0.2801825142061465,2
gen1_cross_3184,fixed,0.008,,,atr,,,2.75,1000,ranging,46.95479975883134,207.1616424319053,2690,45.687732342007436,1.0521181432700406,9.542962065035919,0.24386814978459323,0.4151863913130367,1
gen1_cross_6086,fixed,0.007,,,fixed,,0.045,,900,trending,46.929698807947226,232.52448435022166,2690,45.687732342007436,1.0704667399802075,8.251327353141923,0.3364142783349612,0.5933858642387868,1
gen0_id0202,fixed,0.009000000000000001,,,rr,2.6,,,800,any,46.92736499622493,211.09977489307215,2690,45.687732342007436,1.0623544766199329,11.436073613978754,0.2781405421164905,0.4752952468026073,0
gen0_id0202,fixed,0.009000000000000001,,,rr,2.6,,,800,any,46.92736499622493,211.09977489307215,2690,45.687732342007436,1.0623544766199329,11.436073613978754,0.2781405421164905,0.4752952468026073,0
gen1_cross_6900,fixed,0.008,,,fixed,,0.035,,900,any,46.87771689145284,186.4454781887148,2690,45.687732342007436,1.0521181432700408,9.542962065035889,0.24386814978459323,0.4151863913130368,1
gen8_cross_3121,fixed,0.005,,,rr,1.5,,2.5,800,ranging,46.85758547511923,150.97661100672474,2690,46.133828996282524,1.061755193952622,6.420807207071413,0.3354339812213055,0.5987338113014082,8
gen0_id0139,fixed,0.008,,,atr,,,2.75,1000,ranging,46.84634823619764,207.1616424319053,2690,45.687732342007436,1.0521181432700406,9.542962065035919,0.24386814978459323,0.4151863913130367,0
gen0_id0139,fixed,0.008,,,atr,,,2.75,1000,ranging,46.84634823619764,207.1616424319053,2690,45.687732342007436,1.0521181432700406,9.542962065035919,0.24386814978459323,0.4151863913130367,0
gen1_cross_7957,fixed,0.009000000000000001,,,rr,2.6,,,800,volatile,46.67833289480142,211.09977489307215,2690,45.687732342007436,1.0623544766199329,11.436073613978754,0.2781405421164905,0.4752952468026073,1
gen1_cross_8311,fixed,0.008,,,atr,2.6,,2.75,800,any,46.47470270740096,165.72931394552438,2690,45.687732342007436,1.052118143270041,9.542962065035912,0.24386814978459323,0.4151863913130368,1
gen0_id0123,fixed,0.008,,,fixed,,0.045,,900,any,46.21357654610374,186.4454781887148,2690,45.687732342007436,1.0521181432700408,9.542962065035889,0.24386814978459323,0.4151863913130368,0
gen0_id0123,fixed,0.008,,,fixed,,0.045,,900,any,46.21357654610374,186.4454781887148,2690,45.687732342007436,1.0521181432700408,9.542962065035889,0.24386814978459323,0.4151863913130368,0
gen7_cross_3480,fixed,0.011,,40.0,rr,3.9000000000000004,,,1100,any,46.19722363274541,267.9069726910209,2690,46.09665427509294,1.054825509617502,12.39076713147422,0.2361954024752151,0.3857221964123972,7
gen1_cross_9688,fixed,0.008,,,fixed,,0.025,,900,trending,46.163643252424755,186.4454781887148,2690,45.687732342007436,1.0521181432700408,9.542962065035889,0.24386814978459323,0.4151863913130368,1
gen1_cross_7993,fixed,0.009000000000000001,,,rr,2.6,0.025,,900,trending,46.16349556760967,237.487246754706,2690,45.687732342007436,1.0623544766199327,11.436073613978754,0.27814054211649053,0.4752952468026073,1
gen1_cross_2494,fixed,0.008,,,fixed,,0.045,2.5,900,trending,46.11959128563646,186.4454781887148,2690,45.687732342007436,1.0521181432700408,9.542962065035889,0.24386814978459323,0.4151863913130368,1
gen1_cross_1711,fixed,0.009000000000000001,,,rr,2.6,,,800,ranging,46.09908136408921,211.09977489307215,2690,45.687732342007436,1.0623544766199329,11.436073613978754,0.2781405421164905,0.4752952468026073,1
gen1_cross_5742,fixed,0.008,,,fixed,,0.045,,900,any,45.91471074801976,186.4454781887148,2690,45.687732342007436,1.0521181432700408,9.542962065035889,0.24386814978459323,0.4151863913130368,1
gen1_cross_9528,fixed,0.008,,,atr,,0.045,,900,any,45.865547189036235,186.4454781887148,2690,45.687732342007436,1.0521181432700408,9.542962065035889,0.24386814978459323,0.4151863913130368,1
gen1_cross_1034,fixed,0.008,,20.0,fixed,,,3.5,700,trending,45.839039411125235,145.01314970233398,2690,45.687732342007436,1.052118143270041,9.542962065035905,0.24386814978459323,0.4151863913130368,1
gen1_cross_9997,fixed,0.008,,,fixed,,0.045,,900,trending,45.59141215176495,186.4454781887148,2690,45.687732342007436,1.0521181432700408,9.542962065035889,0.24386814978459323,0.4151863913130368,1
gen1_cross_2031,fixed,0.008,,,rr,,,2.75,1000,volatile,45.54098007590057,207.1616424319053,2690,45.687732342007436,1.0521181432700406,9.542962065035919,0.24386814978459323,0.4151863913130367,1
gen1_cross_7273,fixed,0.008,,30.0,fixed,,,2.75,1000,trending,45.4559453593357,207.1616424319053,2690,45.687732342007436,1.0521181432700406,9.542962065035919,0.24386814978459323,0.4151863913130367,1
gen0_id0006,fixed,0.011,,,rr,2.9000000000000004,,,800,volatile,45.36718902096424,194.84143468437878,2690,46.09665427509294,1.0548255096175017,12.39076713147422,0.2361954024752151,0.38572219641239724,0
gen0_id0006,fixed,0.011,,,rr,2.9000000000000004,,,800,volatile,45.36718902096424,194.84143468437878,2690,46.09665427509294,1.0548255096175017,12.39076713147422,0.2361954024752151,0.38572219641239724,0
gen1_cross_1644,fixed,0.008,,,atr,,,,900,any,45.24388481194982,186.4454781887148,2690,45.687732342007436,1.0521181432700408,9.542962065035889,0.24386814978459323,0.4151863913130368,1
gen1_cross_2014,fixed,0.009000000000000001,,,rr,2.7,,,600,trending,45.03842412672042,178.84483116980476,2690,45.687732342007436,1.0704360507532331,11.436073613978726,0.31120531707561605,0.536896818661727,1
gen1_cross_6248,fixed,0.008,,,atr,,,2.75,700,ranging,44.86806599937682,145.01314970233398,2690,45.687732342007436,1.052118143270041,9.542962065035905,0.24386814978459323,0.4151863913130368,1
gen7_cross_9315,fixed,0.011,,,rr,3.0,,,800,ranging,44.69969612369252,194.84143468437878,2690,46.09665427509294,1.0548255096175017,12.39076713147422,0.2361954024752151,0.38572219641239724,7
gen1_cross_1134,fixed,0.009000000000000001,,,rr,2.6,,,800,any,44.69889544594912,211.09977489307215,2690,45.687732342007436,1.0623544766199329,11.436073613978754,0.2781405421164905,0.4752952468026073,1
gen1_cross_3169,fixed,0.008,,45.0,atr,1.9000000000000001,,,600,ranging,44.61711796915651,124.296985459143,2690,45.687732342007436,1.0521181432700408,9.542962065035878,0.24386814978459323,0.4151863913130368,1
gen1_cross_1658,fixed,0.009000000000000001,,,rr,2.6,,,800,any,44.58126829162132,211.09977489307215,2690,45.687732342007436,1.0623544766199329,11.436073613978754,0.2781405421164905,0.4752952468026073,1
gen1_cross_6200,fixed,0.009000000000000001,,,rr,2.6,,,700,ranging,44.552465050230374,184.71230303143807,2690,45.687732342007436,1.0623544766199329,11.436073613978746,0.278140542116491,0.47529524680260815,1
gen1_cross_9402,fixed,0.008,,,fixed,,0.045,,500,ranging,44.1491386723072,103.58082121595265,2690,45.687732342007436,1.0521181432700406,9.542962065035919,0.24386814978459323,0.4151863913130367,1
gen1_cross_7016,fixed,0.011,,,rr,2.9000000000000004,,,800,volatile,43.97759280391192,194.84143468437878,2690,46.09665427509294,1.0548255096175017,12.39076713147422,0.2361954024752151,0.38572219641239724,1
gen4_cross_6522,fixed,0.011,,,rr,3.0,,2.5,1000,ranging,43.95314193990396,243.55179335547336,2690,46.09665427509294,1.054825509617502,12.390767131474242,0.2361954024752151,0.3857221964123972,4
gen1_cross_8224,fixed,0.008,,40.0,fixed,,,,600,ranging,43.9082790328691,124.296985459143,2690,45.687732342007436,1.0521181432700408,9.542962065035878,0.24386814978459323,0.4151863913130368,1
gen4_cross_1201,fixed,0.006,,,rr,1.8,,2.5,800,ranging,43.24805331307669,84.05260618978826,2690,45.687732342007436,1.0311749444499865,7.993014950857005,0.1605036873706029,0.28018251420614676,4
gen4_cross_9785,fixed,0.011,1.25,,rr,3.0,,2.5,800,ranging,42.89972936312202,194.84143468437878,2690,46.09665427509294,1.0548255096175017,12.39076713147422,0.2361954024752151,0.38572219641239724,4
gen1_cross_5340,fixed,0.009000000000000001,,,atr,,,2.5,1800,any,42.843946978866185,125.38747740015015,2690,45.687732342007436,1.0164608218647957,11.43607361397874,0.07725359173967539,0.12547215236028197,1
gen6_cross_2001,fixed,0.005,,,rr,1.4000000000000001,,,800,ranging,42.83231918857056,45.263161229094976,2690,46.133828996282524,1.0185143598201916,6.778804378570061,0.10399325343206849,0.17950187683732755,6
gen1_cross_6798,fixed,0.009000000000000001,,,fixed,,0.04,,2000,any,42.23069113232161,139.3194193334998,2690,45.687732342007436,1.016460821864796,11.436073613978747,0.07725359173967539,0.12547215236028197,1
gen1_cross_8550,fixed,0.009000000000000001,,,rr,2.1,,,800,any,41.87432058858393,77.4679792205165,2690,45.687732342007436,1.0228824275229376,11.436073613978753,0.10666072370063334,0.17442066113791463,1
gen6_cross_2421,fixed,0.005,,,rr,1.4000000000000001,,,800,ranging,41.41974202876767,45.263161229094976,2690,46.133828996282524,1.0185143598201916,6.778804378570061,0.10399325343206849,0.17950187683732755,6
gen0_id0150,fixed,0.006,,,rr,1.6,,,1100,ranging,41.28736378240658,30.328110124288173,2690,45.687732342007436,1.0081808259786336,8.536820282974624,0.04333564716838495,0.07352457017698114,0
gen0_id0150,fixed,0.006,,,rr,1.6,,,1100,ranging,41.28736378240658,30.328110124288173,2690,45.687732342007436,1.0081808259786336,8.536820282974624,0.04333564716838495,0.07352457017698114,0
gen1_cross_2996,fixed,0.009000000000000001,,,fixed,,,,1400,any,40.497805177435495,97.52359353345037,2690,45.687732342007436,1.0164608218647957,11.43607361397874,0.07725359173967539,0.12547215236028197,1
gen4_cross_8380,fixed,0.006,,,rr,1.6,,,800,ranging,40.00884165549839,22.05680736311882,2690,45.687732342007436,1.0081808259786336,8.536820282974626,0.04333564716838495,0.07352457017698115,4
gen1_cross_3045,fixed,0.006,,,rr,1.6,,,1100,trending,39.530710232981725,30.328110124288173,2690,45.687732342007436,1.0081808259786336,8.536820282974624,0.04333564716838495,0.07352457017698114,1
gen1_cross_6680,fixed,0.01,,,fixed,,0.03,,1400,ranging,39.53066790252582,21.16715552641972,2690,46.02230483271376,1.0034646357935229,12.059821938701003,0.01612651746757114,0.02518397495372689,1
gen8_cross_7349,fixed,0.012,,,rr,3.9000000000000004,,2.5,800,ranging,39.45259117562798,65.37849037612068,2690,46.09665427509294,1.0177499324601598,13.562476063403109,0.07778838738657891,0.12136722933798053,8
gen1_cross_1530,fixed,0.009000000000000001,,,fixed,,,,600,ranging,39.174447302435055,41.79582580005018,2690,45.687732342007436,1.0164608218647957,11.436073613978756,0.07725359173967539,0.12547215236028197,1
gen1_cross_5773,fixed,0.009000000000000001,,,atr,2.6,,,800,ranging,39.14967063975167,55.72776773340041,2690,45.687732342007436,1.016460821864796,11.43607361397875,0.07725359173967539,0.12547215236028197,1
gen1_cross_8998,fixed,0.009000000000000001,,,fixed,,,,900,trending,38.7863159906489,62.69373870007507,2690,45.687732342007436,1.0164608218647957,11.43607361397874,0.07725359173967539,0.12547215236028197,1
gen1_cross_6305,fixed,0.009000000000000001,,,rr,,,,800,any,38.77303566693973,55.72776773340041,2690,45.687732342007436,1.016460821864796,11.43607361397875,0.07725359173967539,0.12547215236028197,1
gen0_id0280,fixed,0.009000000000000001,,,fixed,,0.04,,600,ranging,38.763626616268034,41.79582580005018,2690,45.687732342007436,1.0164608218647957,11.436073613978756,0.07725359173967539,0.12547215236028197,0
gen0_id0280,fixed,0.009000000000000001,,,fixed,,0.04,,600,ranging,38.763626616268034,41.79582580005018,2690,45.687732342007436,1.0164608218647957,11.436073613978756,0.07725359173967539,0.12547215236028197,0
gen1_cross_5497,fixed,0.01,,,fixed,,0.03,,1400,ranging,38.57788315903959,21.16715552641972,2690,46.02230483271376,1.0034646357935229,12.059821938701003,0.01612651746757114,0.02518397495372689,1
gen1_cross_7370,fixed,0.01,,,fixed,,0.03,,1400,ranging,38.56636127516106,21.16715552641972,2690,46.02230483271376,1.0034646357935229,12.059821938701003,0.01612651746757114,0.02518397495372689,1
gen1_cross_9474,fixed,0.012,,,rr,3.0,,,800,ranging,38.52844485860037,65.37849037612068,2690,46.09665427509294,1.0177499324601598,13.562476063403109,0.07778838738657891,0.12136722933798053,1
gen2_cross_7686,fixed,0.012,,,rr,3.0,,,800,ranging,38.49971111589958,65.37849037612068,2690,46.09665427509294,1.0177499324601598,13.562476063403109,0.07778838738657891,0.12136722933798053,2
gen1_cross_3408,fixed,0.009000000000000001,,,rr,,,,1000,any,38.409047767337064,69.6597096667499,2690,45.687732342007436,1.016460821864796,11.436073613978747,0.07725359173967539,0.12547215236028197,1
gen0_id0034,fixed,0.011,,,atr,,,3.25,2000,any,38.37964710413577,15.320698408430871,2690,46.09665427509294,1.0017244075405192,12.390767131474227,0.007915817153224345,0.012131985068256959,0
gen0_id0034,fixed,0.011,,,atr,,,3.25,2000,any,38.37964710413577,15.320698408430871,2690,46.09665427509294,1.0017244075405192,12.390767131474227,0.007915817153224345,0.012131985068256959,0
gen1_cross_1862,fixed,0.011,,,atr,1.4000000000000001,,2.75,1000,ranging,38.378113452539004,7.660349204215436,2690,46.09665427509294,1.0017244075405192,12.390767131474227,0.007915817153224345,0.012131985068256959,1
gen1_cross_2605,fixed,0.011,,,rr,,0.04,,600,trending,38.09805664885927,4.596209522529193,2690,46.09665427509294,1.0017244075405192,12.390767131474231,0.007915817153224345,0.012131985068256959,1
gen1_cross_7547,fixed,0.01,,,atr,,,,1600,any,37.96909361024381,24.191034887336173,2690,46.02230483271376,1.0034646357935226,12.059821938701013,0.016126517467571377,0.025183974953727265,1
gen1_cross_4631,fixed,0.01,,,fixed,,0.03,2.75,1400,ranging,37.88054530160929,21.16715552641972,2690,46.02230483271376,1.0034646357935229,12.059821938701003,0.01612651746757114,0.02518397495372689,1
gen1_cross_6312,fixed,0.009000000000000001,,,rr,,,,900,any,37.878955622427654,62.69373870007507,2690,45.687732342007436,1.0164608218647957,11.43607361397874,0.07725359173967539,0.12547215236028197,1
gen1_cross_1527,fixed,0.01,,,rr,,0.03,,1600,any,37.86699305655177,24.191034887336173,2690,46.02230483271376,1.0034646357935226,12.059821938701013,0.016126517467571377,0.025183974953727265,1
gen1_cross_4623,fixed,0.011,,,fixed,,,3.25,1400,volatile,37.70349175282281,10.724488885901565,2690,46.09665427509294,1.0017244075405192,12.39076713147423,0.007915817153224574,0.012131985068257311,1
gen4_cross_2332,fixed,0.012,2.5,,rr,3.0,,,800,ranging,37.639441289940045,65.37849037612068,2690,46.09665427509294,1.0177499324601598,13.562476063403109,0.07778838738657891,0.12136722933798053,4
gen1_cross_5754,fixed,0.011,,,fixed,,,,2000,any,37.626819833417834,15.320698408430871,2690,46.09665427509294,1.0017244075405192,12.390767131474227,0.007915817153224345,0.012131985068256959,1
gen1_cross_8220,fixed,0.012,,,rr,3.6,0.035,,800,any,37.611731251819236,65.37849037612068,2690,46.09665427509294,1.0177499324601598,13.562476063403109,0.07778838738657891,0.12136722933798053,1
gen1_cross_6795,fixed,0.011,,,atr,1.4000000000000001,,2.75,1000,trending,37.5465022465784,7.660349204215436,2690,46.09665427509294,1.0017244075405192,12.390767131474227,0.007915817153224345,0.012131985068256959,1
gen1_cross_7580,fixed,0.01,,,fixed,2.6,0.03,,1400,any,37.35304691777051,21.16715552641972,2690,46.02230483271376,1.0034646357935229,12.059821938701003,0.01612651746757114,0.02518397495372689,1
gen1_cross_8707,fixed,0.01,,,fixed,,0.035,,1400,ranging,37.303050959485425,21.16715552641972,2690,46.02230483271376,1.0034646357935229,12.059821938701003,0.01612651746757114,0.02518397495372689,1
gen1_cross_3593,fixed,0.011,,,fixed,2.9000000000000004,,,1400,ranging,37.139969784728535,10.724488885901565,2690,46.09665427509294,1.0017244075405192,12.39076713147423,0.007915817153224574,0.012131985068257311,1
gen2_cross_6108,fixed,0.01,1.5,30.0,rr,,0.015,,1700,ranging,37.13615857951279,25.702974567794627,2690,46.02230483271376,1.0034646357935226,12.059821938701013,0.016126517467571377,0.025183974953727265,2
gen1_cross_9141,fixed,0.012,,,rr,3.5,,,800,ranging,37.10742655134818,65.37849037612068,2690,46.09665427509294,1.0177499324601598,13.562476063403109,0.07778838738657891,0.12136722933798053,1
gen1_cross_2453,fixed,0.01,,,fixed,,0.03,,1400,ranging,37.06028488296526,21.16715552641972,2690,46.02230483271376,1.0034646357935229,12.059821938701003,0.01612651746757114,0.02518397495372689,1
gen2_cross_9236,fixed,0.01,,,rr,,0.03,,1800,ranging,36.94163848978002,27.214914248253763,2690,46.02230483271376,1.0034646357935226,12.05982193870101,0.01612651746757114,0.02518397495372689,2
gen1_cross_8153,fixed,0.011,,,atr,,,3.25,2000,any,36.91596823352336,15.320698408430871,2690,46.09665427509294,1.0017244075405192,12.390767131474227,0.007915817153224345,0.012131985068256959,1
gen1_cross_4662,fixed,0.011,,,rr,,,,800,any,36.61623221313947,6.128279363372258,2690,46.09665427509294,1.0017244075405192,12.390767131474227,0.007915817153224345,0.01213198506825696,1
gen1_cross_1877,fixed,0.009000000000000001,,,fixed,,0.04,,500,volatile,36.53547903131401,34.82985483337495,2690,45.687732342007436,1.016460821864796,11.436073613978747,0.07725359173967539,0.12547215236028197,1
gen1_cross_6652,fixed,0.011,,,rr,,,,1800,trending,36.31962578821974,13.788628567587466,2690,46.09665427509294,1.001724407540519,12.390767131474227,0.007915817153224114,0.012131985068256607,1
gen1_cross_2785,fixed,0.01,,,fixed,,0.03,,500,ranging,36.199204006328316,7.559698402292611,2690,46.02230483271376,1.0034646357935226,12.059821938701006,0.01612651746757114,0.02518397495372689,1
gen1_cross_7772,fixed,0.011,,,atr,2.6,,3.25,800,any,36.17638011200716,6.128279363372258,2690,46.09665427509294,1.0017244075405192,12.390767131474227,0.007915817153224345,0.01213198506825696,1
gen0_id0189,fixed,0.01,,,fixed,,0.03,,1400,ranging,36.14481052496249,21.16715552641972,2690,46.02230483271376,1.0034646357935229,12.059821938701003,0.01612651746757114,0.02518397495372689,0
gen0_id0189,fixed,0.01,,,fixed,,0.03,,1400,ranging,36.14481052496249,21.16715552641972,2690,46.02230483271376,1.0034646357935229,12.059821938701003,0.01612651746757114,0.02518397495372689,0
gen2_cross_2597,fixed,0.01,1.5,,rr,,0.03,,1800,ranging,36.089031577773476,27.214914248253763,2690,46.02230483271376,1.0034646357935226,12.05982193870101,0.01612651746757114,0.02518397495372689,2
gen6_cross_3531,fixed,0.012,,,rr,3.0,,,800,ranging,36.07111750905276,65.37849037612068,2690,46.09665427509294,1.0177499324601598,13.562476063403109,0.07778838738657891,0.12136722933798053,6
gen1_cross_3962,fixed,0.011,,,atr,,,3.25,800,any,36.02776424682274,6.128279363372258,2690,46.09665427509294,1.0017244075405192,12.390767131474227,0.007915817153224345,0.01213198506825696,1
gen1_cross_3869,fixed,0.011,,30.0,fixed,,0.03,,500,ranging,35.81066504870905,3.830174602107718,2690,46.09665427509294,1.0017244075405192,12.390767131474227,0.007915817153224345,0.012131985068256959,1
gen1_cross_2180,fixed,0.01,,,atr,,,3.25,1800,trending,35.643788598471794,27.214914248253763,2690,46.02230483271376,1.0034646357935226,12.05982193870101,0.01612651746757114,0.02518397495372689,1
gen1_cross_2377,fixed,0.011,,,fixed,,,,2000,any,35.6229220397319,15.320698408430871,2690,46.09665427509294,1.0017244075405192,12.390767131474227,0.007915817153224345,0.012131985068256959,1
gen1_cross_5012,fixed,0.011,,,fixed,,,,600,ranging,35.61645198580682,4.596209522529193,2690,46.09665427509294,1.0017244075405192,12.390767131474231,0.007915817153224345,0.012131985068256959,1
gen4_cross_4743,fixed,0.006,1.25,,rr,1.1,,,800,ranging,35.564112252395866,-274.2007056777982,2690,46.20817843866171,0.8976738195784988,9.342712995293972,-0.6093230896410453,-0.9108789934882219,4
gen1_cross_9053,fixed,0.011,1.75,,fixed,,,,800,volatile,35.47483934103052,6.128279363372258,2690,46.09665427509294,1.0017244075405192,12.390767131474227,0.007915817153224345,0.01213198506825696,1
gen2_cross_5026,fixed,0.01,,,rr,,0.03,2.5,1800,ranging,35.43165580003491,27.214914248253763,2690,46.02230483271376,1.0034646357935226,12.05982193870101,0.01612651746757114,0.02518397495372689,2
gen2_cross_5999,fixed,0.011,,,rr,,0.04,,800,ranging,35.4202116832042,6.128279363372258,2690,46.09665427509294,1.0017244075405192,12.390767131474227,0.007915817153224345,0.01213198506825696,2
gen1_cross_7124,fixed,0.011,,,rr,,,,1500,volatile,35.38700697126605,11.490523806322699,2690,46.09665427509294,1.001724407540519,12.39076713147422,0.007915817153224574,0.012131985068257311,1
gen1_cross_9426,fixed,0.011,,,atr,,,,2000,any,35.36121401933607,15.320698408430871,2690,46.09665427509294,1.0017244075405192,12.390767131474227,0.007915817153224345,0.012131985068256959,1
gen1_cross_8697,fixed,0.011,,,fixed,1.4000000000000001,,,1800,trending,35.265212795519126,13.788628567587466,2690,46.09665427509294,1.001724407540519,12.390767131474227,0.007915817153224114,0.012131985068256607,1
gen1_cross_3959,fixed,0.011,,,fixed,,0.025,,2000,trending,34.91033150876339,15.320698408430871,2690,46.09665427509294,1.0017244075405192,12.390767131474227,0.007915817153224345,0.012131985068256959,1
gen1_cross_1760,fixed,0.013000000000000001,,,rr,2.6,,,500,ranging,34.851358484725644,-41.777115277546216,2690,46.09665427509294,0.982481237264721,14.741738408969113,-0.07798697021507929,-0.11652187345532207,1
gen1_cross_5214,fixed,0.011,,,rr,1.9000000000000001,,,500,ranging,34.83008726447659,-13.60677741762521,2690,46.09665427509294,0.9938740052298906,12.39076713147423,-0.028371153229573863,-0.043099137142963054,1
gen1_cross_5364,fixed,0.011,,,fixed,1.4000000000000001,0.015,,1700,ranging,34.726705755750274,13.022593647166559,2690,46.09665427509294,1.001724407540519,12.390767131474226,0.007915817153224345,0.012131985068256959,1
gen9_cross_9455,fixed,0.005,,,rr,1.2000000000000002,,2.5,800,ranging,34.059165567820635,-174.0252968732878,2690,46.133828996282524,0.9288170141758332,7.835265919837979,-0.428632796271754,-0.6901388802213978,9
gen1_cross_9927,fixed,0.011,,30.0,rr,1.9000000000000001,,,1100,any,34.01516950857694,-29.934910318775565,2690,46.09665427509294,0.9938740052298907,12.39076713147423,-0.0283711532295734,-0.04309913714296235,1
gen1_cross_4390,fixed,0.011,,,atr,,,3.25,800,any,33.8381552615957,6.128279363372258,2690,46.09665427509294,1.0017244075405192,12.390767131474227,0.007915817153224345,0.01213198506825696,1
gen1_cross_3586,fixed,0.012,,,rr,,0.035,,800,ranging,33.756855107135884,-62.53466494488566,2690,46.09665427509294,0.9830221518911689,13.562476063403112,-0.07762463699009334,-0.11608801271299728,1
gen7_cross_3024,fixed,0.005,,,rr,1.2000000000000002,,2.5,800,ranging,33.460865586248815,-174.0252968732878,2690,46.133828996282524,0.9288170141758332,7.835265919837979,-0.428632796271754,-0.6901388802213978,7
gen0_id0294,fixed,0.012,,,fixed,,0.04,,500,ranging,33.24678378562093,-39.084165590553596,2690,46.09665427509294,0.9830221518911689,13.562476063403109,-0.0776246369900931,-0.11608801271299694,0
gen0_id0294,fixed,0.012,,,fixed,,0.04,,500,ranging,33.24678378562093,-39.084165590553596,2690,46.09665427509294,0.9830221518911689,13.562476063403109,-0.0776246369900931,-0.11608801271299694,0
gen1_cross_5612,fixed,0.012,,,fixed,,0.035,,2000,ranging,33.23893917551769,-156.33666236221438,2690,46.09665427509294,0.9830221518911689,13.562476063403109,-0.0776246369900931,-0.11608801271299694,1
gen1_cross_4482,fixed,0.013000000000000001,,,atr,,,3.25,800,any,32.87410884347956,-133.95653976508015,2690,46.09665427509294,0.9648917711677675,14.741738408969118,-0.15974783863829978,-0.23351401346350106,1
gen1_cross_6852,fixed,0.013000000000000001,,,rr,2.6,,,800,any,32.63334743788714,-66.84338444407399,2690,46.09665427509294,0.9824812372647206,14.741738408969118,-0.07798697021507886,-0.11652187345532143,1
gen1_cross_4956,fixed,0.012,,,fixed,,0.04,,500,ranging,32.58160209443799,-39.084165590553596,2690,46.09665427509294,0.9830221518911689,13.562476063403109,-0.0776246369900931,-0.11608801271299694,1
gen8_cross_7295,fixed,0.013000000000000001,,,rr,3.9000000000000004,,,800,ranging,32.35717592433163,-66.84338444407399,2690,46.09665427509294,0.9824812372647206,14.741738408969118,-0.07798697021507886,-0.11652187345532143,8
gen1_cross_7059,fixed,0.013000000000000001,,,rr,2.6,,3.0,800,any,32.20270492087589,-66.84338444407399,2690,46.09665427509294,0.9824812372647206,14.741738408969118,-0.07798697021507886,-0.11652187345532143,1
gen1_cross_1552,fixed,0.012,,,fixed,1.6,0.035,,2000,ranging,32.16394123925663,-156.33666236221438,2690,46.09665427509294,0.9830221518911689,13.562476063403109,-0.0776246369900931,-0.11608801271299694,1
gen5_cross_7897,fixed,0.013000000000000001,,,rr,3.0,,,1000,ranging,32.01898677022526,-83.55423055509243,2690,46.09665427509294,0.982481237264721,14.741738408969113,-0.07798697021507929,-0.11652187345532207,5
gen1_cross_6211,fixed,0.012,,,fixed,,0.035,,2000,ranging,31.974173437411846,-156.33666236221438,2690,46.09665427509294,0.9830221518911689,13.562476063403109,-0.0776246369900931,-0.11608801271299694,1
gen0_id0071,fixed,0.013000000000000001,,,rr,2.1,,,800,any,31.849765578396326,-94.43653976508017,2690,46.09665427509294,0.9752494379594228,14.741738408969118,-0.11120215890182734,-0.16462246230622612,0
gen0_id0071,fixed,0.013000000000000001,,,rr,2.1,,,800,any,31.849765578396326,-94.43653976508017,2690,46.09665427509294,0.9752494379594228,14.741738408969118,-0.11120215890182734,-0.16462246230622612,0
gen6_cross_1600,trailing,0.005,,,rr,3.0,,,800,ranging,31.82237606098312,-287.66525139893247,2690,46.09665427509294,0.9287313938719473,16.539618074119346,-0.3242529018985765,-0.4529866160616601,6
gen8_cross_4282,fixed,0.013000000000000001,,,rr,3.9000000000000004,,,800,ranging,31.714103914816988,-66.84338444407399,2690,46.09665427509294,0.9824812372647206,14.741738408969118,-0.07798697021507886,-0.11652187345532143,8
gen1_cross_9121,fixed,0.013000000000000001,,,fixed,,,,500,any,31.708454118946396,-83.72283735317495,2690,46.09665427509294,0.9648917711677677,14.741738408969113,-0.15974783863830022,-0.23351401346350167,1
gen1_cross_8680,fixed,0.012,,,atr,,,,2000,ranging,31.68119320287342,-156.33666236221438,2690,46.09665427509294,0.9830221518911689,13.562476063403109,-0.0776246369900931,-0.11608801271299694,1
gen1_cross_3013,fixed,0.013000000000000001,,,fixed,,0.03,,500,ranging,31.660493977485686,-83.72283735317495,2690,46.09665427509294,0.9648917711677677,14.741738408969113,-0.15974783863830022,-0.23351401346350167,1
gen1_cross_8203,fixed,0.013000000000000001,,,rr,2.1,,,800,any,31.643799338341346,-94.43653976508017,2690,46.09665427509294,0.9752494379594228,14.741738408969118,-0.11120215890182734,-0.16462246230622612,1
gen1_cross_4065,ma,0.018000000000000002,,,fixed,,0.04,3.25,700,any,31.506172889622817,-219.8261973335916,2690,46.09665427509294,0.9377581840670424,16.539618074119346,-0.2799837693451372,-0.39561191257682304,1
gen6_cross_3701,fixed,0.013000000000000001,,,rr,3.9000000000000004,,,1100,ranging,31.422120605571468,-91.90965361060171,2690,46.09665427509294,0.982481237264721,14.741738408969113,-0.07798697021507908,-0.11652187345532176,6
gen1_cross_9592,fixed,0.012,,,fixed,2.6,0.04,,800,any,31.334180543622818,-62.53466494488566,2690,46.09665427509294,0.9830221518911689,13.562476063403112,-0.07762463699009334,-0.11608801271299728,1
gen0_id0081,chandelier,,1.5,30.0,fixed,,0.02,,1800,trending,31.28527618628739,-565.2673645720927,2690,46.09665427509294,0.9377581840670427,16.539618074119346,-0.2799837693451372,-0.39561191257682304,0
gen0_id0081,chandelier,,1.5,30.0,fixed,,0.02,,1800,trending,31.28527618628739,-565.2673645720927,2690,46.09665427509294,0.9377581840670427,16.539618074119346,-0.2799837693451372,-0.39561191257682304,0
gen4_cross_2952,atr,0.005,,,rr,3.0,,2.5,1100,ranging,31.273278883645606,-395.539720673532,2690,46.09665427509294,0.9287313938719476,16.539618074119353,-0.3242529018985765,-0.4529866160616601,4
gen0_id0286,fixed,0.011,,,rr,1.4000000000000001,,,1800,trending,31.182102690579445,-585.27051884709,2690,46.09665427509294,0.9268059987984703,12.639542640410111,-0.36202238501836687,-0.5149528222288171,0
gen0_id0286,fixed,0.011,,,rr,1.4000000000000001,,,1800,trending,31.182102690579445,-585.27051884709,2690,46.09665427509294,0.9268059987984703,12.639542640410111,-0.36202238501836687,-0.5149528222288171,0
gen1_cross_9075,chandelier,0.009000000000000001,,30.0,fixed,,0.04,,600,ranging,31.125709543852764,-188.42245485736407,2690,46.09665427509294,0.9377581840670424,16.53961807411935,-0.2799837693451372,-0.39561191257682315,1
gen1_cross_5382,fixed,0.013000000000000001,,,rr,2.1,,,800,any,31.10026556931278,-94.43653976508017,2690,46.09665427509294,0.9752494379594228,14.741738408969118,-0.11120215890182734,-0.16462246230622612,1
gen1_cross_1112,fixed,0.012,,,rr,1.6,,,1100,ranging,31.090384031508165,-284.43082482330124,2690,46.09665427509294,0.9438388775473511,13.562476063403103,-0.2680983844259659,-0.38400821208125635,1
gen1_cross_3097,fixed,0.013000000000000001,,,fixed,2.1,0.015,,1300,any,31.07948454766911,-217.67937711825527,2690,46.09665427509294,0.9648917711677677,14.741738408969113,-0.1597478386383,-0.23351401346350137,1
gen1_cross_4053,ma,0.023,,,fixed,,,,1500,any,31.058247663913097,-471.0561371434103,2690,46.09665427509294,0.9377581840670424,16.53961807411934,-0.2799837693451372,-0.39561191257682315,1
gen1_cross_5385,fixed,0.012,,25.0,atr,,,,500,trending,31.028131341961778,-39.084165590553596,2690,46.09665427509294,0.9830221518911689,13.562476063403109,-0.0776246369900931,-0.11608801271299694,1
gen0_id0007,fixed,0.012,,,fixed,,0.035,,2000,ranging,30.997494757342402,-156.33666236221438,2690,46.09665427509294,0.9830221518911689,13.562476063403109,-0.0776246369900931,-0.11608801271299694,0
gen0_id0007,fixed,0.012,,,fixed,,0.035,,2000,ranging,30.997494757342402,-156.33666236221438,2690,46.09665427509294,0.9830221518911689,13.562476063403109,-0.0776246369900931,-0.11608801271299694,0
gen1_cross_3452,fixed,0.013000000000000001,,,atr,,,,1800,ranging,30.94797502101229,-301.4022144714304,2690,46.09665427509294,0.9648917711677678,14.741738408969113,-0.1597478386383,-0.23351401346350137,1
gen0_id0093,chandelier,,1.75,20.0,fixed,,0.035,,1700,ranging,30.85846497939384,-533.8636220958651,2690,46.09665427509294,0.9377581840670424,16.53961807411934,-0.2799837693451372,-0.39561191257682315,0
gen0_id0093,chandelier,,1.75,20.0,fixed,,0.035,,1700,ranging,30.85846497939384,-533.8636220958651,2690,46.09665427509294,0.9377581840670424,16.53961807411934,-0.2799837693451372,-0.39561191257682315,0
gen5_cross_1831,fixed,0.013000000000000001,,,rr,3.0,0.015,,800,ranging,30.797768397824488,-66.84338444407399,2690,46.09665427509294,0.9824812372647206,14.741738408969118,-0.07798697021507886,-0.11652187345532143,5
gen1_cross_4742,fixed,0.012,,,fixed,,0.035,,2000,ranging,30.7324742605745,-156.33666236221438,2690,46.09665427509294,0.9830221518911689,13.562476063403109,-0.0776246369900931,-0.11608801271299694,1
gen1_cross_8399,fixed,0.013000000000000001,,,rr,,,,2000,trending,30.622764719204664,-334.8913494126998,2690,46.09665427509294,0.9648917711677677,14.741738408969113,-0.15974783863830022,-0.23351401346350167,1
gen1_cross_9887,fixed,0.013000000000000001,,,rr,3.0,0.03,,800,ranging,30.58386600295615,-66.84338444407399,2690,46.09665427509294,0.9824812372647206,14.741738408969118,-0.07798697021507886,-0.11652187345532143,1
gen1_cross_1344,fixed,0.011,,,rr,1.4000000000000001,,,900,any,30.554651068573886,-292.635259423545,2690,46.09665427509294,0.9268059987984703,12.639542640410111,-0.36202238501836687,-0.5149528222288171,1
gen1_cross_4056,fixed,0.012,,,fixed,,0.035,,1000,ranging,30.467128383449634,-78.16833118110719,2690,46.09665427509294,0.9830221518911689,13.562476063403109,-0.0776246369900931,-0.11608801271299694,1
gen1_cross_6115,fixed,0.013000000000000001,,,atr,,0.045,,2000,any,30.46479013320179,-334.8913494126998,2690,46.09665427509294,0.9648917711677677,14.741738408969113,-0.15974783863830022,-0.23351401346350167,1
gen6_cross_8233,chandelier,0.005,,,rr,3.0,,2.5,800,ranging,30.33490757173397,-287.66525139893247,2690,46.09665427509294,0.9287313938719473,16.539618074119346,-0.3242529018985765,-0.4529866160616601,6
gen5_cross_3592,chandelier,0.005,,,rr,3.0,,2.5,800,ranging,30.307615356091883,-287.66525139893247,2690,46.09665427509294,0.9287313938719473,16.539618074119346,-0.3242529018985765,-0.4529866160616601,5
gen2_cross_8344,fixed,0.014,,,fixed,,,,800,ranging,30.17099572196733,-188.8604164941312,2690,46.09665427509294,0.9519590112187698,15.705643196296757,-0.21694423575559116,-0.31199926282808965,2
gen0_id0028,atr,,2.75,45.0,rr,1.9000000000000001,,,600,trending,30.061886656277448,-209.0838050399541,2690,46.09665427509294,0.9309330954332878,16.539618074119346,-0.3134428447832259,-0.4389924972759321,0
gen0_id0206,ma,0.008,,40.0,atr,,,3.0,1500,ranging,30.01187025781707,-471.0561371434103,2690,46.09665427509294,0.9377581840670424,16.53961807411934,-0.2799837693451372,-0.39561191257682315,0
gen0_id0244,ma,0.014,,10.0,fixed,,0.015,,1400,volatile,29.906122449984775,-439.6523946671832,2690,46.09665427509294,0.9377581840670424,16.539618074119346,-0.2799837693451372,-0.39561191257682304,0
gen0_id0011,ma,0.012,,35.0,rr,3.5,,,600,ranging,29.903932821399493,-215.7489385491997,2690,46.09665427509294,0.9287313938719475,16.53961807411935,-0.3242529018985765,-0.4529866160616601,0
gen1_cross_7602,fixed,0.012,,,atr,,,,1000,ranging,29.89031504967885,-78.16833118110719,2690,46.09665427509294,0.9830221518911689,13.562476063403109,-0.0776246369900931,-0.11608801271299694,1
gen3_cross_1017,trailing,0.006,,,rr,3.0,,2.5,800,trending,29.85904742941743,-287.66525139893247,2690,46.09665427509294,0.9287313938719473,16.539618074119346,-0.3242529018985765,-0.4529866160616601,3
gen0_id0099,ma,0.016,,45.0,fixed,,0.05,,1900,any,29.826080759051166,-596.6711070483193,2690,46.09665427509294,0.9377581840670424,16.53961807411936,-0.2799837693451372,-0.39561191257682315,0
gen7_cross_9070,trailing,0.005,,,rr,3.9000000000000004,,,800,ranging,29.825143084222177,-287.66525139893247,2690,46.09665427509294,0.9287313938719473,16.539618074119346,-0.3242529018985765,-0.4529866160616601,7
gen1_cross_9097,fixed,0.012,1.75,20.0,fixed,,0.035,,1700,ranging,29.802495451178462,-132.8861630078818,2690,46.09665427509294,0.9830221518911689,13.562476063403103,-0.07762463699009334,-0.11608801271299728,1
gen0_id0080,atr,,2.5,20.0,rr,2.1,,,1000,ranging,29.753862240612783,-359.5815642486657,2690,46.09665427509294,0.9287313938719476,16.539618074119346,-0.3242529018985765,-0.4529866160616601,0
gen0_id0263,ma,0.006,,30.0,atr,,,2.0,900,trending,29.658242856869098,-282.63368228604634,2690,46.09665427509294,0.9377581840670427,16.539618074119346,-0.2799837693451372,-0.39561191257682304,0
gen0_id0115,chandelier,,2.0,30.0,rr,2.7,,,600,trending,29.64732984390695,-215.7489385491997,2690,46.09665427509294,0.9287313938719475,16.53961807411935,-0.3242529018985765,-0.4529866160616601,0
gen1_cross_5772,fixed,0.013000000000000001,,,fixed,2.1,,,800,any,29.63076729818456,-133.95653976508015,2690,46.09665427509294,0.9648917711677675,14.741738408969118,-0.15974783863829978,-0.23351401346350106,1
gen0_id0276,chandelier,,3.0,10.0,rr,3.8000000000000003,,,1200,volatile,29.599758450179447,-431.4978770983994,2690,46.09665427509294,0.9287313938719475,16.53961807411935,-0.3242529018985765,-0.4529866160616601,0
gen7_cross_9082,trailing,0.005,,,rr,3.9000000000000004,,2.5,800,any,29.59492835861909,-287.66525139893247,2690,46.09665427509294,0.9287313938719473,16.539618074119346,-0.3242529018985765,-0.4529866160616601,7
gen0_id0195,chandelier,,2.25,40.0,fixed,,0.03,,1600,any,29.57615816809976,-502.4598796196374,2690,46.09665427509294,0.9377581840670421,16.539618074119346,-0.2799837693451372,-0.39561191257682315,0
gen0_id0195,chandelier,,2.25,40.0,fixed,,0.03,,1600,any,29.57615816809976,-502.4598796196374,2690,46.09665427509294,0.9377581840670421,16.539618074119346,-0.2799837693451372,-0.39561191257682315,0
gen0_id0090,trailing,0.006,,15.0,rr,2.2,,,800,trending,29.514676730601487,-287.66525139893247,2690,46.09665427509294,0.9287313938719473,16.539618074119346,-0.3242529018985765,-0.4529866160616601,0
gen1_cross_6740,ma,0.011,,,atr,,,2.5,800,trending,29.497056167573632,-251.2299398098187,2690,46.09665427509294,0.9377581840670421,16.539618074119346,-0.2799837693451372,-0.39561191257682315,1
gen1_cross_2115,fixed,0.013000000000000001,,,atr,2.1,,,1500,any,29.492709086625705,-251.16851205952503,2690,46.09665427509294,0.9648917711677676,14.741738408969107,-0.15974783863829978,-0.23351401346350106,1
gen0_id0166,atr,,2.25,45.0,rr,2.9000000000000004,,,1700,any,29.492252054473887,-611.2886592227319,2690,46.09665427509294,0.9287313938719473,16.53961807411934,-0.3242529018985765,-0.4529866160616601,0
gen5_cross_7160,ma,0.005,,,rr,3.0,,,800,ranging,29.456715722803605,-287.66525139893247,2690,46.09665427509294,0.9287313938719473,16.539618074119346,-0.3242529018985765,-0.4529866160616601,5
gen0_id0243,ma,0.011,,30.0,rr,1.9000000000000001,,,500,ranging,29.455774551303577,-174.2365041999616,2690,46.09665427509294,0.9309330954332878,16.539618074119346,-0.3134428447832259,-0.4389924972759321,0
gen0_id0243,ma,0.011,,30.0,rr,1.9000000000000001,,,500,ranging,29.455774551303577,-174.2365041999616,2690,46.09665427509294,0.9309330954332878,16.539618074119346,-0.3134428447832259,-0.4389924972759321,0
gen1_cross_8598,chandelier,,1.5,,fixed,,0.045,,900,trending,29.430933820936307,-282.63368228604634,2690,46.09665427509294,0.9377581840670427,16.539618074119346,-0.2799837693451372,-0.39561191257682304,1
gen8_cross_3698,chandelier,0.005,,,rr,3.9000000000000004,,2.5,900,ranging,29.411268449100174,-323.6234078237993,2690,46.09665427509294,0.9287313938719476,16.539618074119353,-0.3242529018985765,-0.45298661606166,8
gen1_cross_8124,chandelier,,2.5,25.0,atr,,,3.0,1500,trending,29.389372350963715,-471.0561371434103,2690,46.09665427509294,0.9377581840670424,16.53961807411934,-0.2799837693451372,-0.39561191257682315,1
gen1_cross_1852,chandelier,0.009000000000000001,1.5,30.0,fixed,2.6,0.02,,1800,any,29.388050405985293,-565.2673645720927,2690,46.09665427509294,0.9377581840670427,16.539618074119346,-0.2799837693451372,-0.39561191257682304,1
gen0_id0002,chandelier,,1.25,30.0,fixed,,0.01,,800,volatile,29.335260914968913,-251.2299398098187,2690,46.09665427509294,0.9377581840670421,16.539618074119346,-0.2799837693451372,-0.39561191257682315,0
gen4_cross_6232,chandelier,0.005,,,rr,3.0,0.015,,800,ranging,29.32942296953952,-287.66525139893247,2690,46.09665427509294,0.9287313938719473,16.539618074119346,-0.3242529018985765,-0.4529866160616601,4
gen3_cross_6106,fixed,0.006,,,rr,1.1,,,1900,ranging,29.313565607070498,-651.2266759847707,2690,46.20817843866171,0.8976738195784987,9.342712995293958,-0.6093230896410454,-0.9108789934882219,3
gen1_cross_7181,fixed,,2.5,20.0,atr,,,3.25,1600,any,29.28236187111356,-502.4598796196374,2690,46.09665427509294,0.9377581840670421,16.539618074119346,-0.2799837693451372,-0.39561191257682315,1
gen0_id0029,chandelier,,2.0,35.0,rr,2.8000000000000003,,,1500,volatile,29.26411962001174,-539.3723463729991,2690,46.09665427509294,0.9287313938719475,16.53961807411934,-0.3242529018985765,-0.4529866160616601,0
gen0_id0126,atr,,1.0,25.0,atr,,,1.75,1200,ranging,29.261223960876702,-376.84490971472815,2690,46.09665427509294,0.9377581840670424,16.53961807411935,-0.2799837693451372,-0.39561191257682315,0
gen1_cross_1253,atr,,,,rr,2.1,,,800,any,29.2300226558853,-287.66525139893247,2690,46.09665427509294,0.9287313938719473,16.539618074119346,-0.3242529018985765,-0.4529866160616601,1
gen0_id0168,ma,0.018000000000000002,,35.0,fixed,,0.04,,700,volatile,29.223415657708994,-219.8261973335916,2690,46.09665427509294,0.9377581840670424,16.539618074119346,-0.2799837693451372,-0.39561191257682304,0
gen2_cross_6339,atr,0.006,,,atr,,,,800,trending,29.198264319446576,-251.2299398098187,2690,46.09665427509294,0.9377581840670421,16.539618074119346,-0.2799837693451372,-0.39561191257682315,2
gen0_id0178,ma,0.014,,20.0,fixed,,0.045,,1900,ranging,29.194017646816107,-596.6711070483193,2690,46.09665427509294,0.9377581840670424,16.53961807411936,-0.2799837693451372,-0.39561191257682315,0
gen0_id0136,trailing,0.009000000000000001,,50.0,fixed,,0.045,,900,trending,29.185120286624112,-282.63368228604634,2690,46.09665427509294,0.9377581840670427,16.539618074119346,-0.2799837693451372,-0.39561191257682304,0
gen0_id0213,ma,0.019,,25.0,fixed,,0.03,,1600,any,29.163398139863716,-502.4598796196374,2690,46.09665427509294,0.9377581840670421,16.539618074119346,-0.2799837693451372,-0.39561191257682315,0
gen1_cross_1554,fixed,0.011,,,rr,1.4000000000000001,,3.25,1800,any,29.131986843472596,-585.27051884709,2690,46.09665427509294,0.9268059987984703,12.639542640410111,-0.36202238501836687,-0.5149528222288171,1
gen2_cross_9683,fixed,0.018000000000000002,,,rr,3.0,,,800,volatile,29.11012551808666,-483.8091740155612,2690,46.09665427509294,0.8856917833451469,17.630029542643076,-0.5275138210933825,-0.6963828145932784,2
gen0_id0245,ma,0.01,,25.0,rr,3.4000000000000004,,,1700,any,29.09995674354578,-611.2886592227319,2690,46.09665427509294,0.9287313938719473,16.53961807411934,-0.3242529018985765,-0.4529866160616601,0
gen0_id0220,ma,0.013000000000000001,,15.0,atr,,,1.75,1400,volatile,29.08542455854748,-439.6523946671832,2690,46.09665427509294,0.9377581840670424,16.539618074119346,-0.2799837693451372,-0.39561191257682304,0
gen1_cross_4629,fixed,0.013000000000000001,1.75,20.0,fixed,,0.03,,1700,ranging,29.08170602417269,-284.65764700079444,2690,46.09665427509294,0.9648917711677677,14.741738408969104,-0.15974783863830022,-0.23351401346350167,1
gen1_cross_1247,fixed,,1.25,,fixed,,,2.5,1800,trending,29.081054094309888,-565.2673645720927,2690,46.09665427509294,0.9377581840670427,16.539618074119346,-0.2799837693451372,-0.39561191257682304,1
gen0_id0205,trailing,0.021,,10.0,atr,,,2.75,2000,any,29.080847015474546,-628.0748495245466,2690,46.09665427509294,0.9377581840670425,16.539618074119346,-0.2799837693451372,-0.39561191257682315,0
gen6_cross_5971,atr,0.005,,,rr,3.0,,2.5,800,ranging,29.075094489401533,-287.66525139893247,2690,46.09665427509294,0.9287313938719473,16.539618074119346,-0.3242529018985765,-0.4529866160616601,6
gen3_cross_4325,fixed,0.014,,,rr,3.0,,,800,ranging,29.048680369439552,-182.54726117312475,2690,46.09665427509294,0.9535649074122692,15.705643196296759,-0.2092264117387491,-0.30156986823690274,3
gen0_id0188,atr,,2.75,15.0,rr,2.0,,,1900,volatile,29.034223863264984,-596.6711070483193,2690,46.09665427509294,0.9377581840670424,16.53961807411936,-0.2799837693451372,-0.39561191257682315,0
gen0_id0132,ma,0.023,,15.0,fixed,,0.025,,1300,volatile,29.016969917533974,-408.24865219095545,2690,46.09665427509294,0.9377581840670424,16.539618074119343,-0.2799837693451372,-0.39561191257682315,0
gen8_cross_8926,ma,0.005,,,rr,3.9000000000000004,,2.5,800,ranging,29.007354799433422,-287.66525139893247,2690,46.09665427509294,0.9287313938719473,16.539618074119346,-0.3242529018985765,-0.4529866160616601,8
gen0_id0242,chandelier,,1.25,20.0,atr,,,3.5,1200,volatile,29.006780158601124,-376.84490971472815,2690,46.09665427509294,0.9377581840670424,16.53961807411935,-0.2799837693451372,-0.39561191257682315,0
gen0_id0239,chandelier,,2.0,25.0,fixed,,0.025,,1100,trending,29.00007750597654,-345.44116723850084,2690,46.09665427509294,0.9377581840670425,16.539618074119346,-0.2799837693451372,-0.39561191257682315,0
gen1_cross_8724,fixed,,2.5,,fixed,2.1,,,1000,volatile,28.998772285272494,-314.0374247622733,2690,46.09665427509294,0.9377581840670425,16.539618074119346,-0.2799837693451372,-0.39561191257682315,1
gen0_id0135,chandelier,,1.25,40.0,fixed,,0.015,,700,volatile,28.972153002809463,-219.8261973335916,2690,46.09665427509294,0.9377581840670424,16.539618074119346,-0.2799837693451372,-0.39561191257682304,0
gen0_id0087,ma,0.018000000000000002,,15.0,atr,,,2.25,1100,volatile,28.931153797395147,-345.44116723850084,2690,46.09665427509294,0.9377581840670425,16.539618074119346,-0.2799837693451372,-0.39561191257682315,0
gen0_id0174,chandelier,,1.5,30.0,rr,3.9000000000000004,,,1800,ranging,28.925505510847806,-647.2468156475986,2690,46.09665427509294,0.9287313938719476,16.539618074119353,-0.3242529018985765,-0.45298661606166,0
gen0_id0053,chandelier,,2.25,25.0,atr,,,2.5,1800,trending,28.91741381295172,-565.2673645720927,2690,46.09665427509294,0.9377581840670427,16.539618074119346,-0.2799837693451372,-0.39561191257682304,0
gen0_id0005,atr,,1.75,25.0,fixed,,0.05,,900,ranging,28.904359524751783,-282.63368228604634,2690,46.09665427509294,0.9377581840670427,16.539618074119346,-0.2799837693451372,-0.39561191257682304,0
gen1_cross_7371,atr,0.006,,10.0,fixed,,0.015,,1400,volatile,28.890233080881323,-439.6523946671832,2690,46.09665427509294,0.9377581840670424,16.539618074119346,-0.2799837693451372,-0.39561191257682304,1
gen6_cross_7007,atr,0.005,,,rr,3.0,0.015,,800,ranging,28.87771976434699,-287.66525139893247,2690,46.09665427509294,0.9287313938719473,16.539618074119346,-0.3242529018985765,-0.4529866160616601,6
gen1_cross_8155,atr,,,45.0,fixed,,0.03,,600,trending,28.877429657965966,-188.42245485736407,2690,46.09665427509294,0.9377581840670424,16.53961807411935,-0.2799837693451372,-0.39561191257682315,1
gen1_cross_6316,fixed,,1.25,45.0,fixed,,,,800,ranging,28.866739986298466,-251.2299398098187,2690,46.09665427509294,0.9377581840670421,16.539618074119346,-0.2799837693451372,-0.39561191257682315,1
gen0_id0106,atr,,1.25,30.0,atr,,,3.0,1700,ranging,28.863185972391896,-533.8636220958651,2690,46.09665427509294,0.9377581840670424,16.53961807411934,-0.2799837693451372,-0.39561191257682315,0
gen0_id0086,trailing,0.018000000000000002,,40.0,rr,3.2,,,1200,volatile,28.824731650487806,-431.4978770983994,2690,46.09665427509294,0.9287313938719475,16.53961807411935,-0.3242529018985765,-0.4529866160616601,0
gen0_id0247,fixed,0.011,,,rr,1.2000000000000002,,,1700,any,28.82441433096409,-1049.0328933313378,2690,46.09665427509294,0.8610906336690622,13.68538365546555,-0.729134353208859,-0.9772900654683446,0
gen0_id0152,atr,,2.0,50.0,fixed,,0.04,,500,any,28.819561109735183,-157.01871238113665,2690,46.09665427509294,0.9377581840670425,16.539618074119346,-0.2799837693451372,-0.39561191257682315,0
gen0_id0229,atr,,1.25,40.0,atr,,,2.75,1500,trending,28.814188341870505,-471.0561371434103,2690,46.09665427509294,0.9377581840670424,16.53961807411934,-0.2799837693451372,-0.39561191257682315,0
gen1_cross_6509,fixed,,1.25,45.0,fixed,,0.025,,1400,trending,28.81297190605633,-439.6523946671832,2690,46.09665427509294,0.9377581840670424,16.539618074119346,-0.2799837693451372,-0.39561191257682304,1
gen8_cross_4634,ma,0.005,,,rr,3.9000000000000004,,,800,ranging,28.771077910509053,-287.66525139893247,2690,46.09665427509294,0.9287313938719473,16.539618074119346,-0.3242529018985765,-0.4529866160616601,8
gen3_cross_1724,atr,0.006,,,rr,3.0,,,800,ranging,28.76237217028687,-287.66525139893247,2690,46.09665427509294,0.9287313938719473,16.539618074119346,-0.3242529018985765,-0.4529866160616601,3
gen0_id0214,chandelier,,1.5,50.0,atr,,,3.75,1600,any,28.73346067244545,-502.4598796196374,2690,46.09665427509294,0.9377581840670421,16.539618074119346,-0.2799837693451372,-0.39561191257682315,0
gen0_id0032,fixed,0.014,,,atr,,,4.0,2000,any,28.725709256702338,-472.15104123532797,2690,46.09665427509294,0.9519590112187699,15.705643196296759,-0.21694423575559135,-0.31199926282809,0
gen0_id0293,ma,0.005,,45.0,fixed,,0.01,,1400,any,28.725067458588168,-439.6523946671832,2690,46.09665427509294,0.9377581840670424,16.539618074119346,-0.2799837693451372,-0.39561191257682304,0
gen1_cross_9152,trailing,0.016,2.25,20.0,atr,3.2,,3.5,1900,trending,28.720820972134685,-596.6711070483193,2690,46.09665427509294,0.9377581840670424,16.53961807411936,-0.2799837693451372,-0.39561191257682315,1
gen0_id0257,chandelier,,1.5,30.0,atr,,,2.0,1000,trending,28.6689153105276,-314.0374247622733,2690,46.09665427509294,0.9377581840670425,16.539618074119346,-0.2799837693451372,-0.39561191257682315,0
gen0_id0149,chandelier,,1.25,30.0,fixed,,0.035,,900,any,28.648017129266478,-282.63368228604634,2690,46.09665427509294,0.9377581840670427,16.539618074119346,-0.2799837693451372,-0.39561191257682304,0
gen0_id0218,atr,,1.25,20.0,rr,2.8000000000000003,,,800,ranging,28.63685712775278,-287.66525139893247,2690,46.09665427509294,0.9287313938719473,16.539618074119346,-0.3242529018985765,-0.4529866160616601,0
gen0_id0296,chandelier,,2.25,45.0,atr,,,3.75,700,ranging,28.63594551775714,-219.8261973335916,2690,46.09665427509294,0.9377581840670424,16.539618074119346,-0.2799837693451372,-0.39561191257682304,0
gen0_id0204,chandelier,,1.25,45.0,fixed,,0.04,,1700,volatile,28.63455009687766,-533.8636220958651,2690,46.09665427509294,0.9377581840670424,16.53961807411934,-0.2799837693451372,-0.39561191257682315,0
gen1_cross_2837,trailing,0.016,,,rr,3.2,,,1900,any,28.633236166920952,-683.2049720724644,2690,46.09665427509294,0.9287313938719475,16.539618074119357,-0.3242529018985765,-0.4529866160616601,1
gen0_id0104,trailing,0.02,,40.0,atr,,,4.0,1500,ranging,28.624000931333075,-471.0561371434103,2690,46.09665427509294,0.9377581840670424,16.53961807411934,-0.2799837693451372,-0.39561191257682315,0
gen0_id0044,atr,,2.5,40.0,rr,2.0,,,1000,trending,28.609571888277863,-314.0374247622733,2690,46.09665427509294,0.9377581840670425,16.539618074119346,-0.2799837693451372,-0.39561191257682315,0
gen0_id0241,trailing,0.006,,40.0,fixed,,0.045,,1000,any,28.591522628517918,-314.0374247622733,2690,46.09665427509294,0.9377581840670425,16.539618074119346,-0.2799837693451372,-0.39561191257682315,0
gen1_cross_3169,fixed,,1.25,,fixed,,0.01,2.75,800,volatile,28.58084071880539,-251.2299398098187,2690,46.09665427509294,0.9377581840670421,16.539618074119346,-0.2799837693451372,-0.39561191257682315,1
gen0_id0055,atr,,2.0,35.0,atr,,,4.0,1200,any,28.554613959838505,-376.84490971472815,2690,46.09665427509294,0.9377581840670424,16.53961807411935,-0.2799837693451372,-0.39561191257682315,0
gen9_cross_3986,chandelier,0.005,,,rr,3.5,0.015,,800,ranging,28.54750682982845,-287.66525139893247,2690,46.09665427509294,0.9287313938719473,16.539618074119346,-0.3242529018985765,-0.4529866160616601,9
gen1_cross_9468,trailing,0.009000000000000001,,30.0,atr,2.6,,3.0,1500,any,28.546979907448026,-471.0561371434103,2690,46.09665427509294,0.9377581840670424,16.53961807411934,-0.2799837693451372,-0.39561191257682315,1
gen0_id0056,trailing,0.013000000000000001,,25.0,atr,,,2.75,1600,trending,28.5383941177698,-502.4598796196374,2690,46.09665427509294,0.9377581840670421,16.539618074119346,-0.2799837693451372,-0.39561191257682315,0
gen0_id0187,atr,,2.5,15.0,rr,3.3000000000000003,,,1600,volatile,28.527125693206102,-575.3305027978649,2690,46.09665427509294,0.9287313938719473,16.539618074119346,-0.3242529018985765,-0.4529866160616601,0
gen0_id0094,atr,,1.25,50.0,fixed,,0.045,,1600,any,28.491277329395437,-502.4598796196374,2690,46.09665427509294,0.9377581840670421,16.539618074119346,-0.2799837693451372,-0.39561191257682315,0
gen1_cross_5215,trailing,0.012,,,fixed,,0.025,,900,trending,28.48648791689259,-282.63368228604634,2690,46.09665427509294,0.9377581840670427,16.539618074119346,-0.2799837693451372,-0.39561191257682304,1
gen2_cross_1235,ma,0.01,,,fixed,3.0,0.03,,1400,trending,28.474789938235013,-439.6523946671832,2690,46.09665427509294,0.9377581840670424,16.539618074119346,-0.2799837693451372,-0.39561191257682304,2
gen2_cross_6999,chandelier,0.006,,,rr,,,,1800,ranging,28.47385267512102,-565.2673645720927,2690,46.09665427509294,0.9377581840670427,16.539618074119346,-0.2799837693451372,-0.39561191257682304,2
gen0_id0047,chandelier,,1.0,25.0,fixed,,0.03,,1800,any,28.464125210483555,-565.2673645720927,2690,46.09665427509294,0.9377581840670427,16.539618074119346,-0.2799837693451372,-0.39561191257682304,0
gen0_id0058,atr,,1.5,40.0,atr,,,2.25,1600,any,28.45248375204332,-502.4598796196374,2690,46.09665427509294,0.9377581840670421,16.539618074119346,-0.2799837693451372,-0.39561191257682315,0
gen0_id0073,trailing,0.011,,35.0,rr,2.4000000000000004,,,1700,any,28.44870193233384,-611.2886592227319,2690,46.09665427509294,0.9287313938719473,16.53961807411934,-0.3242529018985765,-0.4529866160616601,0
gen0_id0020,ma,0.012,,35.0,atr,,,3.5,1800,volatile,28.414643794479044,-565.2673645720927,2690,46.09665427509294,0.9377581840670427,16.539618074119346,-0.2799837693451372,-0.39561191257682304,0
gen0_id0177,chandelier,,1.75,35.0,fixed,,0.02,,900,any,28.411026878026707,-282.63368228604634,2690,46.09665427509294,0.9377581840670427,16.539618074119346,-0.2799837693451372,-0.39561191257682304,0
gen0_id0255,trailing,0.012,,50.0,atr,,,2.75,900,trending,28.378501246579525,-282.63368228604634,2690,46.09665427509294,0.9377581840670427,16.539618074119346,-0.2799837693451372,-0.39561191257682304,0
gen4_cross_9691,fixed,0.005,2.5,,rr,1.1,,2.5,800,ranging,28.37592249819203,-283.1797326687801,2690,46.133828996282524,0.8841686854817988,8.38526591983798,-0.7222892547490336,-1.1230168666094955,4
gen0_id0009,chandelier,,2.5,20.0,atr,,,4.0,1600,any,28.36032329962889,-502.4598796196374,2690,46.09665427509294,0.9377581840670421,16.539618074119346,-0.2799837693451372,-0.39561191257682315,0
gen0_id0009,chandelier,,2.5,20.0,atr,,,4.0,1600,any,28.36032329962889,-502.4598796196374,2690,46.09665427509294,0.9377581840670421,16.539618074119346,-0.2799837693451372,-0.39561191257682315,0
gen0_id0061,trailing,0.008,,45.0,atr,,,2.75,1300,any,28.358456611071283,-408.24865219095545,2690,46.09665427509294,0.9377581840670424,16.539618074119343,-0.2799837693451372,-0.39561191257682315,0
gen1_cross_4925,trailing,0.013000000000000001,,30.0,atr,,,,1800,trending,28.349937047585623,-565.2673645720927,2690,46.09665427509294,0.9377581840670427,16.539618074119346,-0.2799837693451372,-0.39561191257682304,1
gen1_cross_9058,chandelier,,2.5,20.0,atr,,,3.5,1600,trending,28.344653423041983,-502.4598796196374,2690,46.09665427509294,0.9377581840670421,16.539618074119346,-0.2799837693451372,-0.39561191257682315,1
gen0_id0282,fixed,0.013000000000000001,,,fixed,,0.03,,500,ranging,28.337150337961486,-83.72283735317495,2690,46.09665427509294,0.9648917711677677,14.741738408969113,-0.15974783863830022,-0.23351401346350167,0
gen0_id0282,fixed,0.013000000000000001,,,fixed,,0.03,,500,ranging,28.337150337961486,-83.72283735317495,2690,46.09665427509294,0.9648917711677677,14.741738408969113,-0.15974783863830022,-0.23351401346350167,0
gen1_cross_7316,chandelier,0.011,2.25,,atr,,,,800,trending,28.33474539854617,-251.2299398098187,2690,46.09665427509294,0.9377581840670421,16.539618074119346,-0.2799837693451372,-0.39561191257682315,1
gen0_id0169,ma,0.007,,25.0,fixed,,0.025,,1100,volatile,28.289933401459166,-345.44116723850084,2690,46.09665427509294,0.9377581840670425,16.539618074119346,-0.2799837693451372,-0.39561191257682315,0
gen1_cross_6857,fixed,,,45.0,rr,1.9000000000000001,,,800,ranging,28.28260298221518,-278.77840671993863,2690,46.09665427509294,0.9309330954332876,16.539618074119346,-0.3134428447832259,-0.4389924972759321,1
gen1_cross_9930,chandelier,0.006,,20.0,atr,,,2.5,1600,trending,28.24202774030553,-502.4598796196374,2690,46.09665427509294,0.9377581840670421,16.539618074119346,-0.2799837693451372,-0.39561191257682315,1
gen0_id0209,chandelier,,1.5,40.0,atr,,,4.0,700,volatile,28.218191379133184,-219.8261973335916,2690,46.09665427509294,0.9377581840670424,16.539618074119346,-0.2799837693451372,-0.39561191257682304,0
gen8_cross_6015,chandelier,0.005,,,rr,3.5,,,800,ranging,28.14942012719208,-287.66525139893247,2690,46.09665427509294,0.9287313938719473,16.539618074119346,-0.3242529018985765,-0.4529866160616601,8
gen0_id0033,ma,0.009000000000000001,,45.0,rr,2.5,,,1000,any,28.127800017541894,-359.5815642486657,2690,46.09665427509294,0.9287313938719476,16.539618074119346,-0.3242529018985765,-0.4529866160616601,0
gen1_cross_5072,atr,,1.25,20.0,fixed,,,4.0,1600,trending,28.125774310064887,-502.4598796196374,2690,46.09665427509294,0.9377581840670421,16.539618074119346,-0.2799837693451372,-0.39561191257682315,1
gen0_id0227,chandelier,,1.75,30.0,rr,3.1,,,1300,volatile,28.114937306986192,-467.45603352326543,2690,46.09665427509294,0.9287313938719475,16.539618074119346,-0.3242529018985765,-0.4529866160616601,0
gen0_id0036,ma,0.018000000000000002,,40.0,atr,,,3.5,1400,volatile,28.107739594262366,-439.6523946671832,2690,46.09665427509294,0.9377581840670424,16.539618074119346,-0.2799837693451372,-0.39561191257682304,0
gen0_id0103,ma,0.014,,10.0,atr,,,3.5,1800,volatile,28.103440985189433,-565.2673645720927,2690,46.09665427509294,0.9377581840670427,16.539618074119346,-0.2799837693451372,-0.39561191257682304,0
gen0_id0249,atr,,2.5,30.0,rr,1.7000000000000002,,,600,trending,28.093834374243315,-277.4838050399542,2690,46.09665427509294,0.908338441239672,16.539618074119346,-0.42757389265848045,-0.5826051831457718,0
gen1_cross_5001,ma,,2.25,20.0,fixed,,,3.5,1400,trending,28.082018831698306,-439.6523946671832,2690,46.09665427509294,0.9377581840670424,16.539618074119346,-0.2799837693451372,-0.39561191257682304,1
gen1_cross_6902,fixed,,2.25,20.0,atr,,,3.5,1400,volatile,28.073182730083918,-439.6523946671832,2690,46.09665427509294,0.9377581840670424,16.539618074119346,-0.2799837693451372,-0.39561191257682304,1
gen0_id0157,chandelier,,1.0,45.0,rr,3.2,,,1100,ranging,28.062541844183137,-395.539720673532,2690,46.09665427509294,0.9287313938719476,16.539618074119353,-0.3242529018985765,-0.4529866160616601,0
gen0_id0018,trailing,0.015,,20.0,atr,,,3.5,1700,trending,28.05332292891939,-533.8636220958651,2690,46.09665427509294,0.9377581840670424,16.53961807411934,-0.2799837693451372,-0.39561191257682315,0
gen0_id0027,chandelier,,2.5,15.0,fixed,,0.035,,1700,ranging,28.05178298131839,-533.8636220958651,2690,46.09665427509294,0.9377581840670424,16.53961807411934,-0.2799837693451372,-0.39561191257682315,0
gen1_cross_6696,chandelier,,2.25,20.0,rr,,,3.5,800,trending,28.047913793351455,-251.2299398098187,2690,46.09665427509294,0.9377581840670421,16.539618074119346,-0.2799837693451372,-0.39561191257682315,1
gen1_cross_8632,fixed,0.013000000000000001,,,fixed,,0.03,,500,ranging,28.046703325019916,-83.72283735317495,2690,46.09665427509294,0.9648917711677677,14.741738408969113,-0.15974783863830022,-0.23351401346350167,1
gen9_cross_5920,atr,0.005,,40.0,rr,3.9000000000000004,,2.5,800,ranging,28.034003374749005,-287.66525139893247,2690,46.09665427509294,0.9287313938719473,16.539618074119346,-0.3242529018985765,-0.4529866160616601,9
gen0_id0037,chandelier,,2.25,20.0,rr,3.2,,,700,volatile,28.01494561949738,-251.70709497406597,2690,46.09665427509294,0.9287313938719475,16.539618074119346,-0.3242529018985765,-0.45298661606166,0
gen0_id0228,trailing,0.018000000000000002,,30.0,fixed,,0.02,,1900,trending,28.014895994611383,-596.6711070483193,2690,46.09665427509294,0.9377581840670424,16.53961807411936,-0.2799837693451372,-0.39561191257682315,0
gen0_id0270,trailing,0.025,,30.0,fixed,,0.045,,1200,volatile,28.012432176989766,-376.84490971472815,2690,46.09665427509294,0.9377581840670424,16.53961807411935,-0.2799837693451372,-0.39561191257682315,0
gen0_id0238,trailing,0.018000000000000002,,50.0,fixed,,0.045,,1500,trending,28.008077618810567,-471.0561371434103,2690,46.09665427509294,0.9377581840670424,16.53961807411934,-0.2799837693451372,-0.39561191257682315,0
gen0_id0235,ma,0.022,,40.0,rr,2.7,,,1900,ranging,28.00366218798388,-683.2049720724644,2690,46.09665427509294,0.9287313938719475,16.539618074119357,-0.3242529018985765,-0.4529866160616601,0
gen0_id0048,chandelier,,2.25,25.0,fixed,,0.04,,800,trending,27.98117614816118,-251.2299398098187,2690,46.09665427509294,0.9377581840670421,16.539618074119346,-0.2799837693451372,-0.39561191257682315,0
gen1_cross_5788,fixed,,,,atr,3.0,,3.5,1000,trending,27.97738399221793,-314.0374247622733,2690,46.09665427509294,0.9377581840670425,16.539618074119346,-0.2799837693451372,-0.39561191257682315,1
gen0_id0065,atr,,1.75,35.0,fixed,,0.015,,1800,ranging,27.9654757859024,-565.2673645720927,2690,46.09665427509294,0.9377581840670427,16.539618074119346,-0.2799837693451372,-0.39561191257682304,0
gen0_id0219,fixed,0.015,,,atr,,,3.5,1100,trending,27.942837556958196,-345.44116723850084,2690,46.09665427509294,0.9377581840670425,16.539618074119346,-0.2799837693451372,-0.39561191257682315,0
gen0_id0078,chandelier,,2.75,30.0,atr,,,4.0,900,volatile,27.941571886665407,-282.63368228604634,2690,46.09665427509294,0.9377581840670427,16.539618074119346,-0.2799837693451372,-0.39561191257682304,0
gen0_id0026,trailing,0.006,,45.0,fixed,,0.04,,1200,trending,27.925159686320118,-376.84490971472815,2690,46.09665427509294,0.9377581840670424,16.53961807411935,-0.2799837693451372,-0.39561191257682315,0
gen0_id0060,chandelier,,2.75,50.0,rr,3.4000000000000004,,,1200,any,27.907407540841856,-431.4978770983994,2690,46.09665427509294,0.9287313938719475,16.53961807411935,-0.3242529018985765,-0.4529866160616601,0
gen0_id0161,chandelier,,2.25,15.0,atr,,,2.25,2000,ranging,27.90439600534935,-628.0748495245466,2690,46.09665427509294,0.9377581840670425,16.539618074119346,-0.2799837693451372,-0.39561191257682315,0
gen0_id0284,fixed,0.024,,,fixed,,0.025,,1100,trending,27.89461366286915,-884.6090903703557,2690,46.09665427509294,0.8535186167550519,17.59012972138571,-0.6792241119035923,-0.8527699168352587,0
gen0_id0237,chandelier,,2.75,20.0,rr,2.1,,,1500,any,27.887006651189484,-539.3723463729991,2690,46.09665427509294,0.9287313938719475,16.53961807411934,-0.3242529018985765,-0.4529866160616601,0
gen4_cross_5048,trailing,0.005,,,rr,3.0,,,1000,ranging,27.86371028026543,-359.5815642486657,2690,46.09665427509294,0.9287313938719476,16.539618074119346,-0.3242529018985765,-0.4529866160616601,4
gen0_id0159,ma,0.019,,45.0,atr,,,3.75,1900,trending,27.81739331460362,-596.6711070483193,2690,46.09665427509294,0.9377581840670424,16.53961807411936,-0.2799837693451372,-0.39561191257682315,0
gen0_id0266,chandelier,,1.25,45.0,rr,1.8,,,1900,volatile,27.79966882004297,-770.3987159598555,2690,46.09665427509294,0.91963576833648,16.539618074119357,-0.3698277533044351,-0.5107988402108524,0
gen4_cross_4924,ma,0.006,,,rr,3.0,0.015,,800,ranging,27.792927765187038,-287.66525139893247,2690,46.09665427509294,0.9287313938719473,16.539618074119346,-0.3242529018985765,-0.4529866160616601,4
gen0_id0225,ma,0.023,,35.0,atr,,,3.25,1500,any,27.785782495189693,-471.0561371434103,2690,46.09665427509294,0.9377581840670424,16.53961807411934,-0.2799837693451372,-0.39561191257682315,0
gen0_id0225,ma,0.023,,35.0,atr,,,3.25,1500,any,27.785782495189693,-471.0561371434103,2690,46.09665427509294,0.9377581840670424,16.53961807411934,-0.2799837693451372,-0.39561191257682315,0
gen0_id0234,fixed,0.015,,,fixed,,0.05,,1700,any,27.782026935004772,-533.8636220958651,2690,46.09665427509294,0.9377581840670424,16.53961807411934,-0.2799837693451372,-0.39561191257682315,0
gen0_id0236,chandelier,,1.75,35.0,fixed,,0.045,,600,volatile,27.76938288770645,-188.42245485736407,2690,46.09665427509294,0.9377581840670424,16.53961807411935,-0.2799837693451372,-0.39561191257682315,0
gen0_id0191,fixed,0.014,,,atr,,,3.0,800,volatile,27.76293998128989,-188.8604164941312,2690,46.09665427509294,0.9519590112187698,15.705643196296757,-0.21694423575559116,-0.31199926282808965,0
gen0_id0052,chandelier,,2.75,25.0,fixed,,0.03,,900,volatile,27.743686209090214,-282.63368228604634,2690,46.09665427509294,0.9377581840670427,16.539618074119346,-0.2799837693451372,-0.39561191257682304,0
gen1_cross_5926,chandelier,0.012,2.5,25.0,fixed,,0.04,3.75,1300,ranging,27.742769744811156,-408.24865219095545,2690,46.09665427509294,0.9377581840670424,16.539618074119343,-0.2799837693451372,-0.39561191257682315,1
gen0_id0064,atr,,3.0,30.0,atr,,,3.25,900,any,27.740310255871382,-282.63368228604634,2690,46.09665427509294,0.9377581840670427,16.539618074119346,-0.2799837693451372,-0.39561191257682304,0
gen0_id0208,chandelier,,1.75,35.0,atr,,,2.25,1500,any,27.731923062534356,-471.0561371434103,2690,46.09665427509294,0.9377581840670424,16.53961807411934,-0.2799837693451372,-0.39561191257682315,0
gen0_id0042,ma,0.018000000000000002,,35.0,fixed,,0.05,,600,any,27.725938357527912,-188.42245485736407,2690,46.09665427509294,0.9377581840670424,16.53961807411935,-0.2799837693451372,-0.39561191257682315,0
gen2_cross_1892,fixed,0.015,,,rr,3.0,,,800,ranging,27.721706677463047,-287.66525139893247,2690,46.09665427509294,0.9287313938719473,16.539618074119346,-0.3242529018985765,-0.4529866160616601,2
gen0_id0098,trailing,0.018000000000000002,,35.0,atr,,,2.25,1600,ranging,27.71303860704747,-502.4598796196374,2690,46.09665427509294,0.9377581840670421,16.539618074119346,-0.2799837693451372,-0.39561191257682315,0
gen0_id0142,chandelier,,2.5,50.0,fixed,,0.015,,1200,volatile,27.71105498504136,-376.84490971472815,2690,46.09665427509294,0.9377581840670424,16.53961807411935,-0.2799837693451372,-0.39561191257682315,0
gen0_id0171,chandelier,,2.25,30.0,rr,3.9000000000000004,,,1500,trending,27.705029152664096,-539.3723463729991,2690,46.09665427509294,0.9287313938719475,16.53961807411934,-0.3242529018985765,-0.4529866160616601,0
gen0_id0199,atr,,3.0,25.0,fixed,,0.04,,1000,volatile,27.7001709987641,-314.0374247622733,2690,46.09665427509294,0.9377581840670425,16.539618074119346,-0.2799837693451372,-0.39561191257682315,0
gen0_id0291,chandelier,,1.25,30.0,rr,3.3000000000000003,,,1600,volatile,27.697147709398852,-575.3305027978649,2690,46.09665427509294,0.9287313938719473,16.539618074119346,-0.3242529018985765,-0.4529866160616601,0
gen1_cross_6656,fixed,,2.5,20.0,atr,,0.025,,1600,trending,27.69139182531361,-502.4598796196374,2690,46.09665427509294,0.9377581840670421,16.539618074119346,-0.2799837693451372,-0.39561191257682315,1
gen0_id0015,atr,,2.0,45.0,fixed,,0.02,,1400,trending,27.686725620636743,-439.6523946671832,2690,46.09665427509294,0.9377581840670424,16.539618074119346,-0.2799837693451372,-0.39561191257682304,0
gen0_id0091,chandelier,,3.0,35.0,rr,1.6,,,600,volatile,27.67927005624372,-311.6838050399542,2690,46.09665427509294,0.8970411141428642,16.53961807411935,-0.4866265170776008,-0.6544115260806921,0
gen0_id0066,ma,0.008,,15.0,rr,4.0,,,600,any,27.67004420046125,-215.7489385491997,2690,46.09665427509294,0.9287313938719475,16.53961807411935,-0.3242529018985765,-0.4529866160616601,0
gen8_cross_4101,atr,0.005,,,rr,3.9000000000000004,,2.5,800,ranging,27.661156173654422,-287.66525139893247,2690,46.09665427509294,0.9287313938719473,16.539618074119346,-0.3242529018985765,-0.4529866160616601,8
gen3_cross_1673,trailing,0.005,,,rr,3.0,,2.5,1100,ranging,27.61674095241976,-395.539720673532,2690,46.09665427509294,0.9287313938719476,16.539618074119353,-0.3242529018985765,-0.4529866160616601,3
gen0_id0271,atr,,2.0,35.0,rr,1.9000000000000001,,,1000,volatile,27.606185360343797,-348.4730083999232,2690,46.09665427509294,0.9309330954332878,16.539618074119346,-0.3134428447832259,-0.4389924972759321,0
gen0_id0010,atr,,2.5,20.0,fixed,,0.02,,800,volatile,27.59928367397726,-251.2299398098187,2690,46.09665427509294,0.9377581840670421,16.539618074119346,-0.2799837693451372,-0.39561191257682315,0
gen0_id0259,atr,,2.75,15.0,fixed,,0.04,,1500,volatile,27.578017387009286,-471.0561371434103,2690,46.09665427509294,0.9377581840670424,16.53961807411934,-0.2799837693451372,-0.39561191257682315,0
gen0_id0116,trailing,0.005,,15.0,fixed,,0.015,,1500,ranging,27.575787479395096,-471.0561371434103,2690,46.09665427509294,0.9377581840670424,16.53961807411934,-0.2799837693451372,-0.39561191257682315,0
gen1_cross_9610,trailing,0.005,,,fixed,,0.015,,1800,trending,27.569467545913607,-565.2673645720927,2690,46.09665427509294,0.9377581840670427,16.539618074119346,-0.2799837693451372,-0.39561191257682304,1
gen1_cross_1483,atr,0.012,,45.0,fixed,,0.035,,1400,ranging,27.564351829015937,-439.6523946671832,2690,46.09665427509294,0.9377581840670424,16.539618074119346,-0.2799837693451372,-0.39561191257682304,1
gen0_id0173,atr,,1.25,50.0,fixed,,0.03,,1800,trending,27.560408995425224,-565.2673645720927,2690,46.09665427509294,0.9377581840670427,16.539618074119346,-0.2799837693451372,-0.39561191257682304,0
gen1_cross_2435,fixed,,2.25,20.0,atr,,,3.5,1400,volatile,27.549982555714863,-439.6523946671832,2690,46.09665427509294,0.9377581840670424,16.539618074119346,-0.2799837693451372,-0.39561191257682304,1
gen0_id0120,atr,,1.5,50.0,fixed,,0.045,,2000,trending,27.524117460690476,-628.0748495245466,2690,46.09665427509294,0.9377581840670425,16.539618074119346,-0.2799837693451372,-0.39561191257682315,0
gen1_cross_1781,fixed,,2.75,45.0,rr,1.4000000000000001,,,600,trending,27.521489296621247,-375.6881474636342,2690,46.09665427509294,0.8758984827985248,16.53961807411935,-0.6005165200509727,-0.7887950863555111,1
gen2_cross_4019,chandelier,0.006,,45.0,atr,,0.015,2.5,1900,any,27.513275949093856,-596.6711070483193,2690,46.09665427509294,0.9377581840670424,16.53961807411936,-0.2799837693451372,-0.39561191257682315,2
gen0_id0217,atr,,2.25,20.0,fixed,,0.02,,1500,any,27.49565239614987,-471.0561371434103,2690,46.09665427509294,0.9377581840670424,16.53961807411934,-0.2799837693451372,-0.39561191257682315,0
gen0_id0158,atr,,2.0,35.0,atr,,,3.0,1500,any,27.488873200918107,-471.0561371434103,2690,46.09665427509294,0.9377581840670424,16.53961807411934,-0.2799837693451372,-0.39561191257682315,0
gen0_id0076,trailing,0.014,,25.0,fixed,,0.02,,1900,trending,27.482559330283973,-596.6711070483193,2690,46.09665427509294,0.9377581840670424,16.53961807411936,-0.2799837693451372,-0.39561191257682315,0
gen3_cross_9147,ma,0.006,2.5,,rr,3.0,,,800,ranging,27.470306292209273,-287.66525139893247,2690,46.09665427509294,0.9287313938719473,16.539618074119346,-0.3242529018985765,-0.4529866160616601,3
gen1_cross_5360,atr,,,,atr,2.9000000000000004,0.03,,1700,any,27.466941210465627,-533.8636220958651,2690,46.09665427509294,0.9377581840670424,16.53961807411934,-0.2799837693451372,-0.39561191257682315,1
gen0_id0222,chandelier,,2.75,10.0,rr,3.5,,,1100,volatile,27.466711593451155,-395.539720673532,2690,46.09665427509294,0.9287313938719476,16.539618074119353,-0.3242529018985765,-0.4529866160616601,0
gen0_id0082,chandelier,,2.0,15.0,rr,3.6,,,1400,ranging,27.458828129406022,-503.41418994813193,2690,46.09665427509294,0.9287313938719475,16.539618074119346,-0.3242529018985765,-0.45298661606166,0
gen0_id0102,trailing,0.008,,25.0,fixed,,0.04,,1000,ranging,27.444997049526865,-314.0374247622733,2690,46.09665427509294,0.9377581840670425,16.539618074119346,-0.2799837693451372,-0.39561191257682315,0
gen0_id0004,atr,,1.5,35.0,fixed,,0.02,,1100,any,27.436196096090914,-345.44116723850084,2690,46.09665427509294,0.9377581840670425,16.539618074119346,-0.2799837693451372,-0.39561191257682315,0
gen0_id0001,atr,,1.25,40.0,rr,3.6,,,2000,trending,27.433133286930016,-719.1631284973314,2690,46.09665427509294,0.9287313938719476,16.539618074119346,-0.3242529018985765,-0.4529866160616601,0
gen0_id0097,ma,0.014,,45.0,rr,3.9000000000000004,,,1700,volatile,27.431440880125535,-611.2886592227319,2690,46.09665427509294,0.9287313938719473,16.53961807411934,-0.3242529018985765,-0.4529866160616601,0
gen0_id0231,trailing,0.02,,35.0,atr,,,3.5,1800,ranging,27.42567313550467,-565.2673645720927,2690,46.09665427509294,0.9377581840670427,16.539618074119346,-0.2799837693451372,-0.39561191257682304,0
gen0_id0117,atr,,1.5,20.0,atr,,,2.0,1100,ranging,27.421730021741425,-345.44116723850084,2690,46.09665427509294,0.9377581840670425,16.539618074119346,-0.2799837693451372,-0.39561191257682315,0
gen1_cross_9879,fixed,,,20.0,atr,,,4.0,1600,any,27.413238653966605,-502.4598796196374,2690,46.09665427509294,0.9377581840670421,16.539618074119346,-0.2799837693451372,-0.39561191257682315,1
gen0_id0125,atr,,1.5,10.0,fixed,,0.03,,1400,ranging,27.408090080802864,-439.6523946671832,2690,46.09665427509294,0.9377581840670424,16.539618074119346,-0.2799837693451372,-0.39561191257682304,0
gen9_cross_4988,trailing,0.005,,,rr,3.3000000000000003,,,900,ranging,27.399608056430758,-323.6234078237993,2690,46.09665427509294,0.9287313938719476,16.539618074119353,-0.3242529018985765,-0.45298661606166,9
gen0_id0045,ma,0.022,,30.0,atr,,,2.0,1700,volatile,27.39958702499058,-533.8636220958651,2690,46.09665427509294,0.9377581840670424,16.53961807411934,-0.2799837693451372,-0.39561191257682315,0
gen1_cross_2322,atr,0.009000000000000001,,,rr,2.6,,,800,ranging,27.399101974463345,-287.66525139893247,2690,46.09665427509294,0.9287313938719473,16.539618074119346,-0.3242529018985765,-0.4529866160616601,1
gen6_cross_8444,chandelier,0.005,,,rr,3.0,,,800,ranging,27.383695760131726,-287.66525139893247,2690,46.09665427509294,0.9287313938719473,16.539618074119346,-0.3242529018985765,-0.4529866160616601,6
gen0_id0285,ma,0.007,,20.0,atr,,,2.75,600,trending,27.3831216393813,-188.42245485736407,2690,46.09665427509294,0.9377581840670424,16.53961807411935,-0.2799837693451372,-0.39561191257682315,0
gen0_id0198,ma,0.017,,40.0,atr,,,4.0,900,trending,27.376553018677928,-282.63368228604634,2690,46.09665427509294,0.9377581840670427,16.539618074119346,-0.2799837693451372,-0.39561191257682304,0
gen8_cross_7592,trailing,0.005,,,rr,3.9000000000000004,,2.5,800,ranging,27.360010456565774,-287.66525139893247,2690,46.09665427509294,0.9287313938719473,16.539618074119346,-0.3242529018985765,-0.4529866160616601,8
gen0_id0109,trailing,0.021,,20.0,atr,,,3.0,2000,any,27.35849099694598,-628.0748495245466,2690,46.09665427509294,0.9377581840670425,16.539618074119346,-0.2799837693451372,-0.39561191257682315,0
gen0_id0085,ma,0.019,,20.0,fixed,,0.035,,1700,any,27.356235084385588,-533.8636220958651,2690,46.09665427509294,0.9377581840670424,16.53961807411934,-0.2799837693451372,-0.39561191257682315,0
gen1_cross_8181,ma,0.008,,,atr,,0.045,3.0,1500,ranging,27.349802196986605,-471.0561371434103,2690,46.09665427509294,0.9377581840670424,16.53961807411934,-0.2799837693451372,-0.39561191257682315,1
gen6_cross_9700,atr,0.005,,,rr,3.0,,,800,ranging,27.343763095018538,-287.66525139893247,2690,46.09665427509294,0.9287313938719473,16.539618074119346,-0.3242529018985765,-0.4529866160616601,6
gen0_id0127,ma,0.011,,25.0,fixed,,0.03,,2000,ranging,27.33710221232244,-628.0748495245466,2690,46.09665427509294,0.9377581840670425,16.539618074119346,-0.2799837693451372,-0.39561191257682315,0
gen0_id0049,ma,0.02,,35.0,atr,,,1.75,1900,ranging,27.331115660322205,-596.6711070483193,2690,46.09665427509294,0.9377581840670424,16.53961807411936,-0.2799837693451372,-0.39561191257682315,0
gen6_cross_7216,trailing,0.005,,,rr,3.0,,2.5,800,ranging,27.327432895048638,-287.66525139893247,2690,46.09665427509294,0.9287313938719473,16.539618074119346,-0.3242529018985765,-0.4529866160616601,6
gen0_id0031,trailing,0.015,,45.0,fixed,,0.01,,700,volatile,27.313473493250704,-219.8261973335916,2690,46.09665427509294,0.9377581840670424,16.539618074119346,-0.2799837693451372,-0.39561191257682304,0
gen0_id0110,trailing,0.017,,20.0,fixed,,0.04,,1800,trending,27.312203647741935,-565.2673645720927,2690,46.09665427509294,0.9377581840670427,16.539618074119346,-0.2799837693451372,-0.39561191257682304,0
gen0_id0277,trailing,0.005,,35.0,atr,,,2.0,1500,ranging,27.309826650199543,-471.0561371434103,2690,46.09665427509294,0.9377581840670424,16.53961807411934,-0.2799837693451372,-0.39561191257682315,0
gen0_id0170,ma,0.024,,30.0,atr,,,2.75,1000,ranging,27.305443079782123,-314.0374247622733,2690,46.09665427509294,0.9377581840670425,16.539618074119346,-0.2799837693451372,-0.39561191257682315,0
gen0_id0224,atr,,2.75,45.0,atr,,,3.5,1200,trending,27.268925291818103,-376.84490971472815,2690,46.09665427509294,0.9377581840670424,16.53961807411935,-0.2799837693451372,-0.39561191257682315,0
gen0_id0013,ma,0.013000000000000001,,35.0,fixed,,0.045,,800,any,27.22952009207776,-251.2299398098187,2690,46.09665427509294,0.9377581840670421,16.539618074119346,-0.2799837693451372,-0.39561191257682315,0
gen0_id0167,atr,,1.5,15.0,fixed,,0.045,,1400,volatile,27.228437696905505,-439.6523946671832,2690,46.09665427509294,0.9377581840670424,16.539618074119346,-0.2799837693451372,-0.39561191257682304,0
gen0_id0175,chandelier,,2.0,45.0,fixed,,0.025,,600,any,27.224749669768418,-188.42245485736407,2690,46.09665427509294,0.9377581840670424,16.53961807411935,-0.2799837693451372,-0.39561191257682315,0
gen0_id0298,chandelier,,1.5,50.0,atr,,,2.0,1200,ranging,27.195539692448996,-376.84490971472815,2690,46.09665427509294,0.9377581840670424,16.53961807411935,-0.2799837693451372,-0.39561191257682315,0
gen0_id0230,trailing,0.013000000000000001,,50.0,atr,,,1.5,1100,any,27.189788197732856,-345.44116723850084,2690,46.09665427509294,0.9377581840670425,16.539618074119346,-0.2799837693451372,-0.39561191257682315,0
gen0_id0201,ma,0.006,,20.0,fixed,,0.025,,700,any,27.172896987661677,-219.8261973335916,2690,46.09665427509294,0.9377581840670424,16.539618074119346,-0.2799837693451372,-0.39561191257682304,0
gen1_cross_9843,chandelier,0.013000000000000001,,25.0,atr,2.1,,,1300,any,27.171855800863632,-408.24865219095545,2690,46.09665427509294,0.9377581840670424,16.539618074119343,-0.2799837693451372,-0.39561191257682315,1
gen0_id0193,trailing,0.025,,20.0,fixed,,0.025,,1700,any,27.149516959495344,-533.8636220958651,2690,46.09665427509294,0.9377581840670424,16.53961807411934,-0.2799837693451372,-0.39561191257682315,0
gen0_id0134,fixed,0.023,,,rr,3.0,,,1000,ranging,27.137766347170857,-779.7544829061212,2690,46.09665427509294,0.8573345170870389,17.59012972138573,-0.6614565311159052,-0.8359167419227517,0
gen0_id0283,chandelier,,2.5,30.0,atr,,,2.25,1700,ranging,27.131905351381626,-533.8636220958651,2690,46.09665427509294,0.9377581840670424,16.53961807411934,-0.2799837693451372,-0.39561191257682315,0
gen1_cross_6502,ma,,,20.0,atr,,0.05,,1900,any,27.129631036231633,-596.6711070483193,2690,46.09665427509294,0.9377581840670424,16.53961807411936,-0.2799837693451372,-0.39561191257682315,1
gen0_id0025,trailing,0.023,,30.0,fixed,,0.025,,1800,volatile,27.10760176573,-565.2673645720927,2690,46.09665427509294,0.9377581840670427,16.539618074119346,-0.2799837693451372,-0.39561191257682304,0
gen0_id0025,trailing,0.023,,30.0,fixed,,0.025,,1800,volatile,27.10760176573,-565.2673645720927,2690,46.09665427509294,0.9377581840670427,16.539618074119346,-0.2799837693451372,-0.39561191257682304,0
gen6_cross_4326,ma,0.005,,,rr,3.0,,,800,any,27.090784667105144,-287.66525139893247,2690,46.09665427509294,0.9287313938719473,16.539618074119346,-0.3242529018985765,-0.4529866160616601,6
gen0_id0143,trailing,0.023,,30.0,rr,1.5,,,600,ranging,27.086772521931557,-345.88380503995404,2690,46.09665427509294,0.8857437870460565,16.53961807411935,-0.546917365031219,-0.7262178690156117,0
gen0_id0113,ma,0.017,,15.0,atr,,,4.0,2000,ranging,27.044578022980637,-628.0748495245466,2690,46.09665427509294,0.9377581840670425,16.539618074119346,-0.2799837693451372,-0.39561191257682315,0
gen0_id0273,atr,,2.75,40.0,rr,2.4000000000000004,,,700,ranging,27.041301263698024,-251.70709497406597,2690,46.09665427509294,0.9287313938719475,16.539618074119346,-0.3242529018985765,-0.45298661606166,0
gen7_cross_6074,chandelier,0.005,,,rr,3.9000000000000004,,2.5,800,ranging,27.00501442994651,-287.66525139893247,2690,46.09665427509294,0.9287313938719473,16.539618074119346,-0.3242529018985765,-0.4529866160616601,7
gen1_cross_8990,fixed,,,40.0,atr,,0.03,3.25,1600,any,27.001715318909525,-502.4598796196374,2690,46.09665427509294,0.9377581840670421,16.539618074119346,-0.2799837693451372,-0.39561191257682315,1
gen1_cross_1260,fixed,,,,atr,,0.04,,500,trending,26.993109110112044,-157.01871238113665,2690,46.09665427509294,0.9377581840670425,16.539618074119346,-0.2799837693451372,-0.39561191257682315,1
gen0_id0067,chandelier,,2.25,25.0,fixed,,0.025,,900,ranging,26.988416279676198,-282.63368228604634,2690,46.09665427509294,0.9377581840670427,16.539618074119346,-0.2799837693451372,-0.39561191257682304,0
gen1_cross_9667,ma,,,35.0,atr,,,4.0,1600,ranging,26.979826053096488,-502.4598796196374,2690,46.09665427509294,0.9377581840670421,16.539618074119346,-0.2799837693451372,-0.39561191257682315,1
gen0_id0112,atr,,2.25,45.0,fixed,,0.05,,600,ranging,26.969525241935067,-188.42245485736407,2690,46.09665427509294,0.9377581840670424,16.53961807411935,-0.2799837693451372,-0.39561191257682315,0
gen0_id0279,atr,,2.25,40.0,atr,,,2.25,1500,ranging,26.968478792909206,-471.0561371434103,2690,46.09665427509294,0.9377581840670424,16.53961807411934,-0.2799837693451372,-0.39561191257682315,0
gen0_id0070,trailing,0.008,,30.0,fixed,,0.045,,1300,any,26.96656262633136,-408.24865219095545,2690,46.09665427509294,0.9377581840670424,16.539618074119343,-0.2799837693451372,-0.39561191257682315,0
gen6_cross_8977,ma,0.005,,,rr,3.0,,,800,ranging,26.958058496045428,-287.66525139893247,2690,46.09665427509294,0.9287313938719473,16.539618074119346,-0.3242529018985765,-0.4529866160616601,6
gen0_id0288,atr,,1.25,30.0,rr,4.0,,,1400,volatile,26.95173976225932,-503.41418994813193,2690,46.09665427509294,0.9287313938719475,16.539618074119346,-0.3242529018985765,-0.45298661606166,0
gen0_id0075,ma,0.007,,45.0,rr,3.6,,,1900,trending,26.945700056669903,-683.2049720724644,2690,46.09665427509294,0.9287313938719475,16.539618074119357,-0.3242529018985765,-0.4529866160616601,0
gen2_cross_9178,chandelier,0.006,,,atr,3.0,,,1900,any,26.900639995845783,-596.6711070483193,2690,46.09665427509294,0.9377581840670424,16.53961807411936,-0.2799837693451372,-0.39561191257682315,2
gen1_cross_1893,trailing,0.012,,,fixed,,0.04,,1400,ranging,26.893217206970327,-439.6523946671832,2690,46.09665427509294,0.9377581840670424,16.539618074119346,-0.2799837693451372,-0.39561191257682304,1
gen3_cross_2882,trailing,0.006,,,rr,3.0,,2.5,800,volatile,26.879735541322024,-287.66525139893247,2690,46.09665427509294,0.9287313938719473,16.539618074119346,-0.3242529018985765,-0.4529866160616601,3
gen0_id0179,chandelier,,2.25,40.0,atr,,,3.25,1000,trending,26.873577826299755,-314.0374247622733,2690,46.09665427509294,0.9377581840670425,16.539618074119346,-0.2799837693451372,-0.39561191257682315,0
gen0_id0156,chandelier,,2.5,30.0,atr,,,1.5,1900,ranging,26.869765150219205,-596.6711070483193,2690,46.09665427509294,0.9377581840670424,16.53961807411936,-0.2799837693451372,-0.39561191257682315,0
gen0_id0154,atr,,2.75,45.0,rr,3.9000000000000004,,,800,trending,26.85764989748016,-287.66525139893247,2690,46.09665427509294,0.9287313938719473,16.539618074119346,-0.3242529018985765,-0.4529866160616601,0
gen0_id0107,chandelier,,2.25,20.0,atr,,,3.5,700,trending,26.848492300390486,-219.8261973335916,2690,46.09665427509294,0.9377581840670424,16.539618074119346,-0.2799837693451372,-0.39561191257682304,0
gen0_id0107,chandelier,,2.25,20.0,atr,,,3.5,700,trending,26.848492300390486,-219.8261973335916,2690,46.09665427509294,0.9377581840670424,16.539618074119346,-0.2799837693451372,-0.39561191257682304,0
gen0_id0287,ma,0.021,,30.0,fixed,,0.015,,1000,ranging,26.829947511879826,-314.0374247622733,2690,46.09665427509294,0.9377581840670425,16.539618074119346,-0.2799837693451372,-0.39561191257682315,0
gen1_cross_1003,fixed,,3.0,10.0,rr,3.8000000000000003,,,2000,any,26.814933024672655,-719.1631284973314,2690,46.09665427509294,0.9287313938719476,16.539618074119346,-0.3242529018985765,-0.4529866160616601,1
gen0_id0041,trailing,0.022,,25.0,rr,3.4000000000000004,,,600,trending,26.795946296571486,-215.7489385491997,2690,46.09665427509294,0.9287313938719475,16.53961807411935,-0.3242529018985765,-0.4529866160616601,0
gen7_cross_6885,trailing,0.005,,,rr,3.9000000000000004,,,1100,ranging,26.795439421420358,-395.539720673532,2690,46.09665427509294,0.9287313938719476,16.539618074119353,-0.3242529018985765,-0.4529866160616601,7
gen0_id0017,trailing,0.01,,50.0,fixed,,0.025,,1500,any,26.790921580972153,-471.0561371434103,2690,46.09665427509294,0.9377581840670424,16.53961807411934,-0.2799837693451372,-0.39561191257682315,0
gen0_id0100,atr,,2.75,20.0,fixed,,0.05,,500,any,26.787394202329516,-157.01871238113665,2690,46.09665427509294,0.9377581840670425,16.539618074119346,-0.2799837693451372,-0.39561191257682315,0
gen1_cross_9136,chandelier,,2.25,20.0,atr,,0.035,3.5,1700,trending,26.78667310955734,-533.8636220958651,2690,46.09665427509294,0.9377581840670424,16.53961807411934,-0.2799837693451372,-0.39561191257682315,1
gen0_id0289,ma,0.013000000000000001,,40.0,fixed,,0.025,,700,any,26.779990784955842,-219.8261973335916,2690,46.09665427509294,0.9377581840670424,16.539618074119346,-0.2799837693451372,-0.39561191257682304,0
gen0_id0147,ma,0.022,,30.0,fixed,,0.015,,1000,ranging,26.778146164436272,-314.0374247622733,2690,46.09665427509294,0.9377581840670425,16.539618074119346,-0.2799837693451372,-0.39561191257682315,0
gen0_id0063,trailing,0.023,,15.0,fixed,,0.035,,700,any,26.77324881815642,-219.8261973335916,2690,46.09665427509294,0.9377581840670424,16.539618074119346,-0.2799837693451372,-0.39561191257682304,0
gen5_cross_6578,ma,0.005,,40.0,rr,3.0,,,800,any,26.77206722997596,-287.66525139893247,2690,46.09665427509294,0.9287313938719473,16.539618074119346,-0.3242529018985765,-0.4529866160616601,5
gen2_cross_3023,ma,0.006,2.5,,rr,3.0,,,1000,ranging,26.75673791939726,-359.5815642486657,2690,46.09665427509294,0.9287313938719476,16.539618074119346,-0.3242529018985765,-0.4529866160616601,2
gen3_cross_2162,fixed,0.019,,,rr,3.0,,,800,volatile,26.75472847049033,-513.1002322547649,2690,46.09665427509294,0.8796044674606633,17.590129721385722,-0.5564198555133354,-0.7281520350358183,3
gen0_id0184,atr,,1.25,45.0,fixed,,0.025,,1400,trending,26.7508829230182,-439.6523946671832,2690,46.09665427509294,0.9377581840670424,16.539618074119346,-0.2799837693451372,-0.39561191257682304,0
gen0_id0184,atr,,1.25,45.0,fixed,,0.025,,1400,trending,26.7508829230182,-439.6523946671832,2690,46.09665427509294,0.9377581840670424,16.539618074119346,-0.2799837693451372,-0.39561191257682304,0
gen0_id0223,trailing,0.022,,40.0,rr,1.9000000000000001,,,1600,any,26.750242713517935,-557.5568134398773,2690,46.09665427509294,0.9309330954332876,16.539618074119346,-0.3134428447832259,-0.4389924972759321,0
gen0_id0172,atr,,1.75,25.0,atr,,,3.5,600,trending,26.74903848694893,-188.42245485736407,2690,46.09665427509294,0.9377581840670424,16.53961807411935,-0.2799837693451372,-0.39561191257682315,0
gen0_id0210,fixed,0.019,,,fixed,,0.03,,1500,ranging,26.734037481494845,-962.0629354776847,2690,46.09665427509294,0.8796044674606633,17.590129721385715,-0.5564198555133354,-0.7281520350358183,0
gen1_cross_8241,fixed,,2.25,,atr,,0.03,3.5,700,ranging,26.721387539814312,-219.8261973335916,2690,46.09665427509294,0.9377581840670424,16.539618074119346,-0.2799837693451372,-0.39561191257682304,1
gen0_id0252,chandelier,,1.25,30.0,rr,1.6,,,1700,trending,26.7122719912697,-883.1041142798704,2690,46.09665427509294,0.8970411141428641,16.53961807411935,-0.4866265170776008,-0.6544115260806921,0
gen0_id0054,ma,0.015,,40.0,rr,2.9000000000000004,,,1700,ranging,26.710662573368882,-611.2886592227319,2690,46.09665427509294,0.9287313938719473,16.53961807411934,-0.3242529018985765,-0.4529866160616601,0
gen1_cross_3163,atr,,2.75,45.0,atr,,,2.5,1800,trending,26.703568267262277,-565.2673645720927,2690,46.09665427509294,0.9377581840670427,16.539618074119346,-0.2799837693451372,-0.39561191257682304,1
gen1_cross_9346,trailing,0.023,,30.0,fixed,,0.015,,1700,volatile,26.69999398509184,-533.8636220958651,2690,46.09665427509294,0.9377581840670424,16.53961807411934,-0.2799837693451372,-0.39561191257682315,1
gen9_cross_9554,fixed,0.015,,,rr,3.3000000000000003,,,900,volatile,26.686839155428526,-323.6234078237993,2690,46.09665427509294,0.9287313938719476,16.539618074119353,-0.3242529018985765,-0.45298661606166,9
gen0_id0281,trailing,0.018000000000000002,,35.0,atr,,,2.5,800,ranging,26.67159508323894,-251.2299398098187,2690,46.09665427509294,0.9377581840670421,16.539618074119346,-0.2799837693451372,-0.39561191257682315,0
gen0_id0131,ma,0.01,,15.0,rr,2.2,,,800,ranging,26.653722336662465,-287.66525139893247,2690,46.09665427509294,0.9287313938719473,16.539618074119346,-0.3242529018985765,-0.4529866160616601,0
gen1_cross_4697,chandelier,0.012,,,fixed,,0.04,,500,trending,26.640354533399385,-157.01871238113665,2690,46.09665427509294,0.9377581840670425,16.539618074119346,-0.2799837693451372,-0.39561191257682315,1
gen2_cross_9703,trailing,0.006,,45.0,rr,3.0,,2.5,1900,any,26.633736426833387,-683.2049720724644,2690,46.09665427509294,0.9287313938719475,16.539618074119357,-0.3242529018985765,-0.4529866160616601,2
gen6_cross_6795,trailing,0.005,,,rr,3.0,,,800,ranging,26.617121415640234,-287.66525139893247,2690,46.09665427509294,0.9287313938719473,16.539618074119346,-0.3242529018985765,-0.4529866160616601,6
gen0_id0196,chandelier,,3.0,35.0,rr,2.6,,,1900,trending,26.607734827868974,-683.2049720724644,2690,46.09665427509294,0.9287313938719475,16.539618074119357,-0.3242529018985765,-0.4529866160616601,0
gen0_id0275,atr,,1.0,40.0,atr,,,3.0,1000,trending,26.606999492143935,-314.0374247622733,2690,46.09665427509294,0.9377581840670425,16.539618074119346,-0.2799837693451372,-0.39561191257682315,0
gen7_cross_6758,trailing,0.005,,40.0,rr,3.9000000000000004,,,800,ranging,26.58884820136954,-287.66525139893247,2690,46.09665427509294,0.9287313938719473,16.539618074119346,-0.3242529018985765,-0.4529866160616601,7
gen0_id0265,atr,,1.25,30.0,rr,1.4000000000000001,,,1100,volatile,26.575088522328766,-688.7616036833294,2690,46.09665427509294,0.875898482798525,16.539618074119346,-0.6005165200509724,-0.7887950863555108,0
gen0_id0014,atr,,1.75,45.0,rr,3.9000000000000004,,,1600,volatile,26.570765564058462,-575.3305027978649,2690,46.09665427509294,0.9287313938719473,16.539618074119346,-0.3242529018985765,-0.4529866160616601,0
gen0_id0021,fixed,0.016,,,rr,3.0,,,900,any,26.560938984721922,-415.954580672004,2690,46.09665427509294,0.9102235946519899,17.089542280691827,-0.41117591784536317,-0.5609096755031465,0
gen8_cross_4504,ma,0.005,,,rr,3.5,,2.5,800,ranging,26.548033524084207,-287.66525139893247,2690,46.09665427509294,0.9287313938719473,16.539618074119346,-0.3242529018985765,-0.4529866160616601,8
gen1_cross_8108,ma,0.011,,30.0,rr,,,,1000,ranging,26.539079139699705,-314.0374247622733,2690,46.09665427509294,0.9377581840670425,16.539618074119346,-0.2799837693451372,-0.39561191257682315,1
gen1_cross_6479,chandelier,,,20.0,fixed,,0.04,3.5,600,trending,26.532433499965087,-188.42245485736407,2690,46.09665427509294,0.9377581840670424,16.53961807411935,-0.2799837693451372,-0.39561191257682315,1
gen0_id0038,atr,,1.25,40.0,rr,3.4000000000000004,,,1700,ranging,26.527603681688216,-611.2886592227319,2690,46.09665427509294,0.9287313938719473,16.53961807411934,-0.3242529018985765,-0.4529866160616601,0
gen0_id0128,trailing,0.008,,35.0,atr,,,3.25,1600,any,26.519541730994106,-502.4598796196374,2690,46.09665427509294,0.9377581840670421,16.539618074119346,-0.2799837693451372,-0.39561191257682315,0
gen1_cross_2379,chandelier,,1.5,35.0,rr,2.8000000000000003,,,1800,volatile,26.498580944100453,-647.2468156475986,2690,46.09665427509294,0.9287313938719476,16.539618074119353,-0.3242529018985765,-0.45298661606166,1
gen7_cross_3525,ma,0.005,,,rr,3.3000000000000003,,,800,ranging,26.47574386834283,-287.66525139893247,2690,46.09665427509294,0.9287313938719473,16.539618074119346,-0.3242529018985765,-0.4529866160616601,7
gen9_cross_5984,fixed,0.016,,,rr,3.9000000000000004,,,800,any,26.4732736317591,-369.73740504178113,2690,46.09665427509294,0.9102235946519901,17.08954228069182,-0.41117591784536295,-0.5609096755031463,9
gen0_id0278,ma,0.024,,40.0,rr,3.9000000000000004,,,1900,any,26.467514061343632,-683.2049720724644,2690,46.09665427509294,0.9287313938719475,16.539618074119357,-0.3242529018985765,-0.4529866160616601,0
gen0_id0108,chandelier,,1.25,25.0,atr,,,2.75,1200,volatile,26.46668916418953,-376.84490971472815,2690,46.09665427509294,0.9377581840670424,16.53961807411935,-0.2799837693451372,-0.39561191257682315,0
gen0_id0111,chandelier,,3.0,30.0,rr,2.5,,,800,any,26.4373495106326,-287.66525139893247,2690,46.09665427509294,0.9287313938719473,16.539618074119346,-0.3242529018985765,-0.4529866160616601,0
gen0_id0051,chandelier,,2.5,25.0,fixed,,0.025,,1100,ranging,26.426936984228256,-345.44116723850084,2690,46.09665427509294,0.9377581840670425,16.539618074119346,-0.2799837693451372,-0.39561191257682315,0
gen0_id0192,chandelier,,1.25,15.0,fixed,,0.025,,1800,trending,26.4221136727804,-565.2673645720927,2690,46.09665427509294,0.9377581840670427,16.539618074119346,-0.2799837693451372,-0.39561191257682304,0
gen0_id0068,atr,,1.75,10.0,rr,2.4000000000000004,,,600,ranging,26.40946701594035,-215.7489385491997,2690,46.09665427509294,0.9287313938719475,16.53961807411935,-0.3242529018985765,-0.4529866160616601,0
gen9_cross_8413,trailing,0.005,,,rr,3.9000000000000004,,,800,ranging,26.407891929648958,-287.66525139893247,2690,46.09665427509294,0.9287313938719473,16.539618074119346,-0.3242529018985765,-0.4529866160616601,9
gen0_id0137,atr,,2.75,25.0,fixed,,0.04,,600,any,26.377187651933326,-188.42245485736407,2690,46.09665427509294,0.9377581840670424,16.53961807411935,-0.2799837693451372,-0.39561191257682315,0
gen0_id0185,atr,,1.75,30.0,rr,4.0,,,1200,ranging,26.362311426752083,-431.4978770983994,2690,46.09665427509294,0.9287313938719475,16.53961807411935,-0.3242529018985765,-0.4529866160616601,0
gen5_cross_2819,fixed,0.025,,,rr,3.0,,,800,any,26.354193889219165,-658.8155924054804,2690,46.09665427509294,0.8505240851770002,17.590129721385722,-0.6930742576527154,-0.8655384861555071,5
gen0_id0040,chandelier,,1.75,15.0,fixed,,0.03,,1400,volatile,26.349275805639678,-439.6523946671832,2690,46.09665427509294,0.9377581840670424,16.539618074119346,-0.2799837693451372,-0.39561191257682304,0
gen0_id0290,ma,0.007,,20.0,atr,,,2.5,1900,trending,26.311194489531786,-596.6711070483193,2690,46.09665427509294,0.9377581840670424,16.53961807411936,-0.2799837693451372,-0.39561191257682315,0
gen2_cross_8738,chandelier,0.006,,,rr,3.0,,,800,ranging,26.308591316935683,-287.66525139893247,2690,46.09665427509294,0.9287313938719473,16.539618074119346,-0.3242529018985765,-0.4529866160616601,2
gen0_id0253,chandelier,,2.5,25.0,atr,,,3.75,1300,trending,26.292299105821904,-408.24865219095545,2690,46.09665427509294,0.9377581840670424,16.539618074119343,-0.2799837693451372,-0.39561191257682315,0
gen0_id0253,chandelier,,2.5,25.0,atr,,,3.75,1300,trending,26.292299105821904,-408.24865219095545,2690,46.09665427509294,0.9377581840670424,16.539618074119343,-0.2799837693451372,-0.39561191257682315,0
gen0_id0105,atr,,2.75,45.0,fixed,,0.03,,1600,any,26.270733716140082,-502.4598796196374,2690,46.09665427509294,0.9377581840670421,16.539618074119346,-0.2799837693451372,-0.39561191257682315,0
gen0_id0023,ma,0.012,,25.0,atr,,,2.0,1200,ranging,26.217342411421118,-376.84490971472815,2690,46.09665427509294,0.9377581840670424,16.53961807411935,-0.2799837693451372,-0.39561191257682315,0
gen0_id0215,trailing,0.024,,30.0,atr,,,2.75,600,trending,26.20481766037759,-188.42245485736407,2690,46.09665427509294,0.9377581840670424,16.53961807411935,-0.2799837693451372,-0.39561191257682315,0
gen0_id0008,chandelier,,2.25,20.0,rr,3.3000000000000003,,,900,trending,26.188626881360843,-323.6234078237993,2690,46.09665427509294,0.9287313938719476,16.539618074119353,-0.3242529018985765,-0.45298661606166,0
gen5_cross_4220,ma,0.005,,,rr,3.0,,,800,ranging,26.17397980473165,-287.66525139893247,2690,46.09665427509294,0.9287313938719473,16.539618074119346,-0.3242529018985765,-0.4529866160616601,5
gen0_id0092,ma,0.011,,20.0,fixed,,0.03,,1700,trending,26.161663314131278,-533.8636220958651,2690,46.09665427509294,0.9377581840670424,16.53961807411934,-0.2799837693451372,-0.39561191257682315,0
gen0_id0072,atr,,2.75,10.0,fixed,,0.02,,500,any,26.144770539704048,-157.01871238113665,2690,46.09665427509294,0.9377581840670425,16.539618074119346,-0.2799837693451372,-0.39561191257682315,0
gen0_id0165,trailing,0.023,,30.0,rr,2.2,,,1400,volatile,26.13972771077237,-503.41418994813193,2690,46.09665427509294,0.9287313938719475,16.539618074119346,-0.3242529018985765,-0.45298661606166,0
gen0_id0118,chandelier,,1.5,25.0,atr,,,3.0,600,volatile,26.13444176176383,-188.42245485736407,2690,46.09665427509294,0.9377581840670424,16.53961807411935,-0.2799837693451372,-0.39561191257682315,0
gen2_cross_2419,fixed,0.021,,,rr,,0.015,2.5,1800,trending,26.110309805368846,-1294.8428238094564,2690,46.09665427509294,0.8669142882944578,17.590129721385722,-0.616491381875754,-0.7913920012471091,2
gen1_cross_4924,chandelier,0.009000000000000001,,25.0,rr,2.6,,,800,trending,26.11007012843419,-287.66525139893247,2690,46.09665427509294,0.9287313938719473,16.539618074119346,-0.3242529018985765,-0.4529866160616601,1
gen0_id0062,atr,,2.5,30.0,fixed,,0.03,,1500,trending,26.093628007830322,-471.0561371434103,2690,46.09665427509294,0.9377581840670424,16.53961807411934,-0.2799837693451372,-0.39561191257682315,0
gen0_id0130,chandelier,,3.0,15.0,rr,1.5,,,1900,ranging,26.07769983838204,-1095.2987159598538,2690,46.09665427509294,0.8857437870460565,16.539618074119346,-0.546917365031219,-0.7262178690156117,0
gen0_id0292,atr,,1.0,30.0,rr,2.6,,,800,volatile,26.064156319141713,-287.66525139893247,2690,46.09665427509294,0.9287313938719473,16.539618074119346,-0.3242529018985765,-0.4529866160616601,0
gen8_cross_8142,atr,0.005,,,rr,3.9000000000000004,,,800,any,26.055677167169044,-287.66525139893247,2690,46.09665427509294,0.9287313938719473,16.539618074119346,-0.3242529018985765,-0.4529866160616601,8
gen0_id0200,fixed,0.017,,,atr,,,3.25,800,volatile,26.05126570084529,-439.1923248625278,2690,46.09665427509294,0.8951277691183628,17.501411473880943,-0.4826651479068938,-0.645438928641249,0
gen9_cross_2835,trailing,0.005,,,rr,3.9000000000000004,,2.5,800,ranging,26.03783254373547,-287.66525139893247,2690,46.09665427509294,0.9287313938719473,16.539618074119346,-0.3242529018985765,-0.4529866160616601,9
gen0_id0211,chandelier,,1.5,45.0,fixed,,0.03,,900,volatile,26.02562161593273,-282.63368228604634,2690,46.09665427509294,0.9377581840670427,16.539618074119346,-0.2799837693451372,-0.39561191257682304,0
gen1_cross_5239,fixed,0.024,,,rr,2.6,,,800,ranging,26.020534250190902,-643.3520657238951,2690,46.09665427509294,0.8535186167550519,17.590129721385722,-0.6792241119035923,-0.8527699168352587,1
gen0_id0212,atr,,2.5,45.0,rr,1.7000000000000002,,,1500,trending,26.001208580381686,-693.7095125998856,2690,46.09665427509294,0.9083384412396721,16.53961807411934,-0.42757389265848045,-0.5826051831457718,0
gen0_id0232,chandelier,,1.5,10.0,fixed,,0.04,,1500,volatile,25.980136724550828,-471.0561371434103,2690,46.09665427509294,0.9377581840670424,16.53961807411934,-0.2799837693451372,-0.39561191257682315,0
gen1_cross_1596,ma,0.023,,40.0,atr,,,3.25,1500,ranging,25.95255672570824,-471.0561371434103,2690,46.09665427509294,0.9377581840670424,16.53961807411934,-0.2799837693451372,-0.39561191257682315,1
gen0_id0079,atr,,3.0,30.0,rr,3.0,,,800,any,25.937891979545157,-287.66525139893247,2690,46.09665427509294,0.9287313938719473,16.539618074119346,-0.3242529018985765,-0.4529866160616601,0
gen0_id0240,trailing,0.02,,45.0,rr,2.0,,,1400,trending,25.93708958160387,-439.6523946671832,2690,46.09665427509294,0.9377581840670424,16.539618074119346,-0.2799837693451372,-0.39561191257682304,0
gen5_cross_8599,ma,0.005,,,rr,3.0,,,800,ranging,25.926364277553017,-287.66525139893247,2690,46.09665427509294,0.9287313938719473,16.539618074119346,-0.3242529018985765,-0.4529866160616601,5
gen0_id0207,ma,0.011,,15.0,fixed,,0.05,,1000,any,25.91578146187503,-314.0374247622733,2690,46.09665427509294,0.9377581840670425,16.539618074119346,-0.2799837693451372,-0.39561191257682315,0
gen0_id0268,atr,,1.0,40.0,rr,2.9000000000000004,,,1300,any,25.91397935203666,-467.45603352326543,2690,46.09665427509294,0.9287313938719475,16.539618074119346,-0.3242529018985765,-0.4529866160616601,0
gen5_cross_3266,ma,0.005,,,rr,3.0,,,800,volatile,25.88137797642806,-287.66525139893247,2690,46.09665427509294,0.9287313938719473,16.539618074119346,-0.3242529018985765,-0.4529866160616601,5
gen0_id0262,atr,,1.0,30.0,atr,,,3.5,1100,volatile,25.88001060313312,-345.44116723850084,2690,46.09665427509294,0.9377581840670425,16.539618074119346,-0.2799837693451372,-0.39561191257682315,0
gen4_cross_5494,fixed,0.018000000000000002,,,rr,3.0,,,800,ranging,25.861458005173034,-483.8091740155612,2690,46.09665427509294,0.8856917833451469,17.630029542643076,-0.5275138210933825,-0.6963828145932784,4
gen0_id0124,chandelier,,2.75,45.0,fixed,,0.045,,700,any,25.855543040910096,-219.8261973335916,2690,46.09665427509294,0.9377581840670424,16.539618074119346,-0.2799837693451372,-0.39561191257682304,0
gen0_id0012,fixed,0.019,,,atr,,,3.0,1900,trending,25.853255169850044,-1218.6130516050666,2690,46.09665427509294,0.8796044674606636,17.590129721385726,-0.5564198555133355,-0.7281520350358185,0
gen2_cross_2348,chandelier,0.006,,,rr,3.0,,,800,ranging,25.821122352937287,-287.66525139893247,2690,46.09665427509294,0.9287313938719473,16.539618074119346,-0.3242529018985765,-0.4529866160616601,2
gen0_id0083,trailing,0.017,,15.0,rr,1.9000000000000001,,,1300,any,25.817006845185393,-453.0149109199001,2690,46.09665427509294,0.9309330954332877,16.539618074119346,-0.3134428447832259,-0.4389924972759321,0
gen0_id0258,chandelier,,3.0,40.0,atr,,,3.5,1200,any,25.810228182930462,-376.84490971472815,2690,46.09665427509294,0.9377581840670424,16.53961807411935,-0.2799837693451372,-0.39561191257682315,0
gen1_cross_3874,atr,0.006,2.75,45.0,rr,1.9000000000000001,,,1100,ranging,25.801921610792373,-383.3203092399158,2690,46.09665427509294,0.9309330954332878,16.539618074119346,-0.3134428447832259,-0.4389924972759321,1
gen0_id0216,trailing,0.01,,35.0,rr,1.4000000000000001,,,1500,any,25.797870395894705,-939.2203686590856,2690,46.09665427509294,0.875898482798525,16.539618074119346,-0.6005165200509727,-0.7887950863555111,0
gen9_cross_4058,trailing,0.005,,,rr,3.9000000000000004,,2.5,800,ranging,25.775394032239067,-287.66525139893247,2690,46.09665427509294,0.9287313938719473,16.539618074119346,-0.3242529018985765,-0.4529866160616601,9
gen7_cross_1080,atr,0.005,,,rr,3.3000000000000003,,,800,ranging,25.775204180232837,-287.66525139893247,2690,46.09665427509294,0.9287313938719473,16.539618074119346,-0.3242529018985765,-0.4529866160616601,7
gen9_cross_4319,fixed,0.019,,,rr,3.9000000000000004,,,800,ranging,25.768586899502537,-513.1002322547649,2690,46.09665427509294,0.8796044674606633,17.590129721385722,-0.5564198555133354,-0.7281520350358183,9
gen0_id0226,ma,0.02,,45.0,atr,,,1.5,1000,volatile,25.768514673385006,-314.0374247622733,2690,46.09665427509294,0.9377581840670425,16.539618074119346,-0.2799837693451372,-0.39561191257682315,0
gen0_id0144,trailing,0.013000000000000001,,30.0,atr,,,3.0,1500,trending,25.767698092101497,-471.0561371434103,2690,46.09665427509294,0.9377581840670424,16.53961807411934,-0.2799837693451372,-0.39561191257682315,0
gen0_id0144,trailing,0.013000000000000001,,30.0,atr,,,3.0,1500,trending,25.767698092101497,-471.0561371434103,2690,46.09665427509294,0.9377581840670424,16.53961807411934,-0.2799837693451372,-0.39561191257682315,0
gen6_cross_7582,trailing,0.005,,,rr,3.0,,,800,ranging,25.764306031309562,-287.66525139893247,2690,46.09665427509294,0.9287313938719473,16.539618074119346,-0.3242529018985765,-0.4529866160616601,6
gen0_id0274,trailing,0.013000000000000001,,40.0,fixed,,0.04,,1300,volatile,25.76422724925414,-408.24865219095545,2690,46.09665427509294,0.9377581840670424,16.539618074119343,-0.2799837693451372,-0.39561191257682315,0
gen0_id0251,atr,,2.25,25.0,fixed,,0.05,,1100,volatile,25.761036398210873,-345.44116723850084,2690,46.09665427509294,0.9377581840670425,16.539618074119346,-0.2799837693451372,-0.39561191257682315,0
gen0_id0119,chandelier,,1.25,30.0,fixed,,0.03,,1200,trending,25.738785627437082,-376.84490971472815,2690,46.09665427509294,0.9377581840670424,16.53961807411935,-0.2799837693451372,-0.39561191257682315,0
gen0_id0024,atr,,1.0,20.0,rr,2.2,,,900,volatile,25.71276890172195,-323.6234078237993,2690,46.09665427509294,0.9287313938719476,16.539618074119353,-0.3242529018985765,-0.45298661606166,0
gen1_cross_8863,atr,,2.5,20.0,rr,,,,1700,trending,25.70363895690779,-533.8636220958651,2690,46.09665427509294,0.9377581840670424,16.53961807411934,-0.2799837693451372,-0.39561191257682315,1
gen0_id0089,chandelier,,1.5,10.0,fixed,,0.045,,900,volatile,25.702962685453173,-282.63368228604634,2690,46.09665427509294,0.9377581840670427,16.539618074119346,-0.2799837693451372,-0.39561191257682304,0
gen0_id0095,fixed,0.021,,,fixed,,0.025,,1300,ranging,25.693588247502642,-935.1642616401627,2690,46.09665427509294,0.8669142882944578,17.590129721385715,-0.616491381875754,-0.7913920012471091,0
gen1_cross_7959,chandelier,,2.25,20.0,atr,,,3.5,2000,any,25.679668427055113,-628.0748495245466,2690,46.09665427509294,0.9377581840670425,16.539618074119346,-0.2799837693451372,-0.39561191257682315,1
gen1_cross_8164,ma,,2.25,40.0,atr,,,3.0,1500,any,25.669807189449767,-471.0561371434103,2690,46.09665427509294,0.9377581840670424,16.53961807411934,-0.2799837693451372,-0.39561191257682315,1
gen0_id0264,ma,0.023,,20.0,fixed,,0.045,,1000,trending,25.667585255015485,-314.0374247622733,2690,46.09665427509294,0.9377581840670425,16.539618074119346,-0.2799837693451372,-0.39561191257682315,0
gen9_cross_5535,fixed,0.022,,,rr,3.9000000000000004,,,1100,any,25.651345868669175,-832.8973092083595,2690,46.09665427509294,0.8608903287653825,17.590129721385715,-0.6448580294663426,-0.8198921007969019,9
gen0_id0114,chandelier,,1.25,30.0,atr,,,2.5,1500,ranging,25.64265449401455,-471.0561371434103,2690,46.09665427509294,0.9377581840670424,16.53961807411934,-0.2799837693451372,-0.39561191257682315,0
gen1_cross_1143,fixed,,,,rr,2.9000000000000004,,,800,volatile,25.634010619926716,-287.66525139893247,2690,46.09665427509294,0.9287313938719473,16.539618074119346,-0.3242529018985765,-0.4529866160616601,1
gen0_id0003,atr,,2.25,50.0,atr,,,3.25,1600,trending,25.632869026448518,-502.4598796196374,2690,46.09665427509294,0.9377581840670421,16.539618074119346,-0.2799837693451372,-0.39561191257682315,0
gen4_cross_1201,fixed,0.019,,,rr,3.0,,,800,ranging,25.628609597462265,-513.1002322547649,2690,46.09665427509294,0.8796044674606633,17.590129721385722,-0.5564198555133354,-0.7281520350358183,4
gen6_cross_2025,fixed,0.017,,,rr,3.0,0.015,,800,any,25.61889635208218,-439.1923248625278,2690,46.09665427509294,0.8951277691183628,17.501411473880943,-0.4826651479068938,-0.645438928641249,6
gen0_id0190,trailing,0.009000000000000001,,15.0,rr,1.7000000000000002,,,1200,any,25.60060684707991,-554.9676100799084,2690,46.09665427509294,0.908338441239672,16.539618074119346,-0.42757389265848045,-0.5826051831457718,0
gen0_id0256,chandelier,,1.75,45.0,fixed,,0.03,,1000,volatile,25.586085035042977,-314.0374247622733,2690,46.09665427509294,0.9377581840670425,16.539618074119346,-0.2799837693451372,-0.39561191257682315,0
gen0_id0059,atr,,3.0,25.0,rr,3.9000000000000004,,,1700,volatile,25.577808084652187,-611.2886592227319,2690,46.09665427509294,0.9287313938719473,16.53961807411934,-0.3242529018985765,-0.4529866160616601,0
gen0_id0121,fixed,0.021,,,rr,2.3000000000000003,,,1400,trending,25.5750242345828,-1007.0999740740219,2690,46.09665427509294,0.8669142882944578,17.59012972138571,-0.616491381875754,-0.7913920012471091,0
gen1_cross_1554,chandelier,,,20.0,rr,,,4.0,1600,ranging,25.57277265992487,-502.4598796196374,2690,46.09665427509294,0.9377581840670421,16.539618074119346,-0.2799837693451372,-0.39561191257682315,1
gen6_cross_1619,fixed,0.005,,40.0,rr,1.0,,,800,any,25.56797464299277,-383.3250412483238,2690,46.20817843866171,0.842900503040738,8.819266002568824,-1.012230722941701,-1.5205961055525636,6
gen5_cross_1046,chandelier,0.005,2.5,,rr,3.0,,2.5,1100,ranging,25.552738919109387,-395.539720673532,2690,46.09665427509294,0.9287313938719476,16.539618074119353,-0.3242529018985765,-0.4529866160616601,5
gen0_id0233,chandelier,,2.5,30.0,atr,,,2.5,600,any,25.550099048876746,-188.42245485736407,2690,46.09665427509294,0.9377581840670424,16.53961807411935,-0.2799837693451372,-0.39561191257682315,0
gen1_cross_2199,chandelier,,2.25,20.0,atr,,,4.0,900,any,25.530407390426866,-282.63368228604634,2690,46.09665427509294,0.9377581840670427,16.539618074119346,-0.2799837693451372,-0.39561191257682304,1
gen9_cross_8187,fixed,0.024,,,rr,3.9000000000000004,,,800,ranging,25.51910684428477,-643.3520657238951,2690,46.09665427509294,0.8535186167550519,17.590129721385722,-0.6792241119035923,-0.8527699168352587,9
gen1_cross_3067,chandelier,,1.5,20.0,fixed,,,4.0,1800,trending,25.484905326306784,-565.2673645720927,2690,46.09665427509294,0.9377581840670427,16.539618074119346,-0.2799837693451372,-0.39561191257682304,1
gen0_id0203,ma,0.005,,35.0,rr,3.0,,,1900,trending,25.480634238306543,-683.2049720724644,2690,46.09665427509294,0.9287313938719475,16.539618074119357,-0.3242529018985765,-0.4529866160616601,0
gen0_id0122,chandelier,,2.25,25.0,rr,1.3,,,1100,trending,25.468537144637267,-755.675969764,2690,46.09665427509294,0.8638418084589893,16.539618074119346,-0.6671035677668706,-0.8654278761172559,0
gen0_id0074,trailing,0.016,,35.0,rr,3.2,,,1900,any,25.457679317745875,-683.2049720724644,2690,46.09665427509294,0.9287313938719475,16.539618074119357,-0.3242529018985765,-0.4529866160616601,0
gen0_id0074,trailing,0.016,,35.0,rr,3.2,,,1900,any,25.457679317745875,-683.2049720724644,2690,46.09665427509294,0.9287313938719475,16.539618074119357,-0.3242529018985765,-0.4529866160616601,0
gen1_cross_9198,trailing,0.013000000000000001,,,atr,,,2.75,1500,ranging,25.447372162551584,-471.0561371434103,2690,46.09665427509294,0.9377581840670424,16.53961807411934,-0.2799837693451372,-0.39561191257682315,1
gen1_cross_1421,fixed,,,,rr,2.6,,3.5,800,trending,25.42252192107526,-287.66525139893247,2690,46.09665427509294,0.9287313938719473,16.539618074119346,-0.3242529018985765,-0.4529866160616601,1
gen1_cross_8602,fixed,0.019,,,atr,3.0,,,800,ranging,25.417019879851075,-513.1002322547649,2690,46.09665427509294,0.8796044674606633,17.590129721385722,-0.5564198555133354,-0.7281520350358183,1
gen0_id0155,trailing,0.006,,45.0,fixed,,0.025,,1000,trending,25.414031174276975,-314.0374247622733,2690,46.09665427509294,0.9377581840670425,16.539618074119346,-0.2799837693451372,-0.39561191257682315,0
gen0_id0194,fixed,0.018000000000000002,,,fixed,,0.035,,1500,any,25.403953676188927,-907.1422012791777,2690,46.09665427509294,0.8856917833451471,17.630029542643072,-0.5275138210933825,-0.6963828145932784,0
gen0_id0160,fixed,0.023,,,fixed,,0.02,,500,trending,25.377000402002185,-389.8772414530606,2690,46.09665427509294,0.8573345170870389,17.59012972138573,-0.6614565311159052,-0.8359167419227517,0
gen8_cross_4244,fixed,0.024,,40.0,rr,3.9000000000000004,,,800,ranging,25.373474405635694,-643.3520657238951,2690,46.09665427509294,0.8535186167550519,17.590129721385722,-0.6792241119035923,-0.8527699168352587,8
gen0_id0164,chandelier,,3.0,45.0,atr,,,4.0,1900,volatile,25.370861026501835,-596.6711070483193,2690,46.09665427509294,0.9377581840670424,16.53961807411936,-0.2799837693451372,-0.39561191257682315,0
gen0_id0030,chandelier,,1.5,20.0,rr,1.4000000000000001,,,2000,trending,25.368941116557963,-1252.2938248787805,2690,46.09665427509294,0.8758984827985248,16.53961807411936,-0.6005165200509727,-0.7887950863555111,0
gen8_cross_6753,atr,0.005,,40.0,rr,3.9000000000000004,0.015,,800,ranging,25.36661043629555,-287.66525139893247,2690,46.09665427509294,0.9287313938719473,16.539618074119346,-0.3242529018985765,-0.4529866160616601,8
gen0_id0141,atr,,1.75,20.0,atr,,,3.5,1700,ranging,25.357195453882408,-533.8636220958651,2690,46.09665427509294,0.9377581840670424,16.53961807411934,-0.2799837693451372,-0.39561191257682315,0
gen0_id0057,atr,,2.0,25.0,atr,,,3.25,600,trending,25.34611052503013,-188.42245485736407,2690,46.09665427509294,0.9377581840670424,16.53961807411935,-0.2799837693451372,-0.39561191257682315,0
gen0_id0088,trailing,0.011,,10.0,rr,1.1,,,1900,any,25.286278467463674,-1553.984454793233,2690,46.09665427509294,0.8378959308480726,16.56772813713086,-0.8143029785649788,-1.0303410958117953,0
gen0_id0077,chandelier,,2.5,40.0,fixed,,0.04,,600,any,25.27269226333907,-188.42245485736407,2690,46.09665427509294,0.9377581840670424,16.53961807411935,-0.2799837693451372,-0.39561191257682315,0
gen2_cross_3467,fixed,0.022,,,rr,,,,800,trending,25.263472722982826,-605.7434976060795,2690,46.09665427509294,0.8608903287653825,17.590129721385722,-0.6448580294663423,-0.8198921007969014,2
gen1_cross_6218,chandelier,,,,fixed,,0.035,,1700,ranging,25.20241909235372,-533.8636220958651,2690,46.09665427509294,0.9377581840670424,16.53961807411934,-0.2799837693451372,-0.39561191257682315,1
gen2_cross_8543,atr,0.005,,,fixed,,,2.5,800,volatile,25.201981830223747,-251.2299398098187,2690,46.09665427509294,0.9377581840670421,16.539618074119346,-0.2799837693451372,-0.39561191257682315,2
gen1_cross_9098,trailing,0.006,,15.0,fixed,2.2,,,2000,trending,25.183310026301253,-628.0748495245466,2690,46.09665427509294,0.9377581840670425,16.539618074119346,-0.2799837693451372,-0.39561191257682315,1
gen5_cross_3650,ma,0.005,,,rr,3.0,0.015,,800,ranging,25.17239463103295,-287.66525139893247,2690,46.09665427509294,0.9287313938719473,16.539618074119346,-0.3242529018985765,-0.4529866160616601,5
gen2_cross_1701,atr,0.006,,,fixed,,,,1700,trending,25.17084703481563,-533.8636220958651,2690,46.09665427509294,0.9377581840670424,16.53961807411934,-0.2799837693451372,-0.39561191257682315,2
gen0_id0145,atr,,2.75,30.0,atr,,,1.75,900,trending,25.145979707417226,-282.63368228604634,2690,46.09665427509294,0.9377581840670427,16.539618074119346,-0.2799837693451372,-0.39561191257682304,0
gen1_cross_2783,atr,0.006,,45.0,rr,1.9000000000000001,,,1100,ranging,25.137942437656296,-383.3203092399158,2690,46.09665427509294,0.9309330954332878,16.539618074119346,-0.3134428447832259,-0.4389924972759321,1
gen0_id0250,atr,,1.0,20.0,atr,,,2.25,800,trending,25.10537717971793,-251.2299398098187,2690,46.09665427509294,0.9377581840670421,16.539618074119346,-0.2799837693451372,-0.39561191257682315,0
gen1_cross_5759,trailing,0.011,,,rr,,0.03,,1800,ranging,25.098090873743523,-565.2673645720927,2690,46.09665427509294,0.9377581840670427,16.539618074119346,-0.2799837693451372,-0.39561191257682304,1
gen1_cross_1702,trailing,0.008,,,fixed,,0.015,,1400,ranging,25.084501775387192,-439.6523946671832,2690,46.09665427509294,0.9377581840670424,16.539618074119346,-0.2799837693451372,-0.39561191257682304,1
gen0_id0261,chandelier,,2.5,10.0,atr,,,1.5,1900,any,25.032233425054685,-596.6711070483193,2690,46.09665427509294,0.9377581840670424,16.53961807411936,-0.2799837693451372,-0.39561191257682315,0
gen0_id0016,chandelier,,2.5,35.0,atr,,,3.75,1000,volatile,25.009720293506486,-314.0374247622733,2690,46.09665427509294,0.9377581840670425,16.539618074119346,-0.2799837693451372,-0.39561191257682315,0
gen0_id0254,fixed,0.018000000000000002,,,fixed,,0.02,,1900,ranging,25.001639208581484,-1149.046788286958,2690,46.09665427509294,0.8856917833451472,17.630029542643083,-0.5275138210933825,-0.6963828145932784,0
gen0_id0299,ma,0.01,,45.0,rr,3.5,,,800,volatile,24.987924530067858,-287.66525139893247,2690,46.09665427509294,0.9287313938719473,16.539618074119346,-0.3242529018985765,-0.4529866160616601,0
gen2_cross_8937,atr,0.006,1.25,30.0,rr,,,,1800,trending,24.982287756370894,-565.2673645720927,2690,46.09665427509294,0.9377581840670427,16.539618074119346,-0.2799837693451372,-0.39561191257682304,2
gen0_id0197,atr,,2.0,25.0,rr,1.6,,,1900,trending,24.911836971363428,-986.9987159598545,2690,46.09665427509294,0.8970411141428642,16.539618074119357,-0.4866265170776008,-0.6544115260806921,0
gen1_cross_4669,chandelier,,1.75,30.0,fixed,,0.02,,1800,ranging,24.90557189924579,-565.2673645720927,2690,46.09665427509294,0.9377581840670427,16.539618074119346,-0.2799837693451372,-0.39561191257682304,1
gen0_id0272,ma,0.009000000000000001,,35.0,rr,3.3000000000000003,,,1600,volatile,24.898963839537675,-575.3305027978649,2690,46.09665427509294,0.9287313938719473,16.539618074119346,-0.3242529018985765,-0.4529866160616601,0
gen0_id0269,ma,0.022,,20.0,rr,1.1,,,1500,trending,24.853150366376163,-1226.8298327315,2690,46.09665427509294,0.8378959308480728,16.56772813713086,-0.8143029785649788,-1.0303410958117953,0
gen0_id0267,chandelier,,1.5,20.0,rr,3.5,,,1200,any,24.837408070610696,-431.4978770983994,2690,46.09665427509294,0.9287313938719475,16.53961807411935,-0.3242529018985765,-0.4529866160616601,0
gen8_cross_4152,fixed,0.019,,,rr,3.9000000000000004,,2.5,800,ranging,24.83120838448226,-513.1002322547649,2690,46.09665427509294,0.8796044674606633,17.590129721385722,-0.5564198555133354,-0.7281520350358183,8
gen0_id0043,trailing,0.016,,25.0,rr,2.6,,,2000,ranging,24.77614819005484,-719.1631284973314,2690,46.09665427509294,0.9287313938719476,16.539618074119346,-0.3242529018985765,-0.4529866160616601,0
gen1_cross_3459,ma,0.013000000000000001,,,fixed,2.1,0.015,,800,any,24.70165214558311,-251.2299398098187,2690,46.09665427509294,0.9377581840670421,16.539618074119346,-0.2799837693451372,-0.39561191257682315,1
gen0_id0153,trailing,0.008,,35.0,fixed,,0.05,,1900,ranging,24.684692357391935,-596.6711070483193,2690,46.09665427509294,0.9377581840670424,16.53961807411936,-0.2799837693451372,-0.39561191257682315,0
gen7_cross_5708,fixed,0.016,,,rr,3.0,,,800,any,24.66439171845928,-369.73740504178113,2690,46.09665427509294,0.9102235946519901,17.08954228069182,-0.41117591784536295,-0.5609096755031463,7
gen7_cross_1917,fixed,0.021,,,rr,3.3000000000000003,,2.5,1100,ranging,24.650450431305096,-791.2928367724458,2690,46.09665427509294,0.8669142882944578,17.59012972138572,-0.6164913818757537,-0.7913920012471087,7
gen0_id0148,fixed,0.024,,,atr,,,2.0,1400,ranging,24.627250064332554,-1125.8661150168161,2690,46.09665427509294,0.8535186167550517,17.590129721385715,-0.6792241119035924,-0.8527699168352588,0
gen0_id0295,trailing,0.022,,15.0,atr,,,2.5,1000,volatile,24.552631300285,-314.0374247622733,2690,46.09665427509294,0.9377581840670425,16.539618074119346,-0.2799837693451372,-0.39561191257682315,0
gen6_cross_8336,chandelier,0.005,,,rr,3.0,,,800,ranging,24.53544090619954,-287.66525139893247,2690,46.09665427509294,0.9287313938719473,16.539618074119346,-0.3242529018985765,-0.4529866160616601,6
gen0_id0180,fixed,0.021,,,fixed,,0.01,,900,trending,24.517745702173492,-647.4214119047282,2690,46.09665427509294,0.8669142882944578,17.590129721385722,-0.616491381875754,-0.7913920012471091,0
gen9_cross_3112,chandelier,0.005,2.5,40.0,rr,3.9000000000000004,,2.5,800,ranging,24.49073539028916,-287.66525139893247,2690,46.09665427509294,0.9287313938719473,16.539618074119346,-0.3242529018985765,-0.4529866160616601,9
gen0_id0140,ma,0.022,,40.0,atr,,,2.75,1200,any,24.453307821595267,-376.84490971472815,2690,46.09665427509294,0.9377581840670424,16.53961807411935,-0.2799837693451372,-0.39561191257682315,0
gen0_id0182,fixed,0.018000000000000002,,,fixed,,0.01,,1600,volatile,24.430647350037095,-967.6183480311224,2690,46.09665427509294,0.8856917833451469,17.630029542643076,-0.5275138210933825,-0.6963828145932784,0
gen0_id0129,fixed,0.017,,,fixed,,0.04,,1000,any,24.395334437350773,-548.9904060781597,2690,46.09665427509294,0.8951277691183631,17.501411473880943,-0.48266514790689397,-0.6454389286412493,0
gen0_id0084,atr,,1.75,25.0,rr,1.3,,,1300,volatile,24.3685076734532,-893.0716006301818,2690,46.09665427509294,0.8638418084589892,16.539618074119346,-0.6671035677668706,-0.8654278761172559,0
gen9_cross_9967,fixed,0.017,,,rr,3.9000000000000004,0.015,,800,ranging,24.344687148349,-439.1923248625278,2690,46.09665427509294,0.8951277691183628,17.501411473880943,-0.4826651479068938,-0.645438928641249,9
gen0_id0181,fixed,0.025,,,rr,3.0,,,1100,ranging,24.34112099178114,-905.8714395575357,2690,46.09665427509294,0.8505240851770003,17.590129721385715,-0.6930742576527154,-0.8655384861555071,0
gen0_id0186,fixed,0.016,,,rr,3.8000000000000003,,,1500,trending,24.337474947675418,-693.2576344533395,2690,46.09665427509294,0.91022359465199,17.089542280691816,-0.41117591784536256,-0.5609096755031457,0
gen0_id0101,fixed,0.024,,,fixed,,0.01,,1700,ranging,24.324833688131477,-1367.1231396632772,2690,46.09665427509294,0.8535186167550518,17.590129721385708,-0.6792241119035923,-0.8527699168352587,0
gen0_id0297,atr,,2.75,50.0,rr,1.2000000000000002,,,900,volatile,24.271972117656702,-662.8392156145633,2690,46.09665427509294,0.8540290169319836,16.539618074119346,-0.7222940435435383,-0.9277984410747097,0
gen0_id0050,fixed,0.021,,,fixed,,0.04,,1100,ranging,24.191208281937296,-791.2928367724458,2690,46.09665427509294,0.8669142882944578,17.59012972138572,-0.6164913818757537,-0.7913920012471087,0
gen8_cross_3472,fixed,0.019,,,rr,3.9000000000000004,,,1100,ranging,24.18460316325951,-705.5128193503019,2690,46.09665427509294,0.8796044674606635,17.590129721385722,-0.5564198555133354,-0.7281520350358183,8
gen4_cross_7177,atr,0.005,2.5,,rr,3.0,,,1100,trending,24.180019324461927,-395.539720673532,2690,46.09665427509294,0.9287313938719476,16.539618074119353,-0.3242529018985765,-0.4529866160616601,4
gen1_cross_9141,atr,0.011,,30.0,fixed,1.9000000000000001,0.025,,900,trending,24.14079262841976,-282.63368228604634,2690,46.09665427509294,0.9377581840670427,16.539618074119346,-0.2799837693451372,-0.39561191257682304,1
gen1_cross_4498,fixed,0.022,,,fixed,,0.035,2.5,2000,ranging,24.135318405526363,-1514.3587440151985,2690,46.09665427509294,0.8608903287653825,17.59012972138573,-0.6448580294663427,-0.8198921007969021,1
gen1_cross_2363,fixed,0.023,,35.0,atr,,0.045,,900,any,24.120286036699728,-701.779034615509,2690,46.09665427509294,0.8573345170870387,17.590129721385722,-0.6614565311159052,-0.8359167419227517,1
gen2_cross_7731,chandelier,0.005,,,fixed,,,,800,trending,24.11050953351307,-251.2299398098187,2690,46.09665427509294,0.9377581840670421,16.539618074119346,-0.2799837693451372,-0.39561191257682315,2
gen0_id0069,fixed,0.021,,,rr,1.7000000000000002,,,2000,ranging,24.107441905881068,-1438.7142486771743,2690,46.09665427509294,0.8669142882944579,17.59012972138573,-0.616491381875754,-0.7913920012471091,0
gen7_cross_4519,fixed,0.018000000000000002,,,rr,3.5,,2.5,800,ranging,24.07119727738771,-483.8091740155612,2690,46.09665427509294,0.8856917833451469,17.630029542643076,-0.5275138210933825,-0.6963828145932784,7
gen0_id0248,chandelier,,1.0,40.0,atr,,,3.0,800,ranging,24.07016847853007,-251.2299398098187,2690,46.09665427509294,0.9377581840670421,16.539618074119346,-0.2799837693451372,-0.39561191257682315,0
gen3_cross_4642,fixed,0.021,,,rr,3.0,,,800,volatile,24.041482652420253,-575.4856994708696,2690,46.09665427509294,0.8669142882944578,17.59012972138572,-0.6164913818757537,-0.7913920012471086,3
gen0_id0046,chandelier,,1.0,15.0,rr,2.7,,,900,volatile,23.983265285836932,-323.6234078237993,2690,46.09665427509294,0.9287313938719476,16.539618074119353,-0.3242529018985765,-0.45298661606166,0
gen2_cross_6997,atr,0.006,,30.0,fixed,,0.015,,1800,trending,23.801638474260585,-565.2673645720927,2690,46.09665427509294,0.9377581840670427,16.539618074119346,-0.2799837693451372,-0.39561191257682304,2
gen1_cross_5718,fixed,0.023,,30.0,fixed,,0.025,,1800,ranging,23.764272679181055,-1403.558069231018,2690,46.09665427509294,0.8573345170870387,17.590129721385722,-0.6614565311159052,-0.8359167419227517,1
gen1_cross_7639,fixed,0.023,,35.0,fixed,,,,2000,ranging,23.69795662308407,-1559.5089658122424,2690,46.09665427509294,0.8573345170870389,17.59012972138573,-0.6614565311159052,-0.8359167419227517,1
gen0_id0138,fixed,0.024,,,rr,2.0,,,1300,trending,23.69000264566931,-1045.4471068013295,2690,46.09665427509294,0.8535186167550518,17.590129721385726,-0.6792241119035927,-0.8527699168352592,0
gen1_cross_8744,fixed,,2.5,,rr,,,,1300,trending,23.682902625765024,-408.24865219095545,2690,46.09665427509294,0.9377581840670424,16.539618074119343,-0.2799837693451372,-0.39561191257682315,1
gen0_id0019,trailing,0.016,,30.0,rr,1.3,,,1200,trending,23.67551028428131,-824.3737851970911,2690,46.09665427509294,0.8638418084589892,16.53961807411935,-0.6671035677668709,-0.8654278761172562,0
gen0_id0221,trailing,0.014,,20.0,rr,1.1,,,1700,volatile,23.63129699113284,-1390.4071437623659,2690,46.09665427509294,0.8378959308480726,16.567728137130853,-0.8143029785649789,-1.0303410958117953,0
gen9_cross_2739,ma,0.005,,,rr,3.9000000000000004,,,800,any,23.51845829929488,-287.66525139893247,2690,46.09665427509294,0.9287313938719473,16.539618074119346,-0.3242529018985765,-0.4529866160616601,9
gen8_cross_2074,fixed,0.018000000000000002,,,rr,3.5,,,800,ranging,23.391089745243793,-483.8091740155612,2690,46.09665427509294,0.8856917833451469,17.630029542643076,-0.5275138210933825,-0.6963828145932784,8
gen3_cross_5881,ma,0.006,,,rr,3.0,,,800,ranging,23.352911708913783,-287.66525139893247,2690,46.09665427509294,0.9287313938719473,16.539618074119346,-0.3242529018985765,-0.4529866160616601,3
gen0_id0260,trailing,0.015,,25.0,rr,3.7,,,1600,trending,23.29947028249474,-575.3305027978649,2690,46.09665427509294,0.9287313938719473,16.539618074119346,-0.3242529018985765,-0.4529866160616601,0
gen0_id0096,ma,0.014,,20.0,rr,1.1,,,1500,ranging,23.278589797958006,-1226.8298327315,2690,46.09665427509294,0.8378959308480728,16.56772813713086,-0.8143029785649788,-1.0303410958117953,0
gen0_id0039,chandelier,,2.5,50.0,rr,1.2000000000000002,,,900,trending,23.272777917171457,-662.8392156145633,2690,46.09665427509294,0.8540290169319836,16.539618074119346,-0.7222940435435383,-0.9277984410747097,0
gen0_id0162,chandelier,,2.5,45.0,atr,,,3.0,1500,ranging,23.218391639499078,-471.0561371434103,2690,46.09665427509294,0.9377581840670424,16.53961807411934,-0.2799837693451372,-0.39561191257682315,0
gen0_id0183,fixed,0.021,,,rr,2.4000000000000004,,,1800,ranging,23.167665106540074,-1294.8428238094564,2690,46.09665427509294,0.8669142882944578,17.590129721385722,-0.616491381875754,-0.7913920012471091,0
gen0_id0133,fixed,0.018000000000000002,,,fixed,,0.02,,1200,trending,23.149879398608746,-725.7137610233422,2690,46.09665427509294,0.8856917833451471,17.63002954264307,-0.5275138210933825,-0.6963828145932784,0
gen0_id0146,fixed,0.024,,,atr,,,1.75,1500,volatile,23.132901469699522,-1206.285123232304,2690,46.09665427509294,0.8535186167550517,17.590129721385715,-0.6792241119035923,-0.8527699168352587,0
gen0_id0022,chandelier,,2.5,30.0,rr,1.2000000000000002,,,1200,trending,23.06733610529893,-883.7856208194167,2690,46.09665427509294,0.8540290169319835,16.53961807411935,-0.7222940435435384,-0.9277984410747099,0
gen1_cross_8796,fixed,0.023,,30.0,fixed,,0.015,,1700,volatile,22.915026379950284,-1325.5826209404056,2690,46.09665427509294,0.8573345170870387,17.590129721385708,-0.661456531115905,-0.8359167419227513,1
gen8_cross_7839,fixed,0.023,,40.0,rr,3.9000000000000004,,,900,ranging,22.914694112850853,-701.779034615509,2690,46.09665427509294,0.8573345170870387,17.590129721385722,-0.6614565311159052,-0.8359167419227517,8
gen3_cross_2620,fixed,0.023,,,rr,3.0,,,800,ranging,22.84028948873404,-623.8035863248972,2690,46.09665427509294,0.8573345170870387,17.590129721385722,-0.6614565311159049,-0.8359167419227513,3
gen0_id0246,fixed,0.02,,,fixed,,0.04,,1200,trending,22.593451953285324,-816.7592366989934,2690,46.09665427509294,0.8731699124221796,17.59012972138572,-0.5869229807362715,-0.7607485794127453,0
gen6_cross_4996,fixed,0.022,,,rr,3.0,,,800,ranging,22.567169664615495,-605.7434976060795,2690,46.09665427509294,0.8608903287653825,17.590129721385722,-0.6448580294663423,-0.8198921007969014,6
gen4_cross_9946,fixed,0.019,1.25,,rr,3.0,0.015,2.5,1000,ranging,22.524628043400003,-641.3752903184563,2690,46.09665427509294,0.8796044674606636,17.59012972138572,-0.5564198555133355,-0.7281520350358185,4
gen9_cross_7171,fixed,0.024,,40.0,rr,3.9000000000000004,,2.5,1700,ranging,21.703823241071923,-1367.1231396632772,2690,46.09665427509294,0.8535186167550518,17.590129721385708,-0.6792241119035923,-0.8527699168352587,9
gen2_cross_6893,fixed,0.024,,,atr,,,2.5,1800,trending,21.26815881136748,-1447.542147878764,2690,46.09665427509294,0.8535186167550519,17.590129721385722,-0.6792241119035924,-0.8527699168352588,2
