timestamp,open,high,low,close,volume,longSig,shortSig
2025-12-25 09:39:39.764404+00:00,87436.6,87524.03659999999,87349.1634,87436.6,1000.0,1,0
2025-12-25 09:40:39.340487+00:00,87450.8,87538.2508,87363.3492,87450.8,1000.0,0,0
2025-12-25 09:41:39.730041+00:00,87442.7,87530.14269999998,87355.2573,87442.7,1000.0,0,0
2025-12-25 09:42:39.613146+00:00,87436.6,87524.03659999999,87349.1634,87436.6,1000.0,0,0
2025-12-25 09:43:40.026734+00:00,87436.5,87523.9365,87349.0635,87436.5,1000.0,0,0
2025-12-25 09:44:40.228747+00:00,87447.2,87534.64719999999,87359.7528,87447.2,1000.0,0,0
2025-12-25 09:45:40.699183+00:00,87473.6,87561.0736,87386.12640000001,87473.6,1000.0,0,0
2025-12-25 09:46:41.104561+00:00,87480.6,87568.0806,87393.11940000001,87480.6,1000.0,0,0
2025-12-25 09:47:41.182813+00:00,87458.4,87545.85839999998,87370.94159999999,87458.4,1000.0,0,0
2025-12-25 09:48:41.906519+00:00,87482.9,87570.38289999998,87395.41709999999,87482.9,1000.0,0,0
2025-12-25 09:49:42.330684+00:00,87482.7,87570.18269999999,87395.2173,87482.7,1000.0,0,0
2025-12-25 09:50:42.880431+00:00,87476.8,87564.27679999999,87389.3232,87476.8,1000.0,0,0
2025-12-25 09:51:44.789732+00:00,87485.7,87573.18569999999,87398.21429999999,87485.7,1000.0,0,0
2025-12-25 09:52:45.114549+00:00,87487.0,87574.487,87399.513,87487.0,1000.0,0,0
2025-12-25 09:53:45.390390+00:00,87487.0,87574.487,87399.513,87487.0,1000.0,0,0
2025-12-25 09:54:45.526694+00:00,87506.8,87594.30679999999,87419.2932,87506.8,1000.0,0,0
2025-12-25 09:55:46.370291+00:00,87482.2,87569.68219999998,87394.7178,87482.2,1000.0,0,0
2025-12-25 09:56:47.071059+00:00,87477.7,87565.17769999999,87390.2223,87477.7,1000.0,0,0
2025-12-25 09:57:47.111368+00:00,87482.0,87569.48199999999,87394.518,87482.0,1000.0,0,0
2025-12-25 09:58:47.201485+00:00,87482.1,87569.5821,87394.61790000001,87482.1,1000.0,0,0
2025-12-25 09:59:47.401904+00:00,87482.1,87569.5821,87394.61790000001,87482.1,1000.0,0,0
2025-12-25 10:00:47.388250+00:00,87487.9,87575.38789999999,87400.4121,87487.9,1000.0,0,0
2025-12-25 10:01:47.771984+00:00,87487.1,87574.58709999999,87399.61290000001,87487.1,1000.0,0,0
2025-12-25 10:02:48.551376+00:00,87468.0,87555.468,87380.532,87468.0,1000.0,0,0
2025-12-25 10:03:48.747748+00:00,87468.0,87555.468,87380.532,87468.0,1000.0,0,0
2025-12-25 10:04:49.136932+00:00,87431.6,87519.0316,87344.16840000001,87431.6,1000.0,0,0
2025-12-25 10:05:49.191401+00:00,87436.9,87524.33689999998,87349.4631,87436.9,1000.0,0,0
2025-12-25 10:06:49.314719+00:00,87425.1,87512.5251,87337.67490000001,87425.1,1000.0,0,0
2025-12-25 10:07:49.594875+00:00,87425.9,87513.32589999998,87338.47409999999,87425.9,1000.0,0,0
2025-12-25 10:08:49.617781+00:00,87425.9,87513.32589999998,87338.47409999999,87425.9,1000.0,0,0
2025-12-25 10:09:49.860601+00:00,87421.9,87509.32189999998,87334.4781,87421.9,1000.0,0,0
2025-12-25 10:10:50.381722+00:00,87366.5,87453.86649999999,87279.1335,87366.5,1000.0,0,0
2025-12-25 10:11:50.987939+00:00,87400.0,87487.4,87312.6,87400.0,1000.0,0,0
2025-12-25 10:12:51.440896+00:00,87416.3,87503.7163,87328.8837,87416.3,1000.0,0,0
2025-12-25 10:13:51.756515+00:00,87354.0,87441.35399999999,87266.646,87354.0,1000.0,0,0
2025-12-25 10:14:52.095671+00:00,87360.1,87447.4601,87272.7399,87360.1,1000.0,0,0
2025-12-25 10:15:52.261751+00:00,87330.7,87418.03069999999,87243.36929999999,87330.7,1000.0,0,0
2025-12-25 10:16:52.713634+00:00,87352.2,87439.55219999999,87264.8478,87352.2,1000.0,0,0
2025-12-25 10:17:53.503950+00:00,87353.5,87440.8535,87266.1465,87353.5,1000.0,0,0
2025-12-25 10:18:53.774668+00:00,87348.1,87435.4481,87260.7519,87348.1,1000.0,0,0
2025-12-25 10:19:54.014973+00:00,87390.0,87477.38999999998,87302.61,87390.0,1000.0,0,0
2025-12-25 10:20:54.207634+00:00,87414.8,87502.21479999999,87327.3852,87414.8,1000.0,0,0
2025-12-25 10:21:54.987740+00:00,87389.9,87477.28989999999,87302.5101,87389.9,1000.0,0,0
2025-12-25 10:22:55.395248+00:00,87397.2,87484.59719999999,87309.80279999999,87397.2,1000.0,0,0
2025-12-25 10:23:55.441145+00:00,87401.7,87489.10169999998,87314.2983,87401.7,1000.0,0,0
2025-12-25 10:24:55.456136+00:00,87406.8,87494.2068,87319.3932,87406.8,1000.0,0,0
2025-12-25 10:25:56.207851+00:00,87406.8,87494.2068,87319.3932,87406.8,1000.0,0,0
2025-12-25 10:26:56.908178+00:00,87406.8,87494.2068,87319.3932,87406.8,1000.0,0,0
2025-12-25 10:27:57.231751+00:00,87376.6,87463.9766,87289.2234,87376.6,1000.0,0,0
2025-12-25 10:28:57.646874+00:00,87387.2,87474.5872,87299.8128,87387.2,1000.0,0,0
2025-12-25 10:29:58.055566+00:00,87387.2,87474.5872,87299.8128,87387.2,1000.0,0,0
2025-12-25 10:30:58.280253+00:00,87370.1,87457.47009999999,87282.7299,87370.1,1000.0,0,0
2025-12-25 10:31:58.685909+00:00,87387.2,87474.5872,87299.8128,87387.2,1000.0,0,0
2025-12-25 10:32:58.903046+00:00,87376.9,87464.27689999998,87289.52309999999,87376.9,1000.0,0,0
2025-12-25 10:33:59.095341+00:00,87382.8,87470.1828,87295.4172,87382.8,1000.0,0,0
2025-12-25 10:34:59.263978+00:00,87380.2,87467.58019999998,87292.8198,87380.2,1000.0,0,0
2025-12-25 10:35:59.433574+00:00,87306.3,87393.6063,87218.9937,87306.3,1000.0,0,0
2025-12-25 14:45:33.704690+00:00,87590.6,87678.1906,87503.00940000001,87590.6,1000.0,0,0
2025-12-25 14:46:34.149044+00:00,87599.9,87687.49989999998,87512.3001,87599.9,1000.0,0,0
2025-12-25 14:47:34.965469+00:00,87600.0,87687.59999999999,87512.4,87600.0,1000.0,0,0
2025-12-25 14:48:35.725919+00:00,87614.9,87702.51489999998,87527.2851,87614.9,1000.0,0,0
2025-12-25 14:49:35.903131+00:00,87699.9,87787.59989999999,87612.20009999999,87699.9,1000.0,0,0
2025-12-25 14:50:36.136973+00:00,87712.0,87799.71199999998,87624.288,87712.0,1000.0,0,0
2025-12-25 14:51:36.449849+00:00,87671.3,87758.97129999999,87583.6287,87671.3,1000.0,0,0
2025-12-25 14:52:36.493493+00:00,87673.2,87760.87319999999,87585.52679999999,87673.2,1000.0,0,0
2025-12-25 14:53:36.833345+00:00,87671.9,87759.57189999998,87584.2281,87671.9,1000.0,0,0
2025-12-25 14:54:37.860898+00:00,87670.3,87757.97029999999,87582.6297,87670.3,1000.0,0,0
2025-12-25 14:55:38.449825+00:00,87670.4,87758.07039999998,87582.72959999999,87670.4,1000.0,0,0
2025-12-25 14:56:39.067084+00:00,87668.7,87756.36869999999,87581.0313,87668.7,1000.0,0,0
2025-12-25 14:57:39.605570+00:00,87674.9,87762.57489999998,87587.2251,87674.9,1000.0,0,0
2025-12-25 14:58:40.774954+00:00,87675.1,87762.7751,87587.42490000001,87675.1,1000.0,0,0
2025-12-25 14:59:41.535488+00:00,87672.1,87759.7721,87584.42790000001,87672.1,1000.0,0,0
2025-12-25 15:00:42.383357+00:00,87700.0,87787.7,87612.3,87700.0,1000.0,0,0
2025-12-25 15:01:42.535590+00:00,87714.4,87802.11439999999,87626.6856,87714.4,1000.0,0,0
2025-12-25 15:02:43.076721+00:00,87693.9,87781.59389999998,87606.2061,87693.9,1000.0,0,0
2025-12-25 15:03:43.221828+00:00,87723.3,87811.02329999999,87635.5767,87723.3,1000.0,0,0
2025-12-25 15:04:43.319340+00:00,87723.7,87811.42369999998,87635.9763,87723.7,1000.0,0,0
2025-12-25 15:05:43.480268+00:00,87690.0,87777.68999999999,87602.31,87690.0,1000.0,0,0
2025-12-25 15:06:43.817024+00:00,87679.4,87767.07939999999,87591.7206,87679.4,1000.0,0,0
2025-12-25 15:07:44.141714+00:00,87715.8,87803.5158,87628.0842,87715.8,1000.0,0,0
2025-12-25 15:08:44.477928+00:00,87744.9,87832.64489999998,87657.15509999999,87744.9,1000.0,0,0
2025-12-25 15:09:44.731415+00:00,87707.0,87794.707,87619.293,87707.0,1000.0,0,0
2025-12-25 15:10:45.058107+00:00,87709.5,87797.2095,87621.7905,87709.5,1000.0,0,0
2025-12-25 15:11:45.116196+00:00,87703.1,87790.80309999999,87615.3969,87703.1,1000.0,0,0
2025-12-25 15:12:45.366734+00:00,87730.0,87817.73,87642.27,87730.0,1000.0,0,0
2025-12-25 15:13:45.750396+00:00,87730.1,87817.83009999999,87642.3699,87730.1,1000.0,0,0
2025-12-25 15:14:46.035402+00:00,87731.0,87818.73099999999,87643.269,87731.0,1000.0,0,0
2025-12-25 15:15:46.116186+00:00,87748.6,87836.3486,87660.8514,87748.6,1000.0,0,0
2025-12-25 15:16:46.454797+00:00,87719.8,87807.5198,87632.0802,87719.8,1000.0,0,0
2025-12-25 15:17:46.763951+00:00,87733.6,87821.3336,87645.8664,87733.6,1000.0,0,0
2025-12-25 15:18:47.423293+00:00,87732.4,87820.13239999999,87644.6676,87732.4,1000.0,0,0
2025-12-25 15:19:47.811313+00:00,87772.4,87860.17239999998,87684.62759999999,87772.4,1000.0,0,0
2025-12-25 15:20:48.120886+00:00,87784.7,87872.48469999999,87696.9153,87784.7,1000.0,0,0
2025-12-25 15:21:48.266544+00:00,87828.9,87916.72889999999,87741.0711,87828.9,1000.0,0,0
2025-12-25 15:22:48.453310+00:00,87821.9,87909.72189999999,87734.0781,87821.9,1000.0,0,0
2025-12-25 15:23:48.621599+00:00,87803.1,87890.9031,87715.2969,87803.1,1000.0,0,0
2025-12-25 15:24:49.109070+00:00,87802.8,87890.6028,87714.9972,87802.8,1000.0,0,0
2025-12-25 15:25:49.375274+00:00,87809.8,87897.60979999999,87721.9902,87809.8,1000.0,0,0
2025-12-25 15:26:49.441553+00:00,88051.1,88139.1511,87963.04890000001,88051.1,1000.0,0,0
2025-12-25 15:27:49.757451+00:00,88047.2,88135.24719999998,87959.1528,88047.2,1000.0,0,0
2025-12-25 15:28:49.947580+00:00,88045.0,88133.04499999998,87956.955,88045.0,1000.0,0,0
2025-12-25 15:29:50.049106+00:00,88035.3,88123.33529999999,87947.2647,88035.3,1000.0,0,0
2025-12-25 15:30:50.283109+00:00,88023.8,88111.8238,87935.77620000001,88023.8,1000.0,0,0
2025-12-25 15:31:50.594337+00:00,88010.1,88098.11009999999,87922.0899,88010.1,1000.0,0,0
2025-12-25 15:32:50.857883+00:00,88068.2,88156.26819999999,87980.1318,88068.2,1000.0,0,0
2025-12-25 15:33:51.015336+00:00,88012.4,88100.41239999999,87924.38759999999,88012.4,1000.0,0,0
2025-12-25 15:34:51.303033+00:00,87981.0,88068.98099999999,87893.019,87981.0,1000.0,0,0
2025-12-25 15:35:51.536820+00:00,87929.1,88017.0291,87841.17090000001,87929.1,1000.0,0,0
2025-12-25 15:36:51.903019+00:00,87921.6,88009.5216,87833.6784,87921.6,1000.0,0,0
2025-12-25 15:37:52.708977+00:00,87949.7,88037.6497,87861.7503,87949.7,1000.0,0,0
2025-12-25 15:38:52.878247+00:00,88005.8,88093.80579999999,87917.7942,88005.8,1000.0,0,0
2025-12-25 15:39:53.120183+00:00,88042.5,88130.5425,87954.4575,88042.5,1000.0,0,0
2025-12-25 15:40:53.164417+00:00,88119.0,88207.11899999999,88030.881,88119.0,1000.0,0,0
2025-12-25 15:41:53.476923+00:00,88120.8,88208.92079999999,88032.6792,88120.8,1000.0,0,0
2025-12-25 15:42:53.668692+00:00,88063.9,88151.96389999999,87975.8361,88063.9,1000.0,0,0
2025-12-25 15:43:53.905296+00:00,88405.2,88493.60519999999,88316.7948,88405.2,1000.0,0,0
2025-12-25 15:44:54.175548+00:00,88490.6,88579.0906,88402.1094,88490.6,1000.0,0,0
2025-12-25 15:45:54.319838+00:00,88411.3,88499.7113,88322.8887,88411.3,1000.0,0,0
2025-12-25 15:46:54.388693+00:00,88357.3,88445.65729999999,88268.9427,88357.3,1000.0,0,0
2025-12-25 15:47:54.545809+00:00,88432.0,88520.43199999999,88343.568,88432.0,1000.0,0,0
2025-12-25 15:48:54.609918+00:00,88423.2,88511.62319999999,88334.77679999999,88423.2,1000.0,0,0
2025-12-25 15:49:54.718129+00:00,88358.8,88447.15879999999,88270.4412,88358.8,1000.0,0,0
2025-12-25 15:50:54.722864+00:00,88422.2,88510.62219999998,88333.7778,88422.2,1000.0,0,0
2025-12-25 15:51:54.934984+00:00,88479.1,88567.5791,88390.62090000001,88479.1,1000.0,0,0
2025-12-25 15:52:55.032918+00:00,88485.0,88573.48499999999,88396.515,88485.0,1000.0,0,0
2025-12-25 15:53:55.592291+00:00,88475.5,88563.97549999999,88387.0245,88475.5,1000.0,0,0
2025-12-25 15:54:55.794238+00:00,88368.3,88456.66829999999,88279.9317,88368.3,1000.0,0,0
2025-12-25 15:55:55.964766+00:00,88301.4,88389.70139999999,88213.0986,88301.4,1000.0,0,0
2025-12-25 15:56:56.182461+00:00,88335.9,88424.23589999999,88247.56409999999,88335.9,1000.0,0,0
2025-12-25 15:57:56.223153+00:00,88263.8,88352.06379999999,88175.5362,88263.8,1000.0,0,0
2025-12-25 15:58:56.238652+00:00,88291.6,88379.8916,88203.30840000001,88291.6,1000.0,0,0
2025-12-25 15:59:56.486944+00:00,88288.0,88376.28799999999,88199.712,88288.0,1000.0,0,0
2025-12-25 16:00:56.595531+00:00,88396.2,88484.59619999999,88307.8038,88396.2,1000.0,0,0
2025-12-25 16:01:56.810148+00:00,88314.0,88402.31399999998,88225.686,88314.0,1000.0,0,0
2025-12-25 16:02:57.081023+00:00,88300.5,88388.80049999998,88212.1995,88300.5,1000.0,0,0
2025-12-25 16:03:57.484679+00:00,88262.8,88351.0628,88174.5372,88262.8,1000.0,0,0
2025-12-25 16:04:57.530999+00:00,88249.8,88338.0498,88161.5502,88249.8,1000.0,0,0
2025-12-25 16:05:57.765501+00:00,88263.7,88351.9637,88175.4363,88263.7,1000.0,0,0
2025-12-25 16:06:57.936930+00:00,88271.9,88360.17189999999,88183.62809999999,88271.9,1000.0,0,0
2025-12-25 16:07:58.338463+00:00,88270.1,88358.3701,88181.82990000001,88270.1,1000.0,0,0
2025-12-25 16:08:58.625609+00:00,88187.6,88275.7876,88099.4124,88187.6,1000.0,0,0
2025-12-25 16:09:58.777363+00:00,88131.8,88219.93179999999,88043.6682,88131.8,1000.0,0,0
2025-12-25 16:10:58.920697+00:00,88190.6,88278.7906,88102.4094,88190.6,1000.0,0,0
2025-12-25 16:11:59.422323+00:00,88190.0,88278.18999999999,88101.81,88190.0,1000.0,0,0
2025-12-25 16:12:59.466839+00:00,88193.4,88281.59339999998,88105.20659999999,88193.4,1000.0,0,0
2025-12-25 16:12:59.467211+00:00,88193.4,88281.59339999998,88105.20659999999,88193.4,1000.0,0,0
2025-12-25 16:13:59.486944+00:00,88248.7,88336.9487,88160.4513,88248.7,1000.0,0,0
2025-12-25 16:13:59.487290+00:00,88248.7,88336.9487,88160.4513,88248.7,1000.0,0,0
2025-12-25 16:15:00.344893+00:00,88275.3,88363.5753,88187.02470000001,88275.3,1000.0,0,0
2025-12-25 16:15:00.345258+00:00,88275.3,88363.5753,88187.02470000001,88275.3,1000.0,0,0
2025-12-25 16:16:00.558989+00:00,88345.1,88433.4451,88256.7549,88345.1,1000.0,0,0
2025-12-25 16:16:00.559588+00:00,88345.1,88433.4451,88256.7549,88345.1,1000.0,0,0
2025-12-25 16:17:00.936415+00:00,88365.0,88453.36499999999,88276.635,88365.0,1000.0,0,0
2025-12-25 16:17:00.936712+00:00,88365.0,88453.36499999999,88276.635,88365.0,1000.0,0,0
2025-12-25 16:18:01.039745+00:00,88369.5,88457.86949999999,88281.1305,88369.5,1000.0,0,0
2025-12-25 16:18:01.040116+00:00,88369.5,88457.86949999999,88281.1305,88369.5,1000.0,0,0
2025-12-25 16:19:01.338397+00:00,88342.6,88430.9426,88254.2574,88342.6,1000.0,0,0
2025-12-25 16:19:01.338740+00:00,88342.6,88430.9426,88254.2574,88342.6,1000.0,0,0
2025-12-25 16:20:01.909200+00:00,88340.0,88428.34,88251.66,88340.0,1000.0,0,0
2025-12-25 16:20:01.914420+00:00,88340.0,88428.34,88251.66,88340.0,1000.0,0,0
2025-12-25 16:21:02.333415+00:00,88309.2,88397.50919999999,88220.8908,88309.2,1000.0,0,0
2025-12-25 16:21:02.333749+00:00,88309.2,88397.50919999999,88220.8908,88309.2,1000.0,0,0
2025-12-25 16:22:02.574969+00:00,88343.4,88431.74339999998,88255.0566,88343.4,1000.0,0,0
2025-12-25 16:22:02.575297+00:00,88343.4,88431.74339999998,88255.0566,88343.4,1000.0,0,0
2025-12-25 16:23:03.262652+00:00,88347.5,88435.84749999999,88259.1525,88347.5,1000.0,0,0
2025-12-25 16:23:03.262945+00:00,88347.5,88435.84749999999,88259.1525,88347.5,1000.0,0,0
2025-12-25 16:24:03.360375+00:00,88368.0,88456.36799999999,88279.632,88368.0,1000.0,0,0
2025-12-25 16:24:03.360704+00:00,88368.0,88456.36799999999,88279.632,88368.0,1000.0,0,0
2025-12-25 16:25:03.389729+00:00,88442.6,88531.0426,88354.15740000001,88442.6,1000.0,0,0
2025-12-25 16:25:03.389989+00:00,88442.6,88531.0426,88354.15740000001,88442.6,1000.0,0,0
2025-12-25 16:26:03.396505+00:00,88398.3,88486.69829999999,88309.9017,88398.3,1000.0,0,0
2025-12-25 16:26:03.396748+00:00,88398.3,88486.69829999999,88309.9017,88398.3,1000.0,0,0
2025-12-25 16:27:03.484548+00:00,88412.1,88500.51209999999,88323.6879,88412.1,1000.0,0,0
2025-12-25 16:27:03.484803+00:00,88412.1,88500.51209999999,88323.6879,88412.1,1000.0,0,0
2025-12-25 16:28:03.835006+00:00,88376.7,88465.07669999999,88288.3233,88376.7,1000.0,0,0
2025-12-25 16:28:03.835326+00:00,88376.7,88465.07669999999,88288.3233,88376.7,1000.0,0,0
2025-12-25 16:29:03.884335+00:00,88376.7,88465.07669999999,88288.3233,88376.7,1000.0,0,0
2025-12-25 16:29:03.884647+00:00,88376.7,88465.07669999999,88288.3233,88376.7,1000.0,0,0
2025-12-25 16:30:04.061916+00:00,88399.9,88488.29989999998,88311.50009999999,88399.9,1000.0,0,0
2025-12-25 16:30:04.062307+00:00,88399.9,88488.29989999998,88311.50009999999,88399.9,1000.0,0,0
2025-12-25 16:31:04.391173+00:00,88390.5,88478.8905,88302.1095,88390.5,1000.0,0,0
2025-12-25 16:31:04.391479+00:00,88390.5,88478.8905,88302.1095,88390.5,1000.0,0,0
2025-12-25 17:21:18.647685+00:00,88097.7,88185.79769999998,88009.6023,88097.7,1000.0,0,0
2025-12-25 17:21:18.648021+00:00,88097.7,88185.79769999998,88009.6023,88097.7,1000.0,0,0
2025-12-25 17:22:18.939156+00:00,88088.0,88176.08799999999,87999.912,88088.0,1000.0,0,0
2025-12-25 17:23:19.740344+00:00,88088.0,88176.08799999999,87999.912,88088.0,1000.0,0,0
2025-12-25 17:24:19.846335+00:00,88100.0,88188.09999999999,88011.9,88100.0,1000.0,0,0
2025-12-25 17:24:19.846631+00:00,88100.0,88188.09999999999,88011.9,88100.0,1000.0,0,0
2025-12-25 17:25:20.137547+00:00,88093.3,88181.3933,88005.20670000001,88093.3,1000.0,0,0
2025-12-25 17:26:20.438073+00:00,88055.1,88143.15509999999,87967.04490000001,88055.1,1000.0,0,0
2025-12-25 17:27:20.540495+00:00,88016.0,88104.01599999999,87927.984,88016.0,1000.0,0,0
2025-12-25 17:28:20.618387+00:00,88010.0,88098.01,87921.99,88010.0,1000.0,0,0
2025-12-25 17:29:20.743972+00:00,88004.7,88092.70469999999,87916.69529999999,88004.7,1000.0,0,0
2025-12-25 17:30:20.800496+00:00,88006.3,88094.3063,87918.29370000001,88006.3,1000.0,0,0
2025-12-25 17:31:21.531543+00:00,88001.0,88089.00099999999,87912.999,88001.0,1000.0,0,0
2025-12-25 17:32:21.739676+00:00,88004.7,88092.70469999999,87916.69529999999,88004.7,1000.0,0,0
2025-12-25 17:33:22.154787+00:00,88014.6,88102.6146,87926.58540000001,88014.6,1000.0,0,0
2025-12-25 17:34:22.923645+00:00,88016.9,88104.91689999998,87928.88309999999,88016.9,1000.0,0,0
2025-12-25 17:35:23.042043+00:00,88050.0,88138.04999999999,87961.95,88050.0,1000.0,0,0
2025-12-25 17:36:23.634763+00:00,88037.4,88125.43739999998,87949.3626,88037.4,1000.0,0,0
2025-12-25 17:37:24.034159+00:00,88037.4,88125.43739999998,87949.3626,88037.4,1000.0,0,0
2025-12-25 17:38:24.406430+00:00,88037.5,88125.53749999999,87949.4625,88037.5,1000.0,0,0
2025-12-25 17:39:25.039682+00:00,88014.5,88102.51449999999,87926.4855,88014.5,1000.0,0,0
2025-12-25 17:40:25.197605+00:00,88008.4,88096.40839999999,87920.39159999999,88008.4,1000.0,0,0
2025-12-25 17:41:25.439370+00:00,88034.6,88122.63459999999,87946.5654,88034.6,1000.0,0,0
2025-12-25 17:42:25.604965+00:00,88025.5,88113.52549999999,87937.4745,88025.5,1000.0,0,0
2025-12-25 17:43:27.183026+00:00,88015.1,88103.1151,87927.0849,88015.1,1000.0,0,0
2025-12-25 17:44:27.625835+00:00,88020.0,88108.01999999999,87931.98,88020.0,1000.0,0,0
2025-12-25 17:45:27.753931+00:00,88000.1,88088.1001,87912.0999,88000.1,1000.0,0,0
2025-12-25 17:46:27.947111+00:00,88019.0,88107.01899999999,87930.981,88019.0,1000.0,0,0
2025-12-25 17:47:28.736534+00:00,88037.0,88125.037,87948.963,88037.0,1000.0,0,0
2025-12-25 17:48:29.003059+00:00,88046.3,88134.34629999999,87958.2537,88046.3,1000.0,0,0
2025-12-25 17:49:31.299022+00:00,88088.0,88176.08799999999,87999.912,88088.0,1000.0,0,0
2025-12-25 17:50:31.715207+00:00,88110.0,88198.10999999999,88021.89,88110.0,1000.0,0,0
2025-12-25 17:51:32.031374+00:00,88140.5,88228.6405,88052.3595,88140.5,1000.0,0,0
2025-12-25 17:51:32.031700+00:00,88140.5,88228.6405,88052.3595,88140.5,1000.0,0,0
2025-12-25 17:52:32.076179+00:00,88124.9,88213.02489999999,88036.7751,88124.9,1000.0,0,0
2025-12-25 17:52:32.076489+00:00,88124.9,88213.02489999999,88036.7751,88124.9,1000.0,0,0
2025-12-25 17:53:33.054952+00:00,88138.7,88226.8387,88050.5613,88138.7,1000.0,0,0
2025-12-25 17:53:33.055346+00:00,88138.7,88226.8387,88050.5613,88138.7,1000.0,0,0
2025-12-25 17:54:33.236418+00:00,88138.9,88227.03889999999,88050.76109999999,88138.9,1000.0,0,0
2025-12-25 17:54:33.236712+00:00,88138.9,88227.03889999999,88050.76109999999,88138.9,1000.0,0,0
2025-12-25 17:55:33.241883+00:00,88139.4,88227.53939999998,88051.2606,88139.4,1000.0,0,0
2025-12-25 17:55:33.242235+00:00,88139.4,88227.53939999998,88051.2606,88139.4,1000.0,0,0
2025-12-25 17:56:33.671661+00:00,88144.0,88232.14399999999,88055.856,88144.0,1000.0,0,0
2025-12-25 17:56:33.671972+00:00,88144.0,88232.14399999999,88055.856,88144.0,1000.0,0,0
2025-12-25 17:57:34.067034+00:00,88132.1,88220.2321,88043.9679,88132.1,1000.0,0,0
2025-12-25 17:57:34.067404+00:00,88132.1,88220.2321,88043.9679,88132.1,1000.0,0,0
2025-12-25 17:58:34.839204+00:00,88113.4,88201.51339999998,88025.28659999999,88113.4,1000.0,0,0
2025-12-25 17:58:34.839539+00:00,88113.4,88201.51339999998,88025.28659999999,88113.4,1000.0,0,0
2025-12-25 17:59:35.062309+00:00,88095.8,88183.8958,88007.70420000001,88095.8,1000.0,0,0
2025-12-25 18:00:35.629643+00:00,88115.4,88203.51539999999,88027.2846,88115.4,1000.0,0,0
2025-12-25 18:01:35.987437+00:00,88133.5,88221.6335,88045.3665,88133.5,1000.0,0,0
2025-12-25 18:01:35.987777+00:00,88133.5,88221.6335,88045.3665,88133.5,1000.0,0,0
2025-12-25 18:02:36.738975+00:00,88185.0,88273.18499999998,88096.815,88185.0,1000.0,0,0
2025-12-25 18:02:36.739304+00:00,88185.0,88273.18499999998,88096.815,88185.0,1000.0,0,0
2025-12-25 18:03:36.961675+00:00,88218.5,88306.71849999999,88130.2815,88218.5,1000.0,0,0
2025-12-25 18:03:36.962013+00:00,88218.5,88306.71849999999,88130.2815,88218.5,1000.0,0,0
2025-12-25 18:04:37.474988+00:00,88218.6,88306.8186,88130.38140000001,88218.6,1000.0,0,0
2025-12-25 18:04:37.475355+00:00,88218.6,88306.8186,88130.38140000001,88218.6,1000.0,0,0
2025-12-25 18:05:37.535400+00:00,88264.8,88353.0648,88176.5352,88264.8,1000.0,0,0
2025-12-25 18:05:37.535712+00:00,88264.8,88353.0648,88176.5352,88264.8,1000.0,0,0
2025-12-25 18:06:37.991009+00:00,88260.3,88348.5603,88172.03970000001,88260.3,1000.0,0,0
2025-12-25 18:06:37.991502+00:00,88260.3,88348.5603,88172.03970000001,88260.3,1000.0,0,0
2025-12-25 18:07:38.414397+00:00,88255.3,88343.55529999999,88167.0447,88255.3,1000.0,0,0
2025-12-25 18:07:38.414708+00:00,88255.3,88343.55529999999,88167.0447,88255.3,1000.0,0,0
2025-12-25 18:08:38.614799+00:00,88234.2,88322.43419999999,88145.96579999999,88234.2,1000.0,0,0
2025-12-25 18:08:38.615108+00:00,88234.2,88322.43419999999,88145.96579999999,88234.2,1000.0,0,0
2025-12-25 18:09:38.628911+00:00,88228.9,88317.12889999998,88140.67109999999,88228.9,1000.0,0,0
2025-12-25 18:09:38.629244+00:00,88228.9,88317.12889999998,88140.67109999999,88228.9,1000.0,0,0
2025-12-25 18:10:38.753981+00:00,88238.3,88326.5383,88150.0617,88238.3,1000.0,0,0
2025-12-25 18:10:38.754352+00:00,88238.3,88326.5383,88150.0617,88238.3,1000.0,0,0
2025-12-25 18:11:39.915319+00:00,88232.0,88320.23199999999,88143.768,88232.0,1000.0,0,0
2025-12-25 18:11:39.915750+00:00,88232.0,88320.23199999999,88143.768,88232.0,1000.0,0,0
2025-12-25 18:12:40.601639+00:00,88249.9,88338.14989999999,88161.6501,88249.9,1000.0,0,0
2025-12-25 18:12:40.602077+00:00,88249.9,88338.14989999999,88161.6501,88249.9,1000.0,0,0
2025-12-25 18:13:40.799605+00:00,88262.7,88350.96269999999,88174.43729999999,88262.7,1000.0,0,0
2025-12-25 18:13:40.799900+00:00,88262.7,88350.96269999999,88174.43729999999,88262.7,1000.0,0,0
2025-12-25 18:14:40.899492+00:00,88266.0,88354.26599999999,88177.734,88266.0,1000.0,0,0
2025-12-25 18:14:40.899810+00:00,88266.0,88354.26599999999,88177.734,88266.0,1000.0,0,0
2025-12-25 18:15:41.027601+00:00,88255.2,88343.45519999998,88166.9448,88255.2,1000.0,0,0
2025-12-25 18:15:41.027855+00:00,88255.2,88343.45519999998,88166.9448,88255.2,1000.0,0,0
2025-12-25 18:16:41.167634+00:00,88262.9,88351.16289999998,88174.63709999999,88262.9,1000.0,0,0
2025-12-25 18:16:41.167895+00:00,88262.9,88351.16289999998,88174.63709999999,88262.9,1000.0,0,0
2025-12-25 18:17:41.453411+00:00,88213.3,88301.51329999999,88125.0867,88213.3,1000.0,0,0
2025-12-25 18:17:41.453730+00:00,88213.3,88301.51329999999,88125.0867,88213.3,1000.0,0,0
2025-12-25 18:18:42.411315+00:00,88206.6,88294.8066,88118.3934,88206.6,1000.0,0,0
2025-12-25 18:18:42.411635+00:00,88206.6,88294.8066,88118.3934,88206.6,1000.0,0,0
2025-12-25 18:19:42.509198+00:00,88191.9,88280.09189999998,88103.70809999999,88191.9,1000.0,0,0
2025-12-25 18:19:42.509494+00:00,88191.9,88280.09189999998,88103.70809999999,88191.9,1000.0,0,0
2025-12-25 18:20:43.049090+00:00,88191.9,88280.09189999998,88103.70809999999,88191.9,1000.0,0,0
2025-12-25 18:20:43.049464+00:00,88191.9,88280.09189999998,88103.70809999999,88191.9,1000.0,0,0
2025-12-25 18:21:43.132313+00:00,88203.8,88292.00379999999,88115.5962,88203.8,1000.0,0,0
2025-12-25 18:21:43.132640+00:00,88203.8,88292.00379999999,88115.5962,88203.8,1000.0,0,0
2025-12-25 18:22:43.634913+00:00,88200.0,88288.2,88111.8,88200.0,1000.0,0,0
2025-12-25 18:22:43.635230+00:00,88200.0,88288.2,88111.8,88200.0,1000.0,0,0
2025-12-25 18:23:44.095533+00:00,88195.3,88283.4953,88107.1047,88195.3,1000.0,0,0
2025-12-25 18:23:44.095882+00:00,88195.3,88283.4953,88107.1047,88195.3,1000.0,0,0
2025-12-25 18:24:46.028596+00:00,88203.5,88291.70349999999,88115.2965,88203.5,1000.0,0,0
2025-12-25 18:24:46.028906+00:00,88203.5,88291.70349999999,88115.2965,88203.5,1000.0,0,0
2025-12-25 18:25:47.495036+00:00,88200.2,88288.40019999999,88111.99979999999,88200.2,1000.0,0,0
2025-12-25 18:25:47.495366+00:00,88200.2,88288.40019999999,88111.99979999999,88200.2,1000.0,0,0
2025-12-25 18:26:48.469907+00:00,88195.2,88283.39519999998,88107.0048,88195.2,1000.0,0,0
2025-12-25 18:26:48.470271+00:00,88195.2,88283.39519999998,88107.0048,88195.2,1000.0,0,0
2025-12-25 18:27:48.772272+00:00,88199.9,88288.09989999999,88111.70009999999,88199.9,1000.0,0,0
2025-12-25 18:27:48.772575+00:00,88199.9,88288.09989999999,88111.70009999999,88199.9,1000.0,0,0
2025-12-25 18:28:49.552546+00:00,88200.8,88289.0008,88112.5992,88200.8,1000.0,0,0
2025-12-25 18:28:49.552856+00:00,88200.8,88289.0008,88112.5992,88200.8,1000.0,0,0
2025-12-25 18:29:49.837364+00:00,88198.0,88286.19799999999,88109.802,88198.0,1000.0,0,0
2025-12-25 18:29:49.837652+00:00,88198.0,88286.19799999999,88109.802,88198.0,1000.0,0,0
2025-12-25 18:30:51.460709+00:00,88200.0,88288.2,88111.8,88200.0,1000.0,0,0
2025-12-25 18:30:51.461019+00:00,88200.0,88288.2,88111.8,88200.0,1000.0,0,0
2025-12-25 18:31:51.650307+00:00,88213.5,88301.71349999998,88125.2865,88213.5,1000.0,0,0
2025-12-25 18:31:51.650594+00:00,88213.5,88301.71349999998,88125.2865,88213.5,1000.0,0,0
2025-12-25 18:32:51.671900+00:00,88197.6,88285.79759999999,88109.4024,88197.6,1000.0,0,0
2025-12-25 18:32:51.672215+00:00,88197.6,88285.79759999999,88109.4024,88197.6,1000.0,0,0
2025-12-25 18:33:52.321986+00:00,88198.1,88286.2981,88109.90190000001,88198.1,1000.0,0,0
2025-12-25 18:33:52.322320+00:00,88198.1,88286.2981,88109.90190000001,88198.1,1000.0,0,0
2025-12-25 18:34:52.764502+00:00,88123.7,88211.8237,88035.5763,88123.7,1000.0,0,0
2025-12-25 18:34:52.764823+00:00,88123.7,88211.8237,88035.5763,88123.7,1000.0,0,0
2025-12-25 18:35:52.962263+00:00,88129.7,88217.82969999999,88041.57029999999,88129.7,1000.0,0,0
2025-12-25 18:35:52.962618+00:00,88129.7,88217.82969999999,88041.57029999999,88129.7,1000.0,0,0
2025-12-25 18:36:53.684897+00:00,88128.7,88216.82869999998,88040.5713,88128.7,1000.0,0,0
2025-12-25 18:36:53.685338+00:00,88128.7,88216.82869999998,88040.5713,88128.7,1000.0,0,0
2025-12-25 18:37:54.328103+00:00,88162.2,88250.36219999999,88074.03779999999,88162.2,1000.0,0,0
2025-12-25 18:37:54.328448+00:00,88162.2,88250.36219999999,88074.03779999999,88162.2,1000.0,0,0
2025-12-25 18:38:54.363263+00:00,88152.4,88240.55239999999,88064.24759999999,88152.4,1000.0,0,0
2025-12-25 18:38:54.363562+00:00,88152.4,88240.55239999999,88064.24759999999,88152.4,1000.0,0,0
2025-12-25 18:39:55.014287+00:00,88147.1,88235.2471,88058.9529,88147.1,1000.0,0,0
2025-12-25 18:39:55.014581+00:00,88147.1,88235.2471,88058.9529,88147.1,1000.0,0,0
2025-12-25 18:40:55.219943+00:00,88154.6,88242.7546,88066.44540000001,88154.6,1000.0,0,0
2025-12-25 18:40:55.220321+00:00,88154.6,88242.7546,88066.44540000001,88154.6,1000.0,0,0
2025-12-25 18:41:55.802775+00:00,88247.4,88335.64739999999,88159.1526,88247.4,1000.0,0,0
2025-12-25 18:41:55.803047+00:00,88247.4,88335.64739999999,88159.1526,88247.4,1000.0,0,0
2025-12-25 18:42:56.077187+00:00,88253.5,88341.75349999999,88165.2465,88253.5,1000.0,0,0
2025-12-25 18:42:56.077440+00:00,88253.5,88341.75349999999,88165.2465,88253.5,1000.0,0,0
2025-12-25 18:43:56.177050+00:00,88244.0,88332.24399999999,88155.756,88244.0,1000.0,0,0
2025-12-25 18:43:56.177366+00:00,88244.0,88332.24399999999,88155.756,88244.0,1000.0,0,0
2025-12-25 18:44:56.423849+00:00,88212.0,88300.21199999998,88123.788,88212.0,1000.0,0,0
2025-12-25 18:44:56.424171+00:00,88212.0,88300.21199999998,88123.788,88212.0,1000.0,0,0
2025-12-25 18:45:56.547405+00:00,88214.4,88302.61439999999,88126.1856,88214.4,1000.0,0,0
2025-12-25 18:45:56.547740+00:00,88214.4,88302.61439999999,88126.1856,88214.4,1000.0,0,0
2025-12-25 18:46:56.603681+00:00,88220.7,88308.92069999999,88132.47929999999,88220.7,1000.0,0,0
2025-12-25 18:46:56.604027+00:00,88220.7,88308.92069999999,88132.47929999999,88220.7,1000.0,0,0
2025-12-25 18:47:57.491124+00:00,88232.4,88320.63239999999,88144.1676,88232.4,1000.0,0,0
2025-12-25 18:47:57.491410+00:00,88232.4,88320.63239999999,88144.1676,88232.4,1000.0,0,0
2025-12-25 18:48:58.208306+00:00,88230.1,88318.33009999999,88141.8699,88230.1,1000.0,0,0
2025-12-25 18:48:58.208556+00:00,88230.1,88318.33009999999,88141.8699,88230.1,1000.0,0,0
2025-12-25 18:49:58.318007+00:00,88230.0,88318.23,88141.77,88230.0,1000.0,0,0
2025-12-25 18:49:58.318306+00:00,88230.0,88318.23,88141.77,88230.0,1000.0,0,0
2025-12-25 18:50:59.970962+00:00,88243.0,88331.24299999999,88154.757,88243.0,1000.0,0,0
2025-12-25 18:50:59.971235+00:00,88243.0,88331.24299999999,88154.757,88243.0,1000.0,0,0
2025-12-25 18:52:00.029292+00:00,88230.0,88318.23,88141.77,88230.0,1000.0,0,0
2025-12-25 18:52:00.029542+00:00,88230.0,88318.23,88141.77,88230.0,1000.0,0,0
2025-12-25 18:53:00.121679+00:00,88211.3,88299.5113,88123.08870000001,88211.3,1000.0,0,0
2025-12-25 18:53:00.122153+00:00,88211.3,88299.5113,88123.08870000001,88211.3,1000.0,0,0
2025-12-25 18:54:00.148589+00:00,88211.2,88299.41119999999,88122.98879999999,88211.2,1000.0,0,0
2025-12-25 18:54:00.149029+00:00,88211.2,88299.41119999999,88122.98879999999,88211.2,1000.0,0,0
2025-12-25 18:55:00.196859+00:00,88200.1,88288.3001,88111.8999,88200.1,1000.0,0,0
2025-12-25 18:55:00.197351+00:00,88200.1,88288.3001,88111.8999,88200.1,1000.0,0,0
2025-12-25 18:56:02.304538+00:00,88197.9,88286.09789999998,88109.7021,88197.9,1000.0,0,0
2025-12-25 18:56:02.304891+00:00,88197.9,88286.09789999998,88109.7021,88197.9,1000.0,0,0
2025-12-25 18:57:03.371914+00:00,88192.9,88281.09289999999,88104.7071,88192.9,1000.0,0,0
2025-12-25 18:57:03.372250+00:00,88192.9,88281.09289999999,88104.7071,88192.9,1000.0,0,0
2025-12-25 18:58:03.580825+00:00,88198.5,88286.69849999998,88110.3015,88198.5,1000.0,0,0
2025-12-25 18:58:03.581198+00:00,88198.5,88286.69849999998,88110.3015,88198.5,1000.0,0,0
2025-12-25 18:59:03.771198+00:00,88198.5,88286.69849999998,88110.3015,88198.5,1000.0,0,0
2025-12-25 18:59:03.771489+00:00,88198.5,88286.69849999998,88110.3015,88198.5,1000.0,0,0
2025-12-25 19:00:03.951247+00:00,88198.5,88286.69849999998,88110.3015,88198.5,1000.0,0,0
2025-12-25 19:00:03.952039+00:00,88198.5,88286.69849999998,88110.3015,88198.5,1000.0,0,0
2025-12-25 19:01:04.996474+00:00,88203.8,88292.00379999999,88115.5962,88203.8,1000.0,0,0
2025-12-25 19:01:04.996831+00:00,88203.8,88292.00379999999,88115.5962,88203.8,1000.0,0,0
2025-12-25 19:02:05.258889+00:00,88203.9,88292.10389999999,88115.6961,88203.9,1000.0,0,0
2025-12-25 19:02:05.259435+00:00,88203.9,88292.10389999999,88115.6961,88203.9,1000.0,0,0
2025-12-25 19:03:05.581510+00:00,88214.2,88302.41419999998,88125.9858,88214.2,1000.0,0,0
2025-12-25 19:03:05.581900+00:00,88214.2,88302.41419999998,88125.9858,88214.2,1000.0,0,0
2025-12-25 19:04:05.957948+00:00,88175.2,88263.37519999998,88087.0248,88175.2,1000.0,0,0
2025-12-25 19:04:05.958325+00:00,88175.2,88263.37519999998,88087.0248,88175.2,1000.0,0,0
2025-12-25 19:05:06.454063+00:00,88158.9,88247.05889999999,88070.7411,88158.9,1000.0,0,0
2025-12-25 19:05:06.454391+00:00,88158.9,88247.05889999999,88070.7411,88158.9,1000.0,0,0
2025-12-25 19:06:07.288836+00:00,88168.8,88256.96879999999,88080.6312,88168.8,1000.0,0,0
2025-12-25 19:06:07.289201+00:00,88168.8,88256.96879999999,88080.6312,88168.8,1000.0,0,0
2025-12-25 19:07:07.485956+00:00,88154.1,88242.25409999999,88065.9459,88154.1,1000.0,0,0
2025-12-25 19:07:07.486316+00:00,88154.1,88242.25409999999,88065.9459,88154.1,1000.0,0,0
2025-12-25 19:08:07.932683+00:00,88127.5,88215.62749999999,88039.3725,88127.5,1000.0,0,0
2025-12-25 19:08:07.933029+00:00,88127.5,88215.62749999999,88039.3725,88127.5,1000.0,0,0
2025-12-25 19:09:07.948553+00:00,88128.0,88216.128,88039.872,88128.0,1000.0,0,0
2025-12-25 19:09:07.948856+00:00,88128.0,88216.128,88039.872,88128.0,1000.0,0,0
2025-12-25 19:10:07.986371+00:00,88119.0,88207.11899999999,88030.881,88119.0,1000.0,0,0
2025-12-25 19:10:07.986814+00:00,88119.0,88207.11899999999,88030.881,88119.0,1000.0,0,0
2025-12-25 19:11:08.975781+00:00,88149.2,88237.34919999998,88061.0508,88149.2,1000.0,0,0
2025-12-25 19:11:08.976153+00:00,88149.2,88237.34919999998,88061.0508,88149.2,1000.0,0,0
2025-12-25 19:12:09.141907+00:00,88163.3,88251.46329999999,88075.1367,88163.3,1000.0,0,0
2025-12-25 19:12:09.142263+00:00,88163.3,88251.46329999999,88075.1367,88163.3,1000.0,0,0
2025-12-25 19:13:10.194854+00:00,88150.5,88238.65049999999,88062.3495,88150.5,1000.0,0,0
2025-12-25 19:13:10.195193+00:00,88150.5,88238.65049999999,88062.3495,88150.5,1000.0,0,0
2025-12-25 19:14:10.817613+00:00,88150.4,88238.55039999998,88062.2496,88150.4,1000.0,0,0
2025-12-25 19:14:10.817938+00:00,88150.4,88238.55039999998,88062.2496,88150.4,1000.0,0,0
2025-12-25 19:15:10.886684+00:00,88141.4,88229.54139999999,88053.2586,88141.4,1000.0,0,0
2025-12-25 19:15:10.887012+00:00,88141.4,88229.54139999999,88053.2586,88141.4,1000.0,0,0
2025-12-25 19:16:11.461502+00:00,88141.5,88229.64149999998,88053.3585,88141.5,1000.0,0,0
2025-12-25 19:16:11.461870+00:00,88141.5,88229.64149999998,88053.3585,88141.5,1000.0,0,0
2025-12-25 19:17:11.550589+00:00,88147.3,88235.4473,88059.1527,88147.3,1000.0,0,0
2025-12-25 19:17:11.550957+00:00,88147.3,88235.4473,88059.1527,88147.3,1000.0,0,0
2025-12-25 19:18:11.996035+00:00,88109.8,88197.9098,88021.6902,88109.8,1000.0,0,0
2025-12-25 19:18:11.996357+00:00,88109.8,88197.9098,88021.6902,88109.8,1000.0,0,0
2025-12-25 19:19:12.038260+00:00,88073.7,88161.77369999999,87985.6263,88073.7,1000.0,0,0
2025-12-25 19:20:12.212572+00:00,88086.8,88174.8868,87998.7132,88086.8,1000.0,0,0
2025-12-25 19:21:12.310022+00:00,88078.5,88166.57849999999,87990.4215,88078.5,1000.0,0,0
2025-12-25 19:22:13.224286+00:00,88062.1,88150.1621,87974.03790000001,88062.1,1000.0,0,0
2025-12-25 19:23:13.764937+00:00,88049.9,88137.94989999998,87961.8501,88049.9,1000.0,0,0
2025-12-25 19:24:14.095416+00:00,88059.0,88147.059,87970.941,88059.0,1000.0,0,0
2025-12-25 19:25:14.388850+00:00,88058.6,88146.6586,87970.5414,88058.6,1000.0,0,0
2025-12-25 19:26:14.601944+00:00,88065.4,88153.46539999999,87977.33459999999,88065.4,1000.0,0,0
2025-12-25 19:27:15.650639+00:00,88078.9,88166.97889999999,87990.8211,88078.9,1000.0,0,0
2025-12-25 19:28:16.101712+00:00,88058.7,88146.75869999999,87970.6413,88058.7,1000.0,0,0
2025-12-25 19:29:16.529597+00:00,88077.3,88165.3773,87989.2227,88077.3,1000.0,0,0
2025-12-25 19:30:16.774339+00:00,88074.5,88162.57449999999,87986.4255,88074.5,1000.0,0,0
2025-12-25 19:31:17.036861+00:00,88074.5,88162.57449999999,87986.4255,88074.5,1000.0,0,0
2025-12-25 19:32:17.249956+00:00,88037.4,88125.43739999998,87949.3626,88037.4,1000.0,0,0
2025-12-25 19:33:17.475944+00:00,88043.8,88131.84379999999,87955.7562,88043.8,1000.0,0,0
2025-12-25 19:34:17.598864+00:00,88068.4,88156.46839999998,87980.33159999999,88068.4,1000.0,0,0
2025-12-25 19:35:17.911268+00:00,88077.2,88165.27719999998,87989.1228,88077.2,1000.0,0,0
2025-12-25 19:36:18.222496+00:00,88068.4,88156.46839999998,87980.33159999999,88068.4,1000.0,0,0
2025-12-25 19:37:18.438830+00:00,88073.5,88161.57349999998,87985.4265,88073.5,1000.0,0,0
2025-12-25 19:38:18.704721+00:00,88073.5,88161.57349999998,87985.4265,88073.5,1000.0,0,0
2025-12-25 19:39:19.243089+00:00,88059.1,88147.15909999999,87971.0409,88059.1,1000.0,0,0
2025-12-26 05:13:03.222396+00:00,88887.4,88976.28739999999,88798.51259999999,88887.4,1000.0,0,1
2025-12-26 05:13:03.223041+00:00,88887.4,88976.28739999999,88798.51259999999,88887.4,1000.0,0,0
2025-12-26 05:14:03.691004+00:00,88945.3,89034.2453,88856.3547,88945.3,1000.0,1,0
2025-12-26 05:14:03.691321+00:00,88945.3,89034.2453,88856.3547,88945.3,1000.0,0,0
2025-12-26 05:15:04.557076+00:00,88889.0,88977.889,88800.111,88889.0,1000.0,0,0
2025-12-26 05:16:04.046081+00:00,88862.2,88951.06219999999,88773.3378,88862.2,1000.0,0,0
2025-12-26 05:17:04.359144+00:00,88860.8,88949.6608,88771.93920000001,88860.8,1000.0,0,1
2025-12-26 05:17:04.359502+00:00,88860.8,88949.6608,88771.93920000001,88860.8,1000.0,0,0
2025-12-26 05:18:04.488752+00:00,88858.0,88946.858,88769.142,88858.0,1000.0,0,0
2025-12-26 05:18:04.489056+00:00,88858.0,88946.858,88769.142,88858.0,1000.0,0,0
2025-12-26 05:19:05.105931+00:00,88816.1,88904.9161,88727.28390000001,88816.1,1000.0,0,0
2025-12-26 05:20:04.691204+00:00,88804.1,88892.9041,88715.29590000001,88804.1,1000.0,0,0
2025-12-26 05:21:04.945054+00:00,88826.0,88914.82599999999,88737.174,88826.0,1000.0,0,0
2025-12-26 05:21:04.945401+00:00,88826.0,88914.82599999999,88737.174,88826.0,1000.0,0,0
2025-12-26 05:22:06.279237+00:00,88831.5,88920.33149999999,88742.6685,88831.5,1000.0,0,0
2025-12-26 05:22:06.279551+00:00,88831.5,88920.33149999999,88742.6685,88831.5,1000.0,0,0
2025-12-26 05:23:06.720205+00:00,88834.7,88923.53469999999,88745.86529999999,88834.7,1000.0,0,0
2025-12-26 05:23:06.720512+00:00,88834.7,88923.53469999999,88745.86529999999,88834.7,1000.0,0,0
2025-12-26 05:24:07.228655+00:00,88870.0,88958.87,88781.13,88870.0,1000.0,0,0
2025-12-26 05:24:07.228959+00:00,88870.0,88958.87,88781.13,88870.0,1000.0,0,0
2025-12-26 05:25:07.812546+00:00,88869.4,88958.26939999999,88780.5306,88869.4,1000.0,0,0
2025-12-26 05:25:07.812996+00:00,88869.4,88958.26939999999,88780.5306,88869.4,1000.0,0,0
2025-12-26 05:26:08.759383+00:00,88870.1,88958.97009999999,88781.2299,88870.1,1000.0,0,0
2025-12-26 05:26:08.759713+00:00,88870.1,88958.97009999999,88781.2299,88870.1,1000.0,0,0
2025-12-26 05:27:09.824642+00:00,88871.1,88959.9711,88782.2289,88871.1,1000.0,0,0
2025-12-26 05:27:09.824935+00:00,88871.1,88959.9711,88782.2289,88871.1,1000.0,0,0
2025-12-26 05:28:11.145792+00:00,88850.2,88939.05019999998,88761.3498,88850.2,1000.0,0,0
2025-12-26 05:28:11.146165+00:00,88850.2,88939.05019999998,88761.3498,88850.2,1000.0,0,0
2025-12-26 05:29:12.466322+00:00,88862.9,88951.76289999999,88774.0371,88862.9,1000.0,1,0
2025-12-26 05:30:12.779874+00:00,88852.4,88941.25239999998,88763.54759999999,88852.4,1000.0,0,0
2025-12-26 05:31:12.999354+00:00,88841.2,88930.04119999999,88752.3588,88841.2,1000.0,0,1
2025-12-26 05:31:12.999654+00:00,88841.2,88930.04119999999,88752.3588,88841.2,1000.0,0,0
2025-12-26 05:32:13.618267+00:00,88845.2,88934.0452,88756.3548,88845.2,1000.0,0,0
2025-12-26 05:32:13.618591+00:00,88845.2,88934.0452,88756.3548,88845.2,1000.0,0,0
2025-12-26 05:33:13.862770+00:00,88806.6,88895.4066,88717.79340000001,88806.6,1000.0,0,0
2025-12-26 05:33:13.863137+00:00,88806.6,88895.4066,88717.79340000001,88806.6,1000.0,0,0
2025-12-26 05:34:14.682332+00:00,88850.0,88938.84999999999,88761.15,88850.0,1000.0,0,0
2025-12-26 05:34:14.682794+00:00,88850.0,88938.84999999999,88761.15,88850.0,1000.0,0,0
2025-12-26 05:35:15.101968+00:00,88834.8,88923.6348,88745.9652,88834.8,1000.0,1,0
2025-12-26 05:36:15.223746+00:00,88828.8,88917.62879999999,88739.9712,88828.8,1000.0,0,0
2025-12-26 05:37:15.259862+00:00,88809.4,88898.20939999998,88720.5906,88809.4,1000.0,0,1
2025-12-26 05:37:15.260230+00:00,88809.4,88898.20939999998,88720.5906,88809.4,1000.0,0,0
2025-12-26 05:38:15.342456+00:00,88800.7,88889.50069999999,88711.89929999999,88800.7,1000.0,0,0
2025-12-26 05:38:15.342769+00:00,88800.7,88889.50069999999,88711.89929999999,88800.7,1000.0,0,0
2025-12-26 05:39:16.133501+00:00,88818.0,88906.81799999998,88729.182,88818.0,1000.0,0,0
2025-12-26 05:39:16.133845+00:00,88818.0,88906.81799999998,88729.182,88818.0,1000.0,0,0
2025-12-26 05:40:16.620411+00:00,88802.6,88891.4026,88713.79740000001,88802.6,1000.0,0,0
2025-12-26 05:40:16.620825+00:00,88802.6,88891.4026,88713.79740000001,88802.6,1000.0,0,0
2025-12-26 05:41:17.307257+00:00,88808.8,88897.60879999999,88719.9912,88808.8,1000.0,1,0
2025-12-26 05:42:17.731774+00:00,88787.9,88876.68789999999,88699.1121,88787.9,1000.0,0,0
2025-12-26 05:43:18.111712+00:00,88795.8,88884.5958,88707.0042,88795.8,1000.0,0,1
2025-12-26 05:43:18.112049+00:00,88795.8,88884.5958,88707.0042,88795.8,1000.0,0,0
2025-12-26 05:44:18.319915+00:00,88824.3,88913.1243,88735.47570000001,88824.3,1000.0,0,0
2025-12-26 05:44:18.320253+00:00,88824.3,88913.1243,88735.47570000001,88824.3,1000.0,0,0
2025-12-26 05:45:18.518217+00:00,88823.7,88912.52369999999,88734.8763,88823.7,1000.0,0,0
2025-12-26 05:45:18.518532+00:00,88823.7,88912.52369999999,88734.8763,88823.7,1000.0,0,0
2025-12-26 05:46:18.835257+00:00,88821.0,88909.821,88732.179,88821.0,1000.0,0,0
2025-12-26 05:46:18.835552+00:00,88821.0,88909.821,88732.179,88821.0,1000.0,0,0
2025-12-26 05:47:19.089305+00:00,88881.0,88969.881,88792.119,88881.0,1000.0,1,0
2025-12-26 05:47:19.089602+00:00,88881.0,88969.881,88792.119,88881.0,1000.0,0,0
2025-12-26 05:48:19.388892+00:00,88906.9,88995.80689999998,88817.99309999999,88906.9,1000.0,0,0
2025-12-26 05:48:19.389399+00:00,88906.9,88995.80689999998,88817.99309999999,88906.9,1000.0,0,0
2025-12-26 05:49:19.693054+00:00,88900.0,88988.9,88811.1,88900.0,1000.0,0,0
2025-12-26 05:49:19.693371+00:00,88900.0,88988.9,88811.1,88900.0,1000.0,0,0
2025-12-26 05:50:20.092297+00:00,88874.1,88962.97409999999,88785.2259,88874.1,1000.0,0,0
2025-12-26 05:50:20.092588+00:00,88874.1,88962.97409999999,88785.2259,88874.1,1000.0,0,0
2025-12-26 05:51:20.401215+00:00,88843.8,88932.64379999999,88754.9562,88843.8,1000.0,0,1
2025-12-26 05:51:20.401662+00:00,88843.8,88932.64379999999,88754.9562,88843.8,1000.0,0,0
2025-12-26 05:52:20.517830+00:00,88838.6,88927.4386,88749.7614,88838.6,1000.0,0,0
2025-12-26 05:52:20.518171+00:00,88838.6,88927.4386,88749.7614,88838.6,1000.0,0,0
2025-12-26 05:53:20.715226+00:00,88842.8,88931.64279999999,88753.9572,88842.8,1000.0,0,0
2025-12-26 05:53:20.715519+00:00,88842.8,88931.64279999999,88753.9572,88842.8,1000.0,0,0
2025-12-26 05:54:20.992073+00:00,88873.7,88962.5737,88784.8263,88873.7,1000.0,1,0
2025-12-26 05:54:20.992516+00:00,88873.7,88962.5737,88784.8263,88873.7,1000.0,0,0
2025-12-26 05:55:21.239677+00:00,88915.1,89004.01509999999,88826.18490000001,88915.1,1000.0,0,0
2025-12-26 05:55:21.239985+00:00,88915.1,89004.01509999999,88826.18490000001,88915.1,1000.0,0,0
2025-12-26 05:56:21.709940+00:00,88959.9,89048.85989999998,88870.94009999999,88959.9,1000.0,0,0
2025-12-26 05:57:21.942254+00:00,89002.0,89091.002,88912.998,89002.0,1000.0,0,0
2025-12-26 05:58:21.998923+00:00,88995.9,89084.89589999999,88906.9041,88995.9,1000.0,0,0
2025-12-26 05:59:22.046500+00:00,88955.1,89044.0551,88866.1449,88955.1,1000.0,0,0
2025-12-26 06:00:22.319461+00:00,88965.3,89054.2653,88876.3347,88965.3,1000.0,0,0
2025-12-26 06:01:22.428324+00:00,88982.2,89071.18219999998,88893.2178,88982.2,1000.0,0,0
2025-12-26 06:02:22.919858+00:00,89001.6,89090.6016,88912.5984,89001.6,1000.0,0,0
2025-12-26 06:02:22.920190+00:00,89001.6,89090.6016,88912.5984,89001.6,1000.0,0,0
2025-12-26 06:03:23.310432+00:00,89000.1,89089.1001,88911.0999,89000.1,1000.0,0,0
2025-12-26 06:04:23.414714+00:00,89005.2,89094.20519999998,88916.1948,89005.2,1000.0,0,0
2025-12-26 06:05:23.472008+00:00,89011.7,89100.71169999999,88922.6883,89011.7,1000.0,0,0
2025-12-26 06:05:23.472294+00:00,89011.7,89100.71169999999,88922.6883,89011.7,1000.0,0,0
2025-12-26 06:06:23.794754+00:00,89026.4,89115.42639999998,88937.37359999999,89026.4,1000.0,0,0
2025-12-26 06:06:23.795153+00:00,89026.4,89115.42639999998,88937.37359999999,89026.4,1000.0,0,0
2025-12-26 06:07:24.121627+00:00,89010.8,89099.81079999999,88921.7892,89010.8,1000.0,0,0
2025-12-26 06:07:24.121909+00:00,89010.8,89099.81079999999,88921.7892,89010.8,1000.0,0,0
2025-12-26 06:08:24.313354+00:00,89013.0,89102.01299999999,88923.987,89013.0,1000.0,0,0
2025-12-26 06:08:24.313601+00:00,89013.0,89102.01299999999,88923.987,89013.0,1000.0,0,0
2025-12-26 06:09:24.319894+00:00,89016.1,89105.1161,88927.08390000001,89016.1,1000.0,0,0
2025-12-26 06:09:24.320192+00:00,89016.1,89105.1161,88927.08390000001,89016.1,1000.0,0,0
2025-12-26 06:10:24.438084+00:00,89024.4,89113.42439999999,88935.3756,89024.4,1000.0,0,0
2025-12-26 06:10:24.438387+00:00,89024.4,89113.42439999999,88935.3756,89024.4,1000.0,0,0
2025-12-26 06:11:24.581881+00:00,89005.5,89094.50549999998,88916.4945,89005.5,1000.0,0,0
2025-12-26 06:12:24.674295+00:00,89030.6,89119.63059999999,88941.56940000001,89030.6,1000.0,0,0
2025-12-26 06:13:24.996883+00:00,89081.9,89170.98189999998,88992.81809999999,89081.9,1000.0,0,0
2025-12-26 06:13:24.997148+00:00,89081.9,89170.98189999998,88992.81809999999,89081.9,1000.0,0,0
2025-12-26 06:14:25.403059+00:00,89049.7,89138.74969999999,88960.6503,89049.7,1000.0,0,0
2025-12-26 06:14:25.403359+00:00,89049.7,89138.74969999999,88960.6503,89049.7,1000.0,0,0
2025-12-26 06:15:25.652928+00:00,89089.3,89178.3893,89000.2107,89089.3,1000.0,0,0
2025-12-26 06:15:25.653198+00:00,89089.3,89178.3893,89000.2107,89089.3,1000.0,0,0
2025-12-26 06:16:26.470760+00:00,89078.6,89167.6786,88989.52140000001,89078.6,1000.0,0,0
2025-12-26 06:16:26.471022+00:00,89078.6,89167.6786,88989.52140000001,89078.6,1000.0,0,0
2025-12-26 06:17:26.500686+00:00,89105.0,89194.105,89015.895,89105.0,1000.0,0,0
2025-12-26 06:17:26.500937+00:00,89105.0,89194.105,89015.895,89105.0,1000.0,0,0
2025-12-26 06:18:26.528225+00:00,89074.4,89163.47439999998,88985.3256,89074.4,1000.0,0,1
2025-12-26 06:18:26.528535+00:00,89074.4,89163.47439999998,88985.3256,89074.4,1000.0,0,0
2025-12-26 06:19:26.560062+00:00,89056.9,89145.95689999999,88967.8431,89056.9,1000.0,0,0
2025-12-26 06:19:26.560426+00:00,89056.9,89145.95689999999,88967.8431,89056.9,1000.0,0,0
2025-12-26 06:20:26.830532+00:00,89072.0,89161.07199999999,88982.928,89072.0,1000.0,0,0
2025-12-26 06:20:26.830858+00:00,89072.0,89161.07199999999,88982.928,89072.0,1000.0,0,0
2025-12-26 06:21:26.990014+00:00,89054.0,89143.05399999999,88964.946,89054.0,1000.0,0,0
2025-12-26 06:21:26.990346+00:00,89054.0,89143.05399999999,88964.946,89054.0,1000.0,0,0
2025-12-26 06:22:27.288290+00:00,89021.2,89110.22119999999,88932.1788,89021.2,1000.0,1,0
2025-12-26 06:23:27.652493+00:00,89062.7,89151.76269999999,88973.6373,89062.7,1000.0,0,0
2025-12-26 06:24:27.983042+00:00,89044.7,89133.74469999998,88955.6553,89044.7,1000.0,0,1
2025-12-26 06:24:27.983364+00:00,89044.7,89133.74469999998,88955.6553,89044.7,1000.0,0,0
2025-12-26 06:25:27.986557+00:00,89038.5,89127.5385,88949.4615,89038.5,1000.0,0,0
2025-12-26 06:25:27.986909+00:00,89038.5,89127.5385,88949.4615,89038.5,1000.0,0,0
2025-12-26 06:26:28.267810+00:00,89042.9,89131.94289999998,88953.8571,89042.9,1000.0,0,0
2025-12-26 06:26:28.268144+00:00,89042.9,89131.94289999998,88953.8571,89042.9,1000.0,0,0
2025-12-26 06:27:28.799293+00:00,89044.0,89133.044,88954.956,89044.0,1000.0,0,0
2025-12-26 06:27:28.799753+00:00,89044.0,89133.044,88954.956,89044.0,1000.0,0,0
2025-12-26 06:28:28.964649+00:00,89047.9,89136.94789999998,88958.85209999999,89047.9,1000.0,1,0
2025-12-26 06:28:28.964896+00:00,89047.9,89136.94789999998,88958.85209999999,89047.9,1000.0,0,0
2025-12-26 06:29:28.984415+00:00,89039.8,89128.83979999999,88950.7602,89039.8,1000.0,0,1
2025-12-26 06:29:28.984760+00:00,89039.8,89128.83979999999,88950.7602,89039.8,1000.0,0,0
2025-12-26 06:30:29.317605+00:00,89024.4,89113.42439999999,88935.3756,89024.4,1000.0,0,0
2025-12-26 06:30:29.317928+00:00,89024.4,89113.42439999999,88935.3756,89024.4,1000.0,0,0
2025-12-26 06:31:29.586724+00:00,89055.5,89144.55549999999,88966.4445,89055.5,1000.0,0,0
2025-12-26 06:31:29.587018+00:00,89055.5,89144.55549999999,88966.4445,89055.5,1000.0,0,0
2025-12-26 06:32:29.704831+00:00,89014.8,89103.8148,88925.7852,89014.8,1000.0,0,0
2025-12-26 06:32:29.705185+00:00,89014.8,89103.8148,88925.7852,89014.8,1000.0,0,0
2025-12-26 06:33:31.208935+00:00,89019.2,89108.21919999999,88930.1808,89019.2,1000.0,0,0
2025-12-26 06:33:31.209255+00:00,89019.2,89108.21919999999,88930.1808,89019.2,1000.0,0,0
2025-12-26 06:34:31.572754+00:00,89056.1,89145.1561,88967.0439,89056.1,1000.0,0,0
2025-12-26 06:34:31.573050+00:00,89056.1,89145.1561,88967.0439,89056.1,1000.0,0,0
2025-12-26 06:35:32.005553+00:00,89038.9,89127.93889999998,88949.8611,89038.9,1000.0,0,0
2025-12-26 06:35:32.005991+00:00,89038.9,89127.93889999998,88949.8611,89038.9,1000.0,0,0
2025-12-26 06:36:32.231888+00:00,89045.4,89134.44539999998,88956.35459999999,89045.4,1000.0,1,0
2025-12-26 06:36:32.232159+00:00,89045.4,89134.44539999998,88956.35459999999,89045.4,1000.0,0,0
2025-12-26 06:37:32.442856+00:00,89026.0,89115.02599999998,88936.974,89026.0,1000.0,0,0
2025-12-26 06:38:32.594577+00:00,89056.1,89145.1561,88967.0439,89056.1,1000.0,0,0
2025-12-26 06:39:33.277563+00:00,89056.0,89145.056,88966.944,89056.0,1000.0,0,1
2025-12-26 06:39:33.277919+00:00,89056.0,89145.056,88966.944,89056.0,1000.0,0,0
2025-12-26 06:40:33.281600+00:00,89129.2,89218.3292,89040.0708,89129.2,1000.0,1,0
2025-12-26 06:40:33.281864+00:00,89129.2,89218.3292,89040.0708,89129.2,1000.0,0,0
2025-12-26 06:41:33.470075+00:00,89165.6,89254.7656,89076.43440000001,89165.6,1000.0,0,0
2025-12-26 06:41:33.470503+00:00,89165.6,89254.7656,89076.43440000001,89165.6,1000.0,0,0
2025-12-26 06:42:33.517201+00:00,89164.0,89253.16399999999,89074.836,89164.0,1000.0,0,0
2025-12-26 06:42:33.517446+00:00,89164.0,89253.16399999999,89074.836,89164.0,1000.0,0,0
2025-12-26 06:43:34.315276+00:00,89167.6,89256.76759999999,89078.4324,89167.6,1000.0,0,0
2025-12-26 06:43:34.315542+00:00,89167.6,89256.76759999999,89078.4324,89167.6,1000.0,0,0
2025-12-26 06:44:34.316699+00:00,89199.9,89289.09989999999,89110.70009999999,89199.9,1000.0,0,0
2025-12-26 06:44:34.316972+00:00,89199.9,89289.09989999999,89110.70009999999,89199.9,1000.0,0,0
2025-12-26 06:45:34.497650+00:00,89179.0,89268.17899999999,89089.821,89179.0,1000.0,0,0
2025-12-26 06:45:34.497917+00:00,89179.0,89268.17899999999,89089.821,89179.0,1000.0,0,0
2025-12-26 06:46:34.644126+00:00,89136.4,89225.53639999998,89047.26359999999,89136.4,1000.0,0,0
2025-12-26 06:46:34.644385+00:00,89136.4,89225.53639999998,89047.26359999999,89136.4,1000.0,0,0
2025-12-26 06:47:34.832334+00:00,89084.3,89173.38429999999,88995.2157,89084.3,1000.0,0,1
2025-12-26 06:47:34.832776+00:00,89084.3,89173.38429999999,88995.2157,89084.3,1000.0,0,0
2025-12-26 06:48:35.138864+00:00,89102.3,89191.40229999999,89013.1977,89102.3,1000.0,0,0
2025-12-26 06:48:35.139365+00:00,89102.3,89191.40229999999,89013.1977,89102.3,1000.0,0,0
2025-12-26 06:49:35.266889+00:00,89107.1,89196.2071,89017.99290000001,89107.1,1000.0,1,0
2025-12-26 06:50:35.259606+00:00,89094.3,89183.3943,89005.2057,89094.3,1000.0,0,0
2025-12-26 06:51:35.393828+00:00,89104.2,89193.30419999998,89015.0958,89104.2,1000.0,0,1
2025-12-26 06:51:35.394153+00:00,89104.2,89193.30419999998,89015.0958,89104.2,1000.0,0,0
2025-12-26 06:52:35.679903+00:00,89098.7,89187.79869999998,89009.6013,89098.7,1000.0,0,0
2025-12-26 06:52:35.680274+00:00,89098.7,89187.79869999998,89009.6013,89098.7,1000.0,0,0
2025-12-26 06:53:36.088905+00:00,89100.0,89189.09999999999,89010.9,89100.0,1000.0,0,0
2025-12-26 06:53:36.089263+00:00,89100.0,89189.09999999999,89010.9,89100.0,1000.0,0,0
2025-12-26 06:54:36.283081+00:00,89101.5,89190.60149999999,89012.3985,89101.5,1000.0,0,0
2025-12-26 06:54:36.283400+00:00,89101.5,89190.60149999999,89012.3985,89101.5,1000.0,0,0
2025-12-26 06:55:36.863884+00:00,89103.7,89192.80369999999,89014.59629999999,89103.7,1000.0,0,0
2025-12-26 06:55:36.864216+00:00,89103.7,89192.80369999999,89014.59629999999,89103.7,1000.0,0,0
2025-12-26 06:56:36.888587+00:00,89126.4,89215.52639999999,89037.2736,89126.4,1000.0,1,0
2025-12-26 06:56:36.888828+00:00,89126.4,89215.52639999999,89037.2736,89126.4,1000.0,0,0
2025-12-26 06:57:36.890627+00:00,89165.7,89254.86569999998,89076.5343,89165.7,1000.0,0,0
2025-12-26 06:57:36.890863+00:00,89165.7,89254.86569999998,89076.5343,89165.7,1000.0,0,0
2025-12-26 06:58:37.511848+00:00,89154.0,89243.154,89064.846,89154.0,1000.0,0,0
2025-12-26 06:58:37.512113+00:00,89154.0,89243.154,89064.846,89154.0,1000.0,0,0
2025-12-26 06:59:37.829458+00:00,89114.8,89203.9148,89025.6852,89114.8,1000.0,0,0
2025-12-26 06:59:37.829911+00:00,89114.8,89203.9148,89025.6852,89114.8,1000.0,0,0
2025-12-26 07:00:38.449239+00:00,89091.8,89180.8918,89002.70820000001,89091.8,1000.0,0,0
2025-12-26 07:01:39.271018+00:00,89135.9,89225.03589999999,89046.7641,89135.9,1000.0,0,0
2025-12-26 07:02:39.442860+00:00,89127.0,89216.127,89037.873,89127.0,1000.0,0,0
2025-12-26 07:02:39.443150+00:00,89127.0,89216.127,89037.873,89127.0,1000.0,0,0
2025-12-26 07:03:39.449533+00:00,89130.9,89220.03089999998,89041.76909999999,89130.9,1000.0,0,0
2025-12-26 07:03:39.449804+00:00,89130.9,89220.03089999998,89041.76909999999,89130.9,1000.0,0,0
2025-12-26 07:04:39.635792+00:00,89117.3,89206.41729999999,89028.1827,89117.3,1000.0,0,0
2025-12-26 07:04:39.636049+00:00,89117.3,89206.41729999999,89028.1827,89117.3,1000.0,0,0
2025-12-26 07:05:39.782707+00:00,89143.9,89233.04389999999,89054.7561,89143.9,1000.0,0,0
2025-12-26 07:05:39.782966+00:00,89143.9,89233.04389999999,89054.7561,89143.9,1000.0,0,0
2025-12-26 07:06:39.780609+00:00,89149.5,89238.64949999998,89060.3505,89149.5,1000.0,0,0
2025-12-26 07:06:39.780859+00:00,89149.5,89238.64949999998,89060.3505,89149.5,1000.0,0,0
2025-12-26 07:07:41.025338+00:00,89150.0,89239.15,89060.85,89150.0,1000.0,0,0
2025-12-26 07:07:41.025597+00:00,89150.0,89239.15,89060.85,89150.0,1000.0,0,0
2025-12-26 07:08:41.202354+00:00,89151.4,89240.55139999998,89062.24859999999,89151.4,1000.0,0,0
2025-12-26 07:08:41.202589+00:00,89151.4,89240.55139999998,89062.24859999999,89151.4,1000.0,0,0
2025-12-26 07:09:42.282870+00:00,89149.8,89238.94979999999,89060.6502,89149.8,1000.0,0,0
2025-12-26 07:09:42.283126+00:00,89149.8,89238.94979999999,89060.6502,89149.8,1000.0,0,0
2025-12-26 07:10:42.680698+00:00,89156.0,89245.15599999999,89066.844,89156.0,1000.0,0,0
2025-12-26 07:10:42.680943+00:00,89156.0,89245.15599999999,89066.844,89156.0,1000.0,0,0
2025-12-26 07:11:43.099744+00:00,89158.2,89247.35819999999,89069.04179999999,89158.2,1000.0,0,0
2025-12-26 07:11:43.100131+00:00,89158.2,89247.35819999999,89069.04179999999,89158.2,1000.0,0,0
2025-12-26 07:12:43.399563+00:00,89185.1,89274.2851,89095.9149,89185.1,1000.0,0,0
2025-12-26 07:12:43.399826+00:00,89185.1,89274.2851,89095.9149,89185.1,1000.0,0,0
2025-12-26 07:13:43.554815+00:00,89324.3,89413.6243,89234.97570000001,89324.3,1000.0,0,0
2025-12-26 07:13:43.555053+00:00,89324.3,89413.6243,89234.97570000001,89324.3,1000.0,0,0
2025-12-26 07:14:43.655614+00:00,89309.4,89398.70939999998,89220.0906,89309.4,1000.0,0,0
2025-12-26 07:14:43.655971+00:00,89309.4,89398.70939999998,89220.0906,89309.4,1000.0,0,0
2025-12-26 07:15:43.676960+00:00,89289.0,89378.28899999999,89199.711,89289.0,1000.0,0,0
2025-12-26 07:15:43.677229+00:00,89289.0,89378.28899999999,89199.711,89289.0,1000.0,0,0
2025-12-26 07:16:44.278933+00:00,89302.4,89391.70239999998,89213.0976,89302.4,1000.0,0,0
2025-12-26 07:16:44.279222+00:00,89302.4,89391.70239999998,89213.0976,89302.4,1000.0,0,0
2025-12-26 07:17:44.374656+00:00,89327.9,89417.22789999998,89238.57209999999,89327.9,1000.0,0,0
2025-12-26 07:17:44.374900+00:00,89327.9,89417.22789999998,89238.57209999999,89327.9,1000.0,0,0
2025-12-26 07:18:44.612481+00:00,89353.8,89443.1538,89264.4462,89353.8,1000.0,0,0
2025-12-26 07:18:44.612754+00:00,89353.8,89443.1538,89264.4462,89353.8,1000.0,0,0
2025-12-26 07:19:44.728256+00:00,89326.5,89415.8265,89237.1735,89326.5,1000.0,0,0
2025-12-26 07:19:44.728522+00:00,89326.5,89415.8265,89237.1735,89326.5,1000.0,0,0
2025-12-26 07:20:44.813497+00:00,89276.7,89365.97669999998,89187.4233,89276.7,1000.0,0,0
2025-12-26 07:20:44.813779+00:00,89276.7,89365.97669999998,89187.4233,89276.7,1000.0,0,0
2025-12-26 07:21:45.277155+00:00,89300.0,89389.29999999999,89210.7,89300.0,1000.0,0,0
2025-12-26 07:21:45.277438+00:00,89300.0,89389.29999999999,89210.7,89300.0,1000.0,0,0
2025-12-26 07:22:45.744705+00:00,89334.5,89423.8345,89245.1655,89334.5,1000.0,0,0
2025-12-26 07:22:45.744991+00:00,89334.5,89423.8345,89245.1655,89334.5,1000.0,0,0
2025-12-26 07:23:45.754773+00:00,89468.4,89557.86839999998,89378.9316,89468.4,1000.0,0,0
2025-12-26 07:23:45.755055+00:00,89468.4,89557.86839999998,89378.9316,89468.4,1000.0,0,0
2025-12-26 07:24:46.002071+00:00,89439.6,89529.03959999999,89350.16040000001,89439.6,1000.0,0,0
2025-12-26 07:24:46.002337+00:00,89439.6,89529.03959999999,89350.16040000001,89439.6,1000.0,0,0
2025-12-26 07:25:46.218045+00:00,89435.6,89525.0356,89346.16440000001,89435.6,1000.0,0,0
2025-12-26 07:25:46.218315+00:00,89435.6,89525.0356,89346.16440000001,89435.6,1000.0,0,0
2025-12-26 07:26:46.502655+00:00,89392.3,89481.6923,89302.9077,89392.3,1000.0,0,0
2025-12-26 07:26:46.502900+00:00,89392.3,89481.6923,89302.9077,89392.3,1000.0,0,0
2025-12-26 07:27:46.545684+00:00,89426.1,89515.5261,89336.67390000001,89426.1,1000.0,0,0
2025-12-26 07:27:46.546002+00:00,89426.1,89515.5261,89336.67390000001,89426.1,1000.0,0,0
2025-12-26 07:28:46.672679+00:00,89375.6,89464.97559999999,89286.2244,89375.6,1000.0,0,1
2025-12-26 07:29:46.860896+00:00,89377.2,89466.57719999999,89287.8228,89377.2,1000.0,0,0
2025-12-26 07:30:46.996550+00:00,89282.6,89371.8826,89193.3174,89282.6,1000.0,1,0
2025-12-26 07:31:47.029713+00:00,89249.9,89339.14989999999,89160.6501,89249.9,1000.0,0,0
2025-12-26 07:32:47.225405+00:00,89181.0,89270.181,89091.819,89181.0,1000.0,0,0
2025-12-26 07:33:47.434727+00:00,89139.8,89228.9398,89050.6602,89139.8,1000.0,0,0
2025-12-26 07:34:47.550383+00:00,89126.2,89215.32619999998,89037.0738,89126.2,1000.0,0,1
2025-12-26 07:34:47.550685+00:00,89126.2,89215.32619999998,89037.0738,89126.2,1000.0,0,0
2025-12-26 07:35:47.701215+00:00,89146.4,89235.54639999998,89057.2536,89146.4,1000.0,0,0
2025-12-26 07:35:47.701557+00:00,89146.4,89235.54639999998,89057.2536,89146.4,1000.0,0,0
2025-12-26 07:36:47.828912+00:00,89057.3,89146.35729999999,88968.2427,89057.3,1000.0,0,0
2025-12-26 07:37:48.154610+00:00,88964.2,89053.16419999998,88875.2358,88964.2,1000.0,0,0
2025-12-26 07:38:48.483161+00:00,88950.7,89039.65069999998,88861.7493,88950.7,1000.0,0,0
2025-12-26 07:38:48.483432+00:00,88950.7,89039.65069999998,88861.7493,88950.7,1000.0,0,0
2025-12-26 07:39:48.561003+00:00,88829.1,88917.9291,88740.2709,88829.1,1000.0,0,0
2025-12-26 07:39:48.561265+00:00,88829.1,88917.9291,88740.2709,88829.1,1000.0,0,0
2025-12-26 07:40:48.853463+00:00,88876.5,88965.37649999998,88787.6235,88876.5,1000.0,0,0
2025-12-26 07:40:48.854478+00:00,88876.5,88965.37649999998,88787.6235,88876.5,1000.0,0,0
2025-12-26 07:41:48.907548+00:00,88813.1,88901.91309999999,88724.2869,88813.1,1000.0,0,0
2025-12-26 07:41:48.907813+00:00,88813.1,88901.91309999999,88724.2869,88813.1,1000.0,0,0
2025-12-26 07:42:49.094788+00:00,88827.6,88916.4276,88738.7724,88827.6,1000.0,0,0
2025-12-26 07:42:49.095057+00:00,88827.6,88916.4276,88738.7724,88827.6,1000.0,0,0
2025-12-26 07:43:49.323829+00:00,88791.5,88880.29149999999,88702.7085,88791.5,1000.0,0,0
2025-12-26 07:43:49.324221+00:00,88791.5,88880.29149999999,88702.7085,88791.5,1000.0,0,0
2025-12-26 07:44:49.672593+00:00,88771.0,88859.771,88682.229,88771.0,1000.0,0,0
2025-12-26 07:44:49.672845+00:00,88771.0,88859.771,88682.229,88771.0,1000.0,0,0
2025-12-26 07:45:50.004763+00:00,88742.0,88830.74199999998,88653.258,88742.0,1000.0,0,0
2025-12-26 07:45:50.005005+00:00,88742.0,88830.74199999998,88653.258,88742.0,1000.0,0,0
2025-12-26 07:46:50.133574+00:00,88689.3,88777.98929999999,88600.6107,88689.3,1000.0,0,0
2025-12-26 07:46:50.133874+00:00,88689.3,88777.98929999999,88600.6107,88689.3,1000.0,0,0
2025-12-26 07:47:50.328354+00:00,88717.4,88806.11739999999,88628.6826,88717.4,1000.0,0,0
2025-12-26 07:47:50.328631+00:00,88717.4,88806.11739999999,88628.6826,88717.4,1000.0,0,0
2025-12-26 07:48:50.545770+00:00,88685.0,88773.68499999998,88596.315,88685.0,1000.0,0,0
2025-12-26 07:48:50.546045+00:00,88685.0,88773.68499999998,88596.315,88685.0,1000.0,0,0
2025-12-26 07:49:50.690137+00:00,88591.3,88679.89129999999,88502.7087,88591.3,1000.0,0,0
2025-12-26 07:49:50.690402+00:00,88591.3,88679.89129999999,88502.7087,88591.3,1000.0,0,0
2025-12-26 07:50:50.796754+00:00,88584.5,88673.0845,88495.9155,88584.5,1000.0,0,0
2025-12-26 07:50:50.797012+00:00,88584.5,88673.0845,88495.9155,88584.5,1000.0,0,0
2025-12-26 07:51:50.812306+00:00,88579.1,88667.6791,88490.5209,88579.1,1000.0,0,0
2025-12-26 07:51:50.812584+00:00,88579.1,88667.6791,88490.5209,88579.1,1000.0,0,0
2025-12-26 07:52:50.998309+00:00,88577.9,88666.47789999998,88489.32209999999,88577.9,1000.0,0,0
2025-12-26 07:52:50.998545+00:00,88577.9,88666.47789999998,88489.32209999999,88577.9,1000.0,0,0
2025-12-26 07:53:51.080356+00:00,88558.8,88647.35879999999,88470.2412,88558.8,1000.0,0,0
2025-12-26 07:53:51.080602+00:00,88558.8,88647.35879999999,88470.2412,88558.8,1000.0,0,0
2025-12-26 07:54:51.412709+00:00,88522.0,88610.522,88433.478,88522.0,1000.0,0,0
2025-12-26 07:54:51.412977+00:00,88522.0,88610.522,88433.478,88522.0,1000.0,0,0
2025-12-26 07:55:51.525525+00:00,88510.1,88598.61009999999,88421.5899,88510.1,1000.0,0,0
2025-12-26 07:55:51.525913+00:00,88510.1,88598.61009999999,88421.5899,88510.1,1000.0,0,0
2025-12-26 07:56:51.776518+00:00,88473.1,88561.5731,88384.6269,88473.1,1000.0,0,0
2025-12-26 07:56:51.776769+00:00,88473.1,88561.5731,88384.6269,88473.1,1000.0,0,0
2025-12-26 07:57:52.026978+00:00,88400.4,88488.80039999998,88311.9996,88400.4,1000.0,0,0
2025-12-26 07:57:52.027237+00:00,88400.4,88488.80039999998,88311.9996,88400.4,1000.0,0,0
2025-12-26 07:58:52.281239+00:00,88412.1,88500.51209999999,88323.6879,88412.1,1000.0,0,0
2025-12-26 07:58:52.281515+00:00,88412.1,88500.51209999999,88323.6879,88412.1,1000.0,0,0
2025-12-26 07:59:52.291326+00:00,88412.3,88500.7123,88323.8877,88412.3,1000.0,0,0
2025-12-26 07:59:52.291592+00:00,88412.3,88500.7123,88323.8877,88412.3,1000.0,0,0
2025-12-26 08:00:52.494581+00:00,88550.6,88639.1506,88462.0494,88550.6,1000.0,0,0
2025-12-26 08:00:52.494830+00:00,88550.6,88639.1506,88462.0494,88550.6,1000.0,0,0
2025-12-26 08:01:52.652180+00:00,88591.6,88680.19159999999,88503.0084,88591.6,1000.0,0,0
2025-12-26 08:02:52.700385+00:00,88645.9,88734.54589999998,88557.25409999999,88645.9,1000.0,0,0
2025-12-26 08:03:52.761280+00:00,88753.2,88841.95319999999,88664.44679999999,88753.2,1000.0,0,0
2025-12-26 08:04:52.962284+00:00,88700.0,88788.7,88611.3,88700.0,1000.0,0,0
2025-12-26 08:05:53.491910+00:00,88695.2,88783.89519999998,88606.5048,88695.2,1000.0,0,0
2025-12-26 08:06:53.871066+00:00,88615.9,88704.51589999998,88527.28409999999,88615.9,1000.0,0,0
2025-12-26 08:07:54.063454+00:00,88663.9,88752.56389999998,88575.2361,88663.9,1000.0,0,0
2025-12-26 08:08:54.231632+00:00,88631.5,88720.13149999999,88542.8685,88631.5,1000.0,0,0
2025-12-26 08:09:54.585753+00:00,88573.6,88662.1736,88485.0264,88573.6,1000.0,0,0
2025-12-26 08:10:54.607366+00:00,88481.6,88570.08159999999,88393.1184,88481.6,1000.0,0,0
2025-12-26 08:11:54.688244+00:00,88497.0,88585.49699999999,88408.503,88497.0,1000.0,0,0
2025-12-26 08:11:54.688490+00:00,88497.0,88585.49699999999,88408.503,88497.0,1000.0,0,0
2025-12-26 08:12:54.742599+00:00,88547.1,88635.6471,88458.55290000001,88547.1,1000.0,0,0
2025-12-26 08:12:54.742852+00:00,88547.1,88635.6471,88458.55290000001,88547.1,1000.0,0,0
2025-12-26 08:13:54.776847+00:00,88591.8,88680.3918,88503.20820000001,88591.8,1000.0,0,0
2025-12-26 08:14:54.973308+00:00,88618.0,88706.61799999999,88529.382,88618.0,1000.0,0,0
2025-12-26 08:15:55.275750+00:00,88672.3,88760.9723,88583.6277,88672.3,1000.0,0,0
2025-12-26 08:16:55.321532+00:00,88656.8,88745.4568,88568.1432,88656.8,1000.0,0,0
2025-12-26 08:17:55.634213+00:00,88604.1,88692.7041,88515.49590000001,88604.1,1000.0,1,0
2025-12-26 08:17:55.634523+00:00,88604.1,88692.7041,88515.49590000001,88604.1,1000.0,0,0
2025-12-26 08:18:55.795306+00:00,88612.9,88701.51289999999,88524.2871,88612.9,1000.0,0,1
2025-12-26 08:19:55.823776+00:00,88608.0,88696.608,88519.392,88608.0,1000.0,0,0
2025-12-26 08:20:55.933123+00:00,88619.9,88708.51989999998,88531.28009999999,88619.9,1000.0,0,0
2025-12-26 08:21:55.986264+00:00,88638.4,88727.03839999999,88549.7616,88638.4,1000.0,0,0
2025-12-26 08:22:56.147714+00:00,88733.8,88822.53379999999,88645.0662,88733.8,1000.0,1,0
2025-12-26 08:23:56.262643+00:00,88687.3,88775.9873,88598.6127,88687.3,1000.0,0,0
2025-12-26 08:24:56.343409+00:00,88718.4,88807.11839999998,88629.6816,88718.4,1000.0,0,1
2025-12-26 08:25:56.327628+00:00,88681.0,88769.681,88592.319,88681.0,1000.0,0,0
2025-12-26 08:26:56.562486+00:00,88677.9,88766.57789999999,88589.2221,88677.9,1000.0,0,0
2025-12-26 08:27:57.027244+00:00,88690.8,88779.4908,88602.1092,88690.8,1000.0,0,0
2025-12-26 08:28:57.069829+00:00,88709.6,88798.3096,88620.8904,88709.6,1000.0,0,0
2025-12-26 08:29:57.253941+00:00,88695.0,88783.69499999999,88606.305,88695.0,1000.0,0,0
2025-12-26 08:30:57.889624+00:00,88657.2,88745.85719999998,88568.5428,88657.2,1000.0,0,0
2025-12-26 08:31:58.159923+00:00,88572.2,88660.77219999999,88483.6278,88572.2,1000.0,0,0
2025-12-26 08:32:58.962777+00:00,88637.5,88726.1375,88548.8625,88637.5,1000.0,1,0
2025-12-26 08:32:58.963081+00:00,88637.5,88726.1375,88548.8625,88637.5,1000.0,0,0
2025-12-26 08:33:59.365223+00:00,88649.9,88738.54989999998,88561.25009999999,88649.9,1000.0,0,0
2025-12-26 08:33:59.365527+00:00,88649.9,88738.54989999998,88561.25009999999,88649.9,1000.0,0,0
2025-12-26 08:34:59.729685+00:00,88649.7,88738.34969999999,88561.0503,88649.7,1000.0,0,0
2025-12-26 08:34:59.730054+00:00,88649.7,88738.34969999999,88561.0503,88649.7,1000.0,0,0
2025-12-26 08:35:59.998132+00:00,88649.6,88738.2496,88560.9504,88649.6,1000.0,0,0
2025-12-26 08:35:59.998531+00:00,88649.6,88738.2496,88560.9504,88649.6,1000.0,0,0
2025-12-26 08:37:00.328085+00:00,88593.3,88681.8933,88504.70670000001,88593.3,1000.0,0,1
2025-12-26 08:37:00.328564+00:00,88593.3,88681.8933,88504.70670000001,88593.3,1000.0,0,0
2025-12-26 08:38:00.408511+00:00,88634.1,88722.7341,88545.46590000001,88634.1,1000.0,1,0
2025-12-26 08:38:00.408850+00:00,88634.1,88722.7341,88545.46590000001,88634.1,1000.0,0,0
2025-12-26 08:39:00.982169+00:00,88635.0,88723.635,88546.365,88635.0,1000.0,0,0
2025-12-26 08:39:00.982483+00:00,88635.0,88723.635,88546.365,88635.0,1000.0,0,0
2025-12-26 08:40:01.238502+00:00,88580.3,88668.88029999999,88491.7197,88580.3,1000.0,0,1
2025-12-26 08:40:01.238810+00:00,88580.3,88668.88029999999,88491.7197,88580.3,1000.0,0,0
2025-12-26 08:41:01.718951+00:00,88560.0,88648.55999999998,88471.44,88560.0,1000.0,0,0
2025-12-26 08:41:01.719295+00:00,88560.0,88648.55999999998,88471.44,88560.0,1000.0,0,0
2025-12-26 08:42:01.893606+00:00,88555.0,88643.555,88466.445,88555.0,1000.0,0,0
2025-12-26 08:42:01.893939+00:00,88555.0,88643.555,88466.445,88555.0,1000.0,0,0
2025-12-26 08:43:02.168868+00:00,88608.3,88696.9083,88519.6917,88608.3,1000.0,1,0
2025-12-26 08:43:02.169344+00:00,88608.3,88696.9083,88519.6917,88608.3,1000.0,0,0
2025-12-26 08:44:02.428224+00:00,88609.9,88698.50989999999,88521.2901,88609.9,1000.0,0,0
2025-12-26 08:44:02.428540+00:00,88609.9,88698.50989999999,88521.2901,88609.9,1000.0,0,0
2025-12-26 08:45:02.732176+00:00,88604.1,88692.7041,88515.49590000001,88604.1,1000.0,0,1
2025-12-26 08:45:02.732611+00:00,88604.1,88692.7041,88515.49590000001,88604.1,1000.0,0,0
2025-12-26 08:46:02.803007+00:00,88563.0,88651.563,88474.437,88563.0,1000.0,0,0
2025-12-26 08:46:02.803325+00:00,88563.0,88651.563,88474.437,88563.0,1000.0,0,0
2025-12-26 08:47:02.992596+00:00,88593.6,88682.1936,88505.00640000001,88593.6,1000.0,0,0
2025-12-26 08:47:02.992892+00:00,88593.6,88682.1936,88505.00640000001,88593.6,1000.0,0,0
2025-12-26 08:48:03.004798+00:00,88621.0,88709.62099999998,88532.379,88621.0,1000.0,1,0
2025-12-26 08:48:03.005132+00:00,88621.0,88709.62099999998,88532.379,88621.0,1000.0,0,0
2025-12-26 08:49:03.750028+00:00,88654.8,88743.45479999999,88566.1452,88654.8,1000.0,0,0
2025-12-26 08:49:03.750345+00:00,88654.8,88743.45479999999,88566.1452,88654.8,1000.0,0,0
2025-12-26 08:50:03.991891+00:00,88660.1,88748.7601,88571.43990000001,88660.1,1000.0,0,0
2025-12-26 08:50:03.992257+00:00,88660.1,88748.7601,88571.43990000001,88660.1,1000.0,0,0
2025-12-26 08:51:04.111110+00:00,88695.0,88783.69499999999,88606.305,88695.0,1000.0,0,0
2025-12-26 08:52:04.109142+00:00,88674.8,88763.4748,88586.12520000001,88674.8,1000.0,0,0
2025-12-26 08:53:04.584594+00:00,88675.3,88763.97529999999,88586.6247,88675.3,1000.0,0,0
2025-12-26 08:53:04.584884+00:00,88675.3,88763.97529999999,88586.6247,88675.3,1000.0,0,0
2025-12-26 08:54:04.678110+00:00,88667.4,88756.06739999999,88578.73259999999,88667.4,1000.0,0,0
2025-12-26 08:54:04.678567+00:00,88667.4,88756.06739999999,88578.73259999999,88667.4,1000.0,0,0
2025-12-26 08:55:04.998359+00:00,88712.4,88801.11239999998,88623.68759999999,88712.4,1000.0,0,0
2025-12-26 08:56:04.999725+00:00,88682.4,88771.08239999998,88593.71759999999,88682.4,1000.0,0,0
2025-12-26 08:57:05.502724+00:00,88711.7,88800.41169999998,88622.9883,88711.7,1000.0,0,0
2025-12-26 08:58:05.524576+00:00,88713.0,88801.71299999999,88624.287,88713.0,1000.0,0,0
2025-12-26 08:59:05.592351+00:00,88696.9,88785.59689999999,88608.2031,88696.9,1000.0,0,0
2025-12-26 08:59:05.592662+00:00,88696.9,88785.59689999999,88608.2031,88696.9,1000.0,0,0
2025-12-26 09:00:06.705817+00:00,88700.9,88789.60089999999,88612.1991,88700.9,1000.0,0,0
2025-12-26 09:00:06.706323+00:00,88700.9,88789.60089999999,88612.1991,88700.9,1000.0,0,0
2025-12-26 09:01:07.722225+00:00,88715.8,88804.5158,88627.0842,88715.8,1000.0,0,0
2025-12-26 09:01:07.722551+00:00,88715.8,88804.5158,88627.0842,88715.8,1000.0,0,0
2025-12-26 09:02:07.785794+00:00,88750.0,88838.74999999999,88661.25,88750.0,1000.0,0,0
2025-12-26 09:03:07.837812+00:00,88719.9,88808.61989999999,88631.1801,88719.9,1000.0,0,0
2025-12-26 09:04:08.148584+00:00,88702.1,88790.8021,88613.39790000001,88702.1,1000.0,0,0
2025-12-26 09:04:08.148879+00:00,88702.1,88790.8021,88613.39790000001,88702.1,1000.0,0,0
2025-12-26 09:05:08.208301+00:00,88698.2,88786.89819999998,88609.5018,88698.2,1000.0,0,0
2025-12-26 09:05:08.208633+00:00,88698.2,88786.89819999998,88609.5018,88698.2,1000.0,0,0
2025-12-26 09:06:08.528618+00:00,88700.0,88788.7,88611.3,88700.0,1000.0,0,0
2025-12-26 09:06:08.528950+00:00,88700.0,88788.7,88611.3,88700.0,1000.0,0,0
2025-12-26 09:07:08.989925+00:00,88672.1,88760.7721,88583.42790000001,88672.1,1000.0,0,0
2025-12-26 09:07:08.990249+00:00,88672.1,88760.7721,88583.42790000001,88672.1,1000.0,0,0
2025-12-26 09:08:09.524813+00:00,88633.4,88722.03339999999,88544.76659999999,88633.4,1000.0,0,1
2025-12-26 09:08:09.525131+00:00,88633.4,88722.03339999999,88544.76659999999,88633.4,1000.0,0,0
2025-12-26 09:09:09.585597+00:00,88654.5,88743.15449999999,88565.8455,88654.5,1000.0,1,0
2025-12-26 09:09:09.586139+00:00,88654.5,88743.15449999999,88565.8455,88654.5,1000.0,0,0
2025-12-26 09:10:09.841832+00:00,88662.2,88750.86219999999,88573.53779999999,88662.2,1000.0,0,0
2025-12-26 09:10:09.842187+00:00,88662.2,88750.86219999999,88573.53779999999,88662.2,1000.0,0,0
2025-12-26 09:11:09.881928+00:00,88652.4,88741.05239999999,88563.74759999999,88652.4,1000.0,0,0
2025-12-26 09:11:09.882254+00:00,88652.4,88741.05239999999,88563.74759999999,88652.4,1000.0,0,0
2025-12-26 09:12:10.460617+00:00,88645.8,88734.44579999999,88557.1542,88645.8,1000.0,0,1
2025-12-26 09:12:10.460950+00:00,88645.8,88734.44579999999,88557.1542,88645.8,1000.0,0,0
2025-12-26 09:13:10.806801+00:00,88640.5,88729.1405,88551.8595,88640.5,1000.0,0,0
2025-12-26 09:13:10.807121+00:00,88640.5,88729.1405,88551.8595,88640.5,1000.0,0,0
2025-12-26 09:14:10.996803+00:00,88642.8,88731.44279999999,88554.1572,88642.8,1000.0,0,0
2025-12-26 09:14:10.997153+00:00,88642.8,88731.44279999999,88554.1572,88642.8,1000.0,0,0
2025-12-26 09:15:11.250532+00:00,88664.4,88753.06439999999,88575.7356,88664.4,1000.0,1,0
2025-12-26 09:15:11.250876+00:00,88664.4,88753.06439999999,88575.7356,88664.4,1000.0,0,0
2025-12-26 09:16:11.782482+00:00,88665.9,88754.56589999999,88577.23409999999,88665.9,1000.0,0,0
2025-12-26 09:16:11.782778+00:00,88665.9,88754.56589999999,88577.23409999999,88665.9,1000.0,0,0
2025-12-26 09:17:11.887333+00:00,88651.6,88740.2516,88562.94840000001,88651.6,1000.0,0,0
2025-12-26 09:17:11.887632+00:00,88651.6,88740.2516,88562.94840000001,88651.6,1000.0,0,0
2025-12-26 09:18:12.040849+00:00,88659.6,88748.25959999999,88570.9404,88659.6,1000.0,0,0
2025-12-26 09:18:12.041228+00:00,88659.6,88748.25959999999,88570.9404,88659.6,1000.0,0,0
2025-12-26 09:19:12.173416+00:00,88655.4,88744.05539999998,88566.74459999999,88655.4,1000.0,0,0
2025-12-26 09:19:12.173761+00:00,88655.4,88744.05539999998,88566.74459999999,88655.4,1000.0,0,0
2025-12-26 09:20:12.365760+00:00,88655.4,88744.05539999998,88566.74459999999,88655.4,1000.0,0,0
2025-12-26 09:20:12.366193+00:00,88655.4,88744.05539999998,88566.74459999999,88655.4,1000.0,0,0
2025-12-26 09:21:12.749422+00:00,88750.0,88838.74999999999,88661.25,88750.0,1000.0,0,0
2025-12-26 09:22:13.100643+00:00,88770.1,88858.8701,88681.32990000001,88770.1,1000.0,0,0
2025-12-26 09:23:13.269940+00:00,88795.4,88884.19539999998,88706.60459999999,88795.4,1000.0,0,1
2025-12-26 09:24:13.280311+00:00,88785.7,88874.48569999999,88696.9143,88785.7,1000.0,0,0
2025-12-26 09:25:13.679204+00:00,88725.1,88813.8251,88636.37490000001,88725.1,1000.0,1,0
2025-12-26 09:25:13.679498+00:00,88725.1,88813.8251,88636.37490000001,88725.1,1000.0,0,0
2025-12-26 09:26:14.019239+00:00,88679.2,88767.87919999998,88590.5208,88679.2,1000.0,0,0
2025-12-26 09:26:14.019545+00:00,88679.2,88767.87919999998,88590.5208,88679.2,1000.0,0,0
2025-12-26 09:27:14.082075+00:00,88719.0,88807.719,88630.281,88719.0,1000.0,0,0
2025-12-26 09:27:14.082412+00:00,88719.0,88807.719,88630.281,88719.0,1000.0,0,0
2025-12-26 09:28:14.090349+00:00,88719.1,88807.8191,88630.3809,88719.1,1000.0,0,0
2025-12-26 09:28:14.090648+00:00,88719.1,88807.8191,88630.3809,88719.1,1000.0,0,0
2025-12-26 09:29:14.360763+00:00,88719.0,88807.719,88630.281,88719.0,1000.0,0,0
2025-12-26 09:29:14.361198+00:00,88719.0,88807.719,88630.281,88719.0,1000.0,0,0
2025-12-26 09:30:15.508520+00:00,88713.3,88802.01329999999,88624.5867,88713.3,1000.0,0,0
2025-12-26 09:30:15.508836+00:00,88713.3,88802.01329999999,88624.5867,88713.3,1000.0,0,0
2025-12-26 09:31:15.638262+00:00,88685.2,88773.88519999999,88596.51479999999,88685.2,1000.0,0,0
2025-12-26 09:31:15.638586+00:00,88685.2,88773.88519999999,88596.51479999999,88685.2,1000.0,0,0
2025-12-26 09:32:15.818948+00:00,88697.9,88786.59789999998,88609.2021,88697.9,1000.0,0,0
2025-12-26 09:32:15.819311+00:00,88697.9,88786.59789999998,88609.2021,88697.9,1000.0,0,0
2025-12-26 09:33:16.806308+00:00,88713.3,88802.01329999999,88624.5867,88713.3,1000.0,0,0
2025-12-26 09:33:16.806612+00:00,88713.3,88802.01329999999,88624.5867,88713.3,1000.0,0,0
2025-12-26 09:34:17.303999+00:00,88720.1,88808.8201,88631.3799,88720.1,1000.0,0,0
2025-12-26 09:34:17.304323+00:00,88720.1,88808.8201,88631.3799,88720.1,1000.0,0,0
2025-12-26 09:35:17.578909+00:00,88727.9,88816.62789999998,88639.1721,88727.9,1000.0,0,0
2025-12-26 09:35:17.579383+00:00,88727.9,88816.62789999998,88639.1721,88727.9,1000.0,0,0
2025-12-26 09:36:17.599588+00:00,88729.4,88818.12939999999,88640.6706,88729.4,1000.0,0,0
2025-12-26 09:36:17.599930+00:00,88729.4,88818.12939999999,88640.6706,88729.4,1000.0,0,0
2025-12-26 09:37:18.865925+00:00,88745.1,88833.84509999999,88656.3549,88745.1,1000.0,0,0
2025-12-26 09:38:19.276712+00:00,88739.9,88828.63989999998,88651.1601,88739.9,1000.0,0,0
2025-12-26 09:39:19.630933+00:00,88731.8,88820.5318,88643.06820000001,88731.8,1000.0,0,0
2025-12-26 09:39:19.631290+00:00,88731.8,88820.5318,88643.06820000001,88731.8,1000.0,0,0
2025-12-26 09:40:20.056926+00:00,88737.0,88825.737,88648.263,88737.0,1000.0,0,0
2025-12-26 09:40:20.057299+00:00,88737.0,88825.737,88648.263,88737.0,1000.0,0,0
2025-12-26 09:41:20.412021+00:00,88741.7,88830.44169999998,88652.9583,88741.7,1000.0,0,0
2025-12-26 09:41:20.412360+00:00,88741.7,88830.44169999998,88652.9583,88741.7,1000.0,0,0
2025-12-26 09:42:20.572270+00:00,88741.7,88830.44169999998,88652.9583,88741.7,1000.0,0,0
2025-12-26 09:42:20.572600+00:00,88741.7,88830.44169999998,88652.9583,88741.7,1000.0,0,0
2025-12-26 09:43:20.796850+00:00,88744.4,88833.14439999999,88655.6556,88744.4,1000.0,0,0
2025-12-26 09:43:20.797200+00:00,88744.4,88833.14439999999,88655.6556,88744.4,1000.0,0,0
2025-12-26 09:44:20.998885+00:00,88749.0,88837.749,88660.251,88749.0,1000.0,0,0
2025-12-26 09:45:21.063779+00:00,88744.4,88833.14439999999,88655.6556,88744.4,1000.0,0,0
2025-12-26 09:46:21.217315+00:00,88746.1,88834.8461,88657.3539,88746.1,1000.0,0,0
2025-12-26 09:46:21.217663+00:00,88746.1,88834.8461,88657.3539,88746.1,1000.0,0,0
2025-12-26 09:47:22.997271+00:00,88751.5,88840.25149999998,88662.7485,88751.5,1000.0,0,0
2025-12-26 09:48:23.726924+00:00,88760.6,88849.3606,88671.83940000001,88760.6,1000.0,0,0
2025-12-26 09:49:24.388856+00:00,88835.3,88924.1353,88746.4647,88835.3,1000.0,0,0
2025-12-26 09:49:24.389127+00:00,88835.3,88924.1353,88746.4647,88835.3,1000.0,0,0
2025-12-26 09:50:24.614743+00:00,88842.9,88931.74289999998,88754.05709999999,88842.9,1000.0,0,0
2025-12-26 09:50:24.615276+00:00,88842.9,88931.74289999998,88754.05709999999,88842.9,1000.0,0,0
2025-12-26 09:51:24.894608+00:00,88864.4,88953.26439999999,88775.53559999999,88864.4,1000.0,0,0
2025-12-26 09:51:24.894993+00:00,88864.4,88953.26439999999,88775.53559999999,88864.4,1000.0,0,0
2025-12-26 09:52:25.069733+00:00,88842.8,88931.64279999999,88753.9572,88842.8,1000.0,0,0
2025-12-26 09:52:25.069987+00:00,88842.8,88931.64279999999,88753.9572,88842.8,1000.0,0,0
2025-12-26 09:53:25.308316+00:00,88820.1,88908.9201,88731.27990000001,88820.1,1000.0,0,0
2025-12-26 09:53:25.308569+00:00,88820.1,88908.9201,88731.27990000001,88820.1,1000.0,0,0
2025-12-26 09:54:26.307882+00:00,88815.4,88904.21539999999,88726.58459999999,88815.4,1000.0,0,0
2025-12-26 09:54:26.308157+00:00,88815.4,88904.21539999999,88726.58459999999,88815.4,1000.0,0,0
2025-12-26 09:55:26.825685+00:00,88818.2,88907.01819999999,88729.3818,88818.2,1000.0,0,0
2025-12-26 09:55:26.825981+00:00,88818.2,88907.01819999999,88729.3818,88818.2,1000.0,0,0
2025-12-26 09:56:27.421327+00:00,88805.1,88893.90509999999,88716.29490000001,88805.1,1000.0,0,0
2025-12-26 09:57:27.914282+00:00,88819.3,88908.11929999999,88730.4807,88819.3,1000.0,0,0
2025-12-26 09:58:28.073968+00:00,88795.6,88884.39559999999,88706.80440000001,88795.6,1000.0,0,0
2025-12-26 09:59:28.066569+00:00,88783.0,88871.783,88694.217,88783.0,1000.0,0,0
2025-12-26 10:00:28.149951+00:00,88812.3,88901.1123,88723.4877,88812.3,1000.0,0,0
2025-12-26 10:01:28.488592+00:00,88812.0,88900.81199999999,88723.188,88812.0,1000.0,0,0
2025-12-26 10:02:28.798274+00:00,88802.4,88891.20239999998,88713.5976,88802.4,1000.0,0,1
2025-12-26 10:02:28.798574+00:00,88802.4,88891.20239999998,88713.5976,88802.4,1000.0,0,0
2025-12-26 10:03:29.092188+00:00,88784.6,88873.38459999999,88695.8154,88784.6,1000.0,0,0
2025-12-26 10:03:29.092522+00:00,88784.6,88873.38459999999,88695.8154,88784.6,1000.0,0,0
2025-12-26 10:04:29.448196+00:00,88797.4,88886.19739999999,88708.6026,88797.4,1000.0,0,0
2025-12-26 10:04:29.448679+00:00,88797.4,88886.19739999999,88708.6026,88797.4,1000.0,0,0
2025-12-26 10:05:29.605121+00:00,88809.2,88898.00919999999,88720.3908,88809.2,1000.0,1,0
2025-12-26 10:05:29.605427+00:00,88809.2,88898.00919999999,88720.3908,88809.2,1000.0,0,0
2025-12-26 10:06:30.196151+00:00,88807.3,88896.10729999999,88718.4927,88807.3,1000.0,0,0
2025-12-26 10:06:30.196463+00:00,88807.3,88896.10729999999,88718.4927,88807.3,1000.0,0,0
2025-12-26 10:07:31.006987+00:00,88766.3,88855.06629999999,88677.5337,88766.3,1000.0,0,0
2025-12-26 10:08:32.262435+00:00,88763.0,88851.76299999999,88674.237,88763.0,1000.0,0,0
2025-12-26 10:09:32.442089+00:00,88724.2,88812.9242,88635.4758,88724.2,1000.0,0,0
2025-12-26 10:09:32.442428+00:00,88724.2,88812.9242,88635.4758,88724.2,1000.0,0,0
2025-12-26 10:10:32.645784+00:00,88770.4,88859.17039999999,88681.6296,88770.4,1000.0,0,1
2025-12-26 10:10:32.646080+00:00,88770.4,88859.17039999999,88681.6296,88770.4,1000.0,0,0
2025-12-26 10:11:32.737891+00:00,88757.9,88846.65789999999,88669.1421,88757.9,1000.0,0,0
2025-12-26 10:11:32.738245+00:00,88757.9,88846.65789999999,88669.1421,88757.9,1000.0,0,0
2025-12-26 10:12:33.593405+00:00,88826.3,88915.12629999999,88737.4737,88826.3,1000.0,1,0
2025-12-26 10:12:33.593798+00:00,88826.3,88915.12629999999,88737.4737,88826.3,1000.0,0,0
2025-12-26 10:13:34.401890+00:00,88837.7,88926.53769999999,88748.8623,88837.7,1000.0,0,0
2025-12-26 10:13:34.402157+00:00,88837.7,88926.53769999999,88748.8623,88837.7,1000.0,0,0
2025-12-26 10:14:34.613063+00:00,88835.7,88924.5357,88746.8643,88835.7,1000.0,0,0
2025-12-26 10:14:34.613330+00:00,88835.7,88924.5357,88746.8643,88835.7,1000.0,0,0
2025-12-26 10:15:35.175749+00:00,88802.7,88891.50269999998,88713.8973,88802.7,1000.0,0,0
2025-12-26 10:15:35.176115+00:00,88802.7,88891.50269999998,88713.8973,88802.7,1000.0,0,0
2025-12-26 10:16:36.107084+00:00,88794.1,88882.89409999999,88705.3059,88794.1,1000.0,0,1
2025-12-26 10:16:36.107531+00:00,88794.1,88882.89409999999,88705.3059,88794.1,1000.0,0,0
2025-12-26 10:17:36.206187+00:00,88743.6,88832.3436,88654.8564,88743.6,1000.0,0,0
2025-12-26 10:17:36.206629+00:00,88743.6,88832.3436,88654.8564,88743.6,1000.0,0,0
2025-12-26 10:18:36.225111+00:00,88719.1,88807.8191,88630.3809,88719.1,1000.0,1,0
2025-12-26 10:18:36.225457+00:00,88719.1,88807.8191,88630.3809,88719.1,1000.0,0,0
2025-12-26 10:19:36.430345+00:00,88725.1,88813.8251,88636.37490000001,88725.1,1000.0,0,0
2025-12-26 10:19:36.430679+00:00,88725.1,88813.8251,88636.37490000001,88725.1,1000.0,0,0
2025-12-26 10:20:36.475974+00:00,88721.6,88810.3216,88632.8784,88721.6,1000.0,0,0
2025-12-26 10:20:36.476303+00:00,88721.6,88810.3216,88632.8784,88721.6,1000.0,0,0
2025-12-26 10:21:36.873018+00:00,88685.2,88773.88519999999,88596.51479999999,88685.2,1000.0,0,0
2025-12-26 10:21:36.873346+00:00,88685.2,88773.88519999999,88596.51479999999,88685.2,1000.0,0,0
2025-12-26 10:22:37.038845+00:00,88686.0,88774.68599999999,88597.314,88686.0,1000.0,0,1
2025-12-26 10:22:37.040413+00:00,88686.0,88774.68599999999,88597.314,88686.0,1000.0,0,0
2025-12-26 10:23:37.174610+00:00,88671.4,88760.07139999999,88582.72859999999,88671.4,1000.0,0,0
2025-12-26 10:23:37.174940+00:00,88671.4,88760.07139999999,88582.72859999999,88671.4,1000.0,0,0
2025-12-26 10:24:37.283152+00:00,88677.3,88765.9773,88588.6227,88677.3,1000.0,0,0
2025-12-26 10:24:37.283480+00:00,88677.3,88765.9773,88588.6227,88677.3,1000.0,0,0
2025-12-26 10:25:37.706985+00:00,88684.1,88772.78409999999,88595.4159,88684.1,1000.0,0,0
2025-12-26 10:25:37.707330+00:00,88684.1,88772.78409999999,88595.4159,88684.1,1000.0,0,0
2025-12-26 10:26:37.930620+00:00,88739.0,88827.73899999999,88650.261,88739.0,1000.0,1,0
2025-12-26 10:26:37.930958+00:00,88739.0,88827.73899999999,88650.261,88739.0,1000.0,0,0
2025-12-26 10:27:38.791643+00:00,88735.7,88824.43569999999,88646.96429999999,88735.7,1000.0,0,0
2025-12-26 10:27:38.791983+00:00,88735.7,88824.43569999999,88646.96429999999,88735.7,1000.0,0,0
2025-12-26 10:28:39.174815+00:00,88763.1,88851.8631,88674.33690000001,88763.1,1000.0,0,1
2025-12-26 10:28:39.175133+00:00,88763.1,88851.8631,88674.33690000001,88763.1,1000.0,0,0
2025-12-26 10:29:39.835682+00:00,88784.9,88873.68489999998,88696.1151,88784.9,1000.0,0,0
2025-12-26 10:29:39.836001+00:00,88784.9,88873.68489999998,88696.1151,88784.9,1000.0,0,0
2025-12-26 10:30:40.273057+00:00,88735.6,88824.33559999999,88646.8644,88735.6,1000.0,1,0
2025-12-26 10:30:40.273373+00:00,88735.6,88824.33559999999,88646.8644,88735.6,1000.0,0,0
2025-12-26 10:31:40.404290+00:00,88709.1,88797.8091,88620.3909,88709.1,1000.0,0,0
2025-12-26 10:31:40.404624+00:00,88709.1,88797.8091,88620.3909,88709.1,1000.0,0,0
2025-12-26 10:32:40.461974+00:00,88681.1,88769.7811,88592.4189,88681.1,1000.0,0,1
2025-12-26 10:32:40.462342+00:00,88681.1,88769.7811,88592.4189,88681.1,1000.0,0,0
2025-12-26 10:33:40.732833+00:00,88670.1,88758.7701,88581.4299,88670.1,1000.0,0,0
2025-12-26 10:34:40.887318+00:00,88663.2,88751.86319999999,88574.5368,88663.2,1000.0,0,0
2025-12-26 10:35:41.239529+00:00,88676.1,88764.7761,88587.42390000001,88676.1,1000.0,0,0
2025-12-26 10:36:41.475279+00:00,88660.0,88748.65999999999,88571.34,88660.0,1000.0,0,0
2025-12-26 10:37:41.848676+00:00,88652.8,88741.4528,88564.1472,88652.8,1000.0,0,0
2025-12-26 10:37:41.848924+00:00,88652.8,88741.4528,88564.1472,88652.8,1000.0,0,0
2025-12-26 10:38:42.425833+00:00,88652.7,88741.35269999999,88564.04729999999,88652.7,1000.0,0,0
2025-12-26 10:38:42.426119+00:00,88652.7,88741.35269999999,88564.04729999999,88652.7,1000.0,0,0
2025-12-26 10:39:42.584079+00:00,88666.6,88755.2666,88577.93340000001,88666.6,1000.0,0,0
2025-12-26 10:40:43.292395+00:00,88668.0,88756.66799999999,88579.332,88668.0,1000.0,0,0
2025-12-26 10:41:43.723435+00:00,88649.7,88738.34969999999,88561.0503,88649.7,1000.0,0,0
2025-12-26 10:41:43.723706+00:00,88649.7,88738.34969999999,88561.0503,88649.7,1000.0,0,0
2025-12-26 10:42:43.782149+00:00,88642.9,88731.54289999999,88554.25709999999,88642.9,1000.0,0,0
2025-12-26 10:42:43.782532+00:00,88642.9,88731.54289999999,88554.25709999999,88642.9,1000.0,0,0
2025-12-26 10:43:44.020606+00:00,88711.7,88800.41169999998,88622.9883,88711.7,1000.0,0,0
2025-12-26 10:44:44.101954+00:00,88712.7,88801.41269999999,88623.9873,88712.7,1000.0,0,0
2025-12-26 10:45:44.646036+00:00,88729.9,88818.62989999999,88641.17009999999,88729.9,1000.0,0,0
2025-12-26 10:45:44.646360+00:00,88729.9,88818.62989999999,88641.17009999999,88729.9,1000.0,0,0
2025-12-26 10:46:45.175137+00:00,88803.2,88892.00319999999,88714.3968,88803.2,1000.0,1,0
2025-12-26 10:46:45.175503+00:00,88803.2,88892.00319999999,88714.3968,88803.2,1000.0,0,0
2025-12-26 10:47:45.201704+00:00,88792.6,88881.39259999999,88703.8074,88792.6,1000.0,0,1
2025-12-26 10:47:45.202020+00:00,88792.6,88881.39259999999,88703.8074,88792.6,1000.0,0,0
2025-12-26 10:48:45.244366+00:00,88802.2,88891.00219999999,88713.39779999999,88802.2,1000.0,0,0
2025-12-26 10:48:45.244693+00:00,88802.2,88891.00219999999,88713.39779999999,88802.2,1000.0,0,0
2025-12-26 10:49:45.414618+00:00,88803.2,88892.00319999999,88714.3968,88803.2,1000.0,1,0
2025-12-26 10:49:45.414914+00:00,88803.2,88892.00319999999,88714.3968,88803.2,1000.0,0,0
2025-12-26 10:50:45.627085+00:00,88745.1,88833.84509999999,88656.3549,88745.1,1000.0,0,1
2025-12-26 10:50:45.627425+00:00,88745.1,88833.84509999999,88656.3549,88745.1,1000.0,0,0
2025-12-26 10:51:45.794376+00:00,88767.2,88855.96719999998,88678.4328,88767.2,1000.0,0,0
2025-12-26 10:51:45.794702+00:00,88767.2,88855.96719999998,88678.4328,88767.2,1000.0,0,0
2025-12-26 10:52:46.069411+00:00,88766.3,88855.06629999999,88677.5337,88766.3,1000.0,0,0
2025-12-26 10:52:46.069759+00:00,88766.3,88855.06629999999,88677.5337,88766.3,1000.0,0,0
2025-12-26 10:53:46.393677+00:00,88755.8,88844.55579999999,88667.0442,88755.8,1000.0,0,0
2025-12-26 10:53:46.393996+00:00,88755.8,88844.55579999999,88667.0442,88755.8,1000.0,0,0
2025-12-26 10:54:46.604868+00:00,88779.3,88868.0793,88690.52070000001,88779.3,1000.0,0,0
2025-12-26 10:54:46.605328+00:00,88779.3,88868.0793,88690.52070000001,88779.3,1000.0,0,0
2025-12-26 10:55:47.374590+00:00,88742.1,88830.8421,88653.3579,88742.1,1000.0,0,0
2025-12-26 10:55:47.374928+00:00,88742.1,88830.8421,88653.3579,88742.1,1000.0,0,0
2025-12-26 10:56:47.726894+00:00,88763.8,88852.56379999999,88675.0362,88763.8,1000.0,0,0
2025-12-26 10:56:47.727220+00:00,88763.8,88852.56379999999,88675.0362,88763.8,1000.0,0,0
2025-12-26 10:57:47.988497+00:00,88723.1,88811.8231,88634.3769,88723.1,1000.0,0,0
2025-12-26 10:57:47.989017+00:00,88723.1,88811.8231,88634.3769,88723.1,1000.0,0,0
2025-12-26 10:58:48.019529+00:00,88710.0,88798.70999999999,88621.29,88710.0,1000.0,0,0
2025-12-26 10:59:48.206501+00:00,88712.3,88801.01229999999,88623.5877,88712.3,1000.0,0,0
2025-12-26 11:00:48.430689+00:00,88707.2,88795.90719999999,88618.49279999999,88707.2,1000.0,0,0
2025-12-26 11:01:48.961275+00:00,88678.2,88766.87819999999,88589.5218,88678.2,1000.0,0,0
2025-12-26 11:02:49.706519+00:00,88691.2,88779.89119999998,88602.5088,88691.2,1000.0,0,0
2025-12-26 11:02:49.706795+00:00,88691.2,88779.89119999998,88602.5088,88691.2,1000.0,0,0
2025-12-26 11:03:50.516263+00:00,88671.9,88760.57189999998,88583.2281,88671.9,1000.0,0,0
2025-12-26 11:03:50.516624+00:00,88671.9,88760.57189999998,88583.2281,88671.9,1000.0,0,0
2025-12-26 11:04:51.231205+00:00,88671.9,88760.57189999998,88583.2281,88671.9,1000.0,0,0
2025-12-26 11:04:51.231456+00:00,88671.9,88760.57189999998,88583.2281,88671.9,1000.0,0,0
2025-12-26 11:05:51.545695+00:00,88668.6,88757.2686,88579.9314,88668.6,1000.0,0,0
2025-12-26 11:05:51.545996+00:00,88668.6,88757.2686,88579.9314,88668.6,1000.0,0,0
2025-12-26 11:06:52.133169+00:00,88680.1,88768.78009999999,88591.41990000001,88680.1,1000.0,0,0
2025-12-26 11:06:52.133426+00:00,88680.1,88768.78009999999,88591.41990000001,88680.1,1000.0,0,0
2025-12-26 11:07:52.411564+00:00,88710.0,88798.70999999999,88621.29,88710.0,1000.0,0,0
2025-12-26 11:08:52.750840+00:00,88722.6,88811.3226,88633.87740000001,88722.6,1000.0,0,0
2025-12-26 11:09:53.088599+00:00,88705.9,88794.60589999998,88617.1941,88705.9,1000.0,0,0
2025-12-26 12:05:18.626392+00:00,88630.1,88718.7301,88541.46990000001,88630.1,1000.0,0,0
2025-12-26 12:06:18.124819+00:00,88615.6,88704.2156,88526.9844,88615.6,1000.0,0,0
2025-12-26 12:07:18.519125+00:00,88600.0,88688.59999999999,88511.4,88600.0,1000.0,0,0
2025-12-26 12:08:18.462252+00:00,88596.2,88684.79619999998,88507.6038,88596.2,1000.0,0,0
2025-12-26 12:09:19.031197+00:00,88597.7,88686.29769999998,88509.1023,88597.7,1000.0,0,0
2025-12-26 12:10:19.137063+00:00,88574.5,88663.07449999999,88485.9255,88574.5,1000.0,0,0
2025-12-26 12:11:19.634558+00:00,88607.9,88696.50789999998,88519.29209999999,88607.9,1000.0,0,0
2025-12-26 12:12:20.303578+00:00,88615.8,88704.41579999999,88527.1842,88615.8,1000.0,0,0
2025-12-26 12:17:00.703691+00:00,88619.0,88707.61899999999,88530.381,88619.0,1000.0,0,0
2025-12-26 12:18:01.544643+00:00,88619.1,88707.7191,88530.48090000001,88619.1,1000.0,0,0
2025-12-26 12:19:02.113392+00:00,88665.3,88753.9653,88576.63470000001,88665.3,1000.0,0,0
2025-12-26 12:20:02.056031+00:00,88600.0,88688.59999999999,88511.4,88600.0,1000.0,0,0
2025-12-26 12:21:02.924553+00:00,88590.6,88679.1906,88502.00940000001,88590.6,1000.0,0,0
2025-12-26 12:22:03.095291+00:00,88614.9,88703.51489999998,88526.2851,88614.9,1000.0,0,0
2025-12-26 12:23:03.342264+00:00,88628.8,88717.4288,88540.1712,88628.8,1000.0,0,0
2025-12-26 12:24:03.916126+00:00,88639.8,88728.4398,88551.1602,88639.8,1000.0,0,0
2025-12-26 12:25:03.982998+00:00,88638.5,88727.13849999999,88549.8615,88638.5,1000.0,0,0
2025-12-26 12:26:04.503124+00:00,88648.1,88736.7481,88559.4519,88648.1,1000.0,0,0
2025-12-26 12:28:05.189429+00:00,88665.1,88753.76509999999,88576.43490000001,88665.1,1000.0,1,0
2025-12-26 12:28:05.189936+00:00,88665.1,88753.76509999999,88576.43490000001,88665.1,1000.0,0,0
2025-12-26 12:29:05.609017+00:00,88668.9,88757.56889999998,88580.23109999999,88668.9,1000.0,0,0
2025-12-26 12:29:05.609511+00:00,88668.9,88757.56889999998,88580.23109999999,88668.9,1000.0,0,0
2025-12-26 12:30:06.367778+00:00,88666.0,88754.666,88577.334,88666.0,1000.0,0,0
2025-12-26 12:30:06.368129+00:00,88666.0,88754.666,88577.334,88666.0,1000.0,0,0
2025-12-26 12:31:06.751227+00:00,88642.3,88730.9423,88553.6577,88642.3,1000.0,0,0
2025-12-26 12:31:06.751570+00:00,88642.3,88730.9423,88553.6577,88642.3,1000.0,0,0
2025-12-26 12:32:06.959640+00:00,88637.0,88725.63699999999,88548.363,88637.0,1000.0,0,1
2025-12-26 12:32:06.960163+00:00,88637.0,88725.63699999999,88548.363,88637.0,1000.0,0,0
2025-12-26 12:34:07.999708+00:00,88630.1,88718.7301,88541.46990000001,88630.1,1000.0,0,0
2025-12-26 12:34:08.000144+00:00,88630.1,88718.7301,88541.46990000001,88630.1,1000.0,0,0
2025-12-26 12:36:08.679336+00:00,88637.9,88726.53789999998,88549.26209999999,88637.9,1000.0,0,0
2025-12-26 12:36:08.679666+00:00,88637.9,88726.53789999998,88549.26209999999,88637.9,1000.0,0,0
2025-12-26 12:37:09.919462+00:00,88631.0,88719.631,88542.369,88631.0,1000.0,0,0
2025-12-26 12:37:09.919758+00:00,88631.0,88719.631,88542.369,88631.0,1000.0,0,0
2025-12-26 12:38:10.672798+00:00,88633.2,88721.8332,88544.5668,88633.2,1000.0,0,0
2025-12-26 12:38:10.673319+00:00,88633.2,88721.8332,88544.5668,88633.2,1000.0,0,0
2025-12-26 12:39:10.876136+00:00,88652.6,88741.25259999999,88563.9474,88652.6,1000.0,1,0
2025-12-26 12:39:10.876479+00:00,88652.6,88741.25259999999,88563.9474,88652.6,1000.0,0,0
2025-12-26 12:40:11.139401+00:00,88704.5,88793.20449999999,88615.7955,88704.5,1000.0,0,0
2025-12-26 12:40:11.139726+00:00,88704.5,88793.20449999999,88615.7955,88704.5,1000.0,0,0
2025-12-26 12:41:11.532591+00:00,88709.2,88797.90919999998,88620.4908,88709.2,1000.0,0,0
2025-12-26 12:41:11.532941+00:00,88709.2,88797.90919999998,88620.4908,88709.2,1000.0,0,0
2025-12-26 12:42:11.989579+00:00,88736.0,88824.73599999999,88647.264,88736.0,1000.0,0,0
2025-12-26 12:42:11.989886+00:00,88736.0,88824.73599999999,88647.264,88736.0,1000.0,0,0
2025-12-26 12:43:12.060111+00:00,88709.3,88798.00929999999,88620.5907,88709.3,1000.0,0,0
2025-12-26 12:43:12.060449+00:00,88709.3,88798.00929999999,88620.5907,88709.3,1000.0,0,0
2025-12-26 12:48:13.912645+00:00,88697.9,88786.59789999998,88609.2021,88697.9,1000.0,0,0
2025-12-26 12:48:13.912923+00:00,88697.9,88786.59789999998,88609.2021,88697.9,1000.0,0,0
2025-12-26 12:49:14.223865+00:00,88663.2,88751.86319999999,88574.5368,88663.2,1000.0,0,0
2025-12-26 12:49:14.224182+00:00,88663.2,88751.86319999999,88574.5368,88663.2,1000.0,0,0
2025-12-26 12:50:15.630425+00:00,88671.2,88759.8712,88582.5288,88671.2,1000.0,0,0
2025-12-26 12:50:15.630772+00:00,88671.2,88759.8712,88582.5288,88671.2,1000.0,0,0
2025-12-26 12:51:15.853768+00:00,88656.1,88744.7561,88567.44390000001,88656.1,1000.0,0,0
2025-12-26 12:51:15.854134+00:00,88656.1,88744.7561,88567.44390000001,88656.1,1000.0,0,0
2025-12-26 12:52:15.998270+00:00,88676.1,88764.7761,88587.42390000001,88676.1,1000.0,0,0
2025-12-26 12:52:15.998576+00:00,88676.1,88764.7761,88587.42390000001,88676.1,1000.0,0,0
2025-12-26 12:53:16.405612+00:00,88687.0,88775.68699999999,88598.313,88687.0,1000.0,0,0
2025-12-26 12:53:16.405918+00:00,88687.0,88775.68699999999,88598.313,88687.0,1000.0,0,0
2025-12-26 12:58:18.621532+00:00,88647.4,88736.04739999998,88558.75259999999,88647.4,1000.0,0,0
2025-12-26 12:58:18.621892+00:00,88647.4,88736.04739999998,88558.75259999999,88647.4,1000.0,0,0
2025-12-26 12:59:18.938248+00:00,88651.9,88740.55189999999,88563.2481,88651.9,1000.0,0,0
2025-12-26 12:59:18.938583+00:00,88651.9,88740.55189999999,88563.2481,88651.9,1000.0,0,0
2025-12-26 13:00:19.200639+00:00,88649.6,88738.2496,88560.9504,88649.6,1000.0,0,0
2025-12-26 13:00:19.200977+00:00,88649.6,88738.2496,88560.9504,88649.6,1000.0,0,0
2025-12-26 13:01:19.525040+00:00,88635.6,88724.2356,88546.96440000001,88635.6,1000.0,0,1
2025-12-26 13:01:19.525374+00:00,88635.6,88724.2356,88546.96440000001,88635.6,1000.0,0,0
2025-12-26 13:02:19.793690+00:00,88608.6,88697.2086,88519.9914,88608.6,1000.0,0,0
2025-12-26 13:02:19.794081+00:00,88608.6,88697.2086,88519.9914,88608.6,1000.0,0,0
2025-12-26 13:03:19.916270+00:00,88602.8,88691.4028,88514.19720000001,88602.8,1000.0,0,0
2025-12-26 13:03:19.916605+00:00,88602.8,88691.4028,88514.19720000001,88602.8,1000.0,0,0
2025-12-26 13:08:22.243536+00:00,88690.9,88779.59089999998,88602.2091,88690.9,1000.0,1,0
2025-12-26 13:08:22.243795+00:00,88690.9,88779.59089999998,88602.2091,88690.9,1000.0,0,0
2025-12-26 13:09:22.279390+00:00,88689.5,88778.1895,88600.8105,88689.5,1000.0,0,0
2025-12-26 13:09:22.279649+00:00,88689.5,88778.1895,88600.8105,88689.5,1000.0,0,0
2025-12-26 13:10:22.371069+00:00,88736.4,88825.13639999999,88647.6636,88736.4,1000.0,0,0
2025-12-26 13:10:22.371465+00:00,88736.4,88825.13639999999,88647.6636,88736.4,1000.0,0,0
2025-12-26 13:11:22.417207+00:00,88767.7,88856.4677,88678.9323,88767.7,1000.0,0,0
2025-12-26 13:11:22.417477+00:00,88767.7,88856.4677,88678.9323,88767.7,1000.0,0,0
2025-12-26 13:12:22.679702+00:00,88792.9,88881.69289999998,88704.1071,88792.9,1000.0,0,0
2025-12-26 13:12:22.679969+00:00,88792.9,88881.69289999998,88704.1071,88792.9,1000.0,0,0
2025-12-26 13:18:24.496181+00:00,88806.5,88895.30649999999,88717.6935,88806.5,1000.0,0,0
2025-12-26 13:18:24.496465+00:00,88806.5,88895.30649999999,88717.6935,88806.5,1000.0,0,0
2025-12-26 13:19:24.738231+00:00,88804.0,88892.80399999999,88715.196,88804.0,1000.0,0,0
2025-12-26 13:19:24.738498+00:00,88804.0,88892.80399999999,88715.196,88804.0,1000.0,0,0
2025-12-26 13:20:25.229653+00:00,88797.6,88886.3976,88708.8024,88797.6,1000.0,0,0
2025-12-26 13:20:25.229931+00:00,88797.6,88886.3976,88708.8024,88797.6,1000.0,0,0
2025-12-26 13:21:25.468372+00:00,88750.1,88838.8501,88661.3499,88750.1,1000.0,0,0
2025-12-26 13:21:25.468690+00:00,88750.1,88838.8501,88661.3499,88750.1,1000.0,0,0
2025-12-26 13:22:25.941838+00:00,88726.7,88815.42669999998,88637.9733,88726.7,1000.0,0,0
2025-12-26 13:22:25.942206+00:00,88726.7,88815.42669999998,88637.9733,88726.7,1000.0,0,0
2025-12-26 13:28:28.134171+00:00,88759.6,88848.3596,88670.8404,88759.6,1000.0,0,0
2025-12-26 13:28:28.134427+00:00,88759.6,88848.3596,88670.8404,88759.6,1000.0,0,0
2025-12-26 13:29:29.218651+00:00,88740.1,88828.8401,88651.35990000001,88740.1,1000.0,0,0
2025-12-26 13:29:29.218984+00:00,88740.1,88828.8401,88651.35990000001,88740.1,1000.0,0,0
2025-12-26 13:30:29.315707+00:00,88767.6,88856.3676,88678.8324,88767.6,1000.0,0,0
2025-12-26 13:30:29.316121+00:00,88767.6,88856.3676,88678.8324,88767.6,1000.0,0,0
2025-12-26 13:31:29.417060+00:00,88742.7,88831.44269999999,88653.9573,88742.7,1000.0,0,0
2025-12-26 13:31:29.417385+00:00,88742.7,88831.44269999999,88653.9573,88742.7,1000.0,0,0
2025-12-26 13:32:29.503931+00:00,88755.4,88844.15539999999,88666.6446,88755.4,1000.0,0,0
2025-12-26 13:32:29.504220+00:00,88755.4,88844.15539999999,88666.6446,88755.4,1000.0,0,0
2025-12-26 13:37:30.997314+00:00,88796.0,88884.79599999999,88707.204,88796.0,1000.0,0,0
2025-12-26 13:37:30.997592+00:00,88796.0,88884.79599999999,88707.204,88796.0,1000.0,0,0
2025-12-26 13:38:31.741409+00:00,88840.3,88929.1403,88751.4597,88840.3,1000.0,0,0
2025-12-26 13:38:31.741682+00:00,88840.3,88929.1403,88751.4597,88840.3,1000.0,0,0
2025-12-26 13:39:31.955477+00:00,88904.0,88992.904,88815.096,88904.0,1000.0,0,0
2025-12-26 13:39:31.955714+00:00,88904.0,88992.904,88815.096,88904.0,1000.0,0,0
2025-12-26 13:40:32.204710+00:00,88941.3,89030.2413,88852.3587,88941.3,1000.0,0,0
2025-12-26 13:40:32.204978+00:00,88941.3,89030.2413,88852.3587,88941.3,1000.0,0,0
2025-12-26 13:41:32.393474+00:00,88966.5,89055.4665,88877.5335,88966.5,1000.0,0,0
2025-12-26 13:41:32.393778+00:00,88966.5,89055.4665,88877.5335,88966.5,1000.0,0,0
2025-12-26 13:42:32.645950+00:00,88914.4,89003.31439999999,88825.4856,88914.4,1000.0,0,0
2025-12-26 13:42:32.646242+00:00,88914.4,89003.31439999999,88825.4856,88914.4,1000.0,0,0
2025-12-26 13:44:33.112683+00:00,88880.8,88969.68079999999,88791.9192,88880.8,1000.0,0,1
2025-12-26 13:44:33.113015+00:00,88880.8,88969.68079999999,88791.9192,88880.8,1000.0,0,0
2025-12-26 13:45:33.458951+00:00,88866.0,88954.866,88777.134,88866.0,1000.0,0,0
2025-12-26 13:45:33.459311+00:00,88866.0,88954.866,88777.134,88866.0,1000.0,0,0
2025-12-26 13:47:34.257359+00:00,88900.1,88989.00009999999,88811.1999,88900.1,1000.0,1,0
2025-12-26 13:47:34.257710+00:00,88900.1,88989.00009999999,88811.1999,88900.1,1000.0,0,0
2025-12-26 13:48:34.282890+00:00,88992.4,89081.39239999998,88903.40759999999,88992.4,1000.0,0,0
2025-12-26 13:48:34.283184+00:00,88992.4,89081.39239999998,88903.40759999999,88992.4,1000.0,0,0
2025-12-26 13:49:34.317448+00:00,88996.1,89085.0961,88907.1039,88996.1,1000.0,0,0
2025-12-26 13:49:34.317725+00:00,88996.1,89085.0961,88907.1039,88996.1,1000.0,0,0
2025-12-26 13:50:34.806458+00:00,88981.0,89069.98099999999,88892.019,88981.0,1000.0,0,0
2025-12-26 13:50:34.806714+00:00,88981.0,89069.98099999999,88892.019,88981.0,1000.0,0,0
2025-12-26 13:51:34.929246+00:00,88947.8,89036.7478,88858.85220000001,88947.8,1000.0,0,0
2025-12-26 13:51:34.929515+00:00,88947.8,89036.7478,88858.85220000001,88947.8,1000.0,0,0
2025-12-26 13:52:35.377730+00:00,88930.9,89019.83089999999,88841.96909999999,88930.9,1000.0,0,0
2025-12-26 13:52:35.378042+00:00,88930.9,89019.83089999999,88841.96909999999,88930.9,1000.0,0,0
2025-12-26 13:57:36.679035+00:00,88985.7,89074.68569999999,88896.71429999999,88985.7,1000.0,0,0
2025-12-26 13:57:36.679459+00:00,88985.7,89074.68569999999,88896.71429999999,88985.7,1000.0,0,0
2025-12-26 13:58:36.828032+00:00,89002.6,89091.6026,88913.5974,89002.6,1000.0,0,0
2025-12-26 13:58:36.828323+00:00,89002.6,89091.6026,88913.5974,89002.6,1000.0,0,0
2025-12-26 13:59:37.352151+00:00,88982.5,89071.48249999998,88893.5175,88982.5,1000.0,0,0
2025-12-26 13:59:37.352422+00:00,88982.5,89071.48249999998,88893.5175,88982.5,1000.0,0,0
2025-12-26 14:00:37.657324+00:00,88903.0,88991.90299999999,88814.097,88903.0,1000.0,0,0
2025-12-26 14:01:37.689993+00:00,88874.9,88963.77489999999,88786.0251,88874.9,1000.0,0,0
2025-12-26 14:02:37.865342+00:00,88909.9,88998.80989999998,88820.9901,88909.9,1000.0,0,0
2025-12-26 14:03:37.876584+00:00,88921.0,89009.92099999999,88832.079,88921.0,1000.0,0,0
2025-12-26 14:07:38.971671+00:00,88997.3,89086.29729999999,88908.3027,88997.3,1000.0,0,0
2025-12-26 14:07:38.971944+00:00,88997.3,89086.29729999999,88908.3027,88997.3,1000.0,0,0
2025-12-26 14:08:39.315346+00:00,88974.0,89062.97399999999,88885.026,88974.0,1000.0,0,0
2025-12-26 14:08:39.315627+00:00,88974.0,89062.97399999999,88885.026,88974.0,1000.0,0,0
2025-12-26 14:09:39.745921+00:00,88936.4,89025.33639999999,88847.46359999999,88936.4,1000.0,0,0
2025-12-26 14:10:39.819555+00:00,88914.5,89003.41449999998,88825.5855,88914.5,1000.0,0,0
2025-12-26 14:11:39.862997+00:00,88904.3,88993.2043,88815.39570000001,88904.3,1000.0,0,0
2025-12-26 14:12:39.892036+00:00,88919.4,89008.31939999998,88830.4806,88919.4,1000.0,0,0
2025-12-26 14:17:41.690080+00:00,88963.7,89052.66369999999,88874.7363,88963.7,1000.0,0,0
2025-12-26 14:17:41.690556+00:00,88963.7,89052.66369999999,88874.7363,88963.7,1000.0,0,0
2025-12-26 14:18:42.176089+00:00,88932.6,89021.53259999999,88843.6674,88932.6,1000.0,0,0
2025-12-26 14:19:42.453229+00:00,88944.9,89033.84489999998,88855.95509999999,88944.9,1000.0,0,0
2025-12-26 14:20:42.496812+00:00,88960.6,89049.5606,88871.6394,88960.6,1000.0,0,0
2025-12-26 14:20:42.497071+00:00,88960.6,89049.5606,88871.6394,88960.6,1000.0,0,0
2025-12-26 14:21:42.747233+00:00,88968.9,89057.86889999999,88879.93109999999,88968.9,1000.0,0,0
2025-12-26 14:21:42.747516+00:00,88968.9,89057.86889999999,88879.93109999999,88968.9,1000.0,0,0
2025-12-26 14:22:42.855803+00:00,88960.5,89049.46049999999,88871.5395,88960.5,1000.0,0,0
2025-12-26 14:22:42.856217+00:00,88960.5,89049.46049999999,88871.5395,88960.5,1000.0,0,0
2025-12-26 14:27:44.349824+00:00,88961.7,89050.66169999998,88872.7383,88961.7,1000.0,0,0
2025-12-26 14:27:44.350108+00:00,88961.7,89050.66169999998,88872.7383,88961.7,1000.0,0,0
2025-12-26 14:28:44.414660+00:00,88936.2,89025.1362,88847.2638,88936.2,1000.0,0,0
2025-12-26 14:29:44.595444+00:00,88937.0,89025.93699999999,88848.063,88937.0,1000.0,0,0
2025-12-26 14:30:44.857805+00:00,88789.6,88878.3896,88700.8104,88789.6,1000.0,0,0
2025-12-26 14:31:45.023303+00:00,88896.3,88985.1963,88807.40370000001,88896.3,1000.0,0,0
2025-12-26 14:32:45.162236+00:00,88981.6,89070.58159999999,88892.6184,88981.6,1000.0,0,0
2025-12-26 14:32:45.162498+00:00,88981.6,89070.58159999999,88892.6184,88981.6,1000.0,0,0
2025-12-26 14:37:45.885398+00:00,88720.4,88809.12039999999,88631.67959999999,88720.4,1000.0,0,0
2025-12-26 14:37:45.885687+00:00,88720.4,88809.12039999999,88631.67959999999,88720.4,1000.0,0,0
2025-12-26 14:38:46.058289+00:00,88708.9,88797.60889999998,88620.1911,88708.9,1000.0,0,0
2025-12-26 14:38:46.058761+00:00,88708.9,88797.60889999998,88620.1911,88708.9,1000.0,0,0
2025-12-26 14:39:46.051219+00:00,88590.8,88679.3908,88502.2092,88590.8,1000.0,0,1
2025-12-26 14:39:46.051466+00:00,88590.8,88679.3908,88502.2092,88590.8,1000.0,0,0
2025-12-26 14:40:46.316945+00:00,88585.2,88673.78519999998,88496.6148,88585.2,1000.0,0,0
2025-12-26 14:40:46.317211+00:00,88585.2,88673.78519999998,88496.6148,88585.2,1000.0,0,0
2025-12-26 14:41:46.531308+00:00,88487.6,88576.0876,88399.11240000001,88487.6,1000.0,0,0
2025-12-26 14:41:46.531583+00:00,88487.6,88576.0876,88399.11240000001,88487.6,1000.0,0,0
2025-12-26 14:42:46.814137+00:00,88398.8,88487.1988,88310.40120000001,88398.8,1000.0,0,0
2025-12-26 14:42:46.814424+00:00,88398.8,88487.1988,88310.40120000001,88398.8,1000.0,0,0
2025-12-26 14:43:46.903152+00:00,88349.0,88437.34899999999,88260.651,88349.0,1000.0,0,0
2025-12-26 14:43:46.903426+00:00,88349.0,88437.34899999999,88260.651,88349.0,1000.0,0,0
2025-12-26 14:44:47.092428+00:00,88340.4,88428.74039999998,88252.0596,88340.4,1000.0,0,0
2025-12-26 14:44:47.092794+00:00,88340.4,88428.74039999998,88252.0596,88340.4,1000.0,0,0
2025-12-26 14:45:47.163945+00:00,88251.5,88339.75149999998,88163.2485,88251.5,1000.0,0,0
2025-12-26 14:45:47.164221+00:00,88251.5,88339.75149999998,88163.2485,88251.5,1000.0,0,0
2025-12-26 14:46:47.224279+00:00,88326.0,88414.32599999999,88237.674,88326.0,1000.0,0,0
2025-12-26 14:46:47.224707+00:00,88326.0,88414.32599999999,88237.674,88326.0,1000.0,0,0
2025-12-26 14:47:47.588411+00:00,88295.4,88383.69539999998,88207.10459999999,88295.4,1000.0,0,0
2025-12-26 14:47:47.588756+00:00,88295.4,88383.69539999998,88207.10459999999,88295.4,1000.0,0,0
2025-12-26 14:48:47.691597+00:00,88279.6,88367.8796,88191.32040000001,88279.6,1000.0,0,0
2025-12-26 14:48:47.691865+00:00,88279.6,88367.8796,88191.32040000001,88279.6,1000.0,0,0
2025-12-26 14:49:47.757348+00:00,87893.0,87980.893,87805.107,87893.0,1000.0,0,0
2025-12-26 14:49:47.757599+00:00,87893.0,87980.893,87805.107,87893.0,1000.0,0,0
2025-12-26 14:50:47.766359+00:00,87651.1,87738.7511,87563.4489,87651.1,1000.0,0,0
2025-12-26 14:50:47.766650+00:00,87651.1,87738.7511,87563.4489,87651.1,1000.0,0,0
2025-12-26 14:51:47.826106+00:00,87761.3,87849.06129999999,87673.5387,87761.3,1000.0,0,0
2025-12-26 14:51:47.826386+00:00,87761.3,87849.06129999999,87673.5387,87761.3,1000.0,0,0
2025-12-26 14:52:47.824219+00:00,87777.9,87865.67789999998,87690.1221,87777.9,1000.0,0,0
2025-12-26 14:52:47.824486+00:00,87777.9,87865.67789999998,87690.1221,87777.9,1000.0,0,0
2025-12-26 14:53:47.988367+00:00,87721.0,87808.72099999999,87633.279,87721.0,1000.0,0,0
2025-12-26 14:53:47.988610+00:00,87721.0,87808.72099999999,87633.279,87721.0,1000.0,0,0
2025-12-26 14:54:48.236561+00:00,87664.7,87752.36469999999,87577.0353,87664.7,1000.0,0,0
2025-12-26 14:54:48.236813+00:00,87664.7,87752.36469999999,87577.0353,87664.7,1000.0,0,0
2025-12-26 14:55:48.363541+00:00,87367.4,87454.76739999998,87280.03259999999,87367.4,1000.0,0,0
2025-12-26 14:55:48.364108+00:00,87367.4,87454.76739999998,87280.03259999999,87367.4,1000.0,0,0
2025-12-26 14:56:48.428626+00:00,87370.6,87457.9706,87283.22940000001,87370.6,1000.0,0,0
2025-12-26 14:56:48.428882+00:00,87370.6,87457.9706,87283.22940000001,87370.6,1000.0,0,0
2025-12-26 14:57:48.580271+00:00,87410.0,87497.40999999999,87322.59,87410.0,1000.0,0,0
2025-12-26 14:57:48.580535+00:00,87410.0,87497.40999999999,87322.59,87410.0,1000.0,0,0
2025-12-26 14:58:48.644936+00:00,87408.1,87495.50809999999,87320.6919,87408.1,1000.0,0,0
2025-12-26 14:58:48.645203+00:00,87408.1,87495.50809999999,87320.6919,87408.1,1000.0,0,0
2025-12-26 14:59:48.749216+00:00,87377.0,87464.377,87289.623,87377.0,1000.0,0,0
2025-12-26 14:59:48.749471+00:00,87377.0,87464.377,87289.623,87377.0,1000.0,0,0
2025-12-26 15:00:49.003626+00:00,87071.7,87158.77169999998,86984.6283,87071.7,1000.0,0,0
2025-12-26 15:00:49.003904+00:00,87071.7,87158.77169999998,86984.6283,87071.7,1000.0,0,0
2025-12-26 15:01:49.095817+00:00,86948.7,87035.64869999999,86861.7513,86948.7,1000.0,0,0
2025-12-26 15:01:49.096060+00:00,86948.7,87035.64869999999,86861.7513,86948.7,1000.0,0,0
2025-12-26 15:02:49.358444+00:00,86964.8,87051.76479999999,86877.8352,86964.8,1000.0,0,0
2025-12-26 15:02:49.358695+00:00,86964.8,87051.76479999999,86877.8352,86964.8,1000.0,0,0
2025-12-26 15:03:49.542052+00:00,86960.1,87047.0601,86873.13990000001,86960.1,1000.0,0,0
2025-12-26 15:03:49.542326+00:00,86960.1,87047.0601,86873.13990000001,86960.1,1000.0,0,0
2025-12-26 15:04:49.712461+00:00,87226.2,87313.42619999999,87138.97379999999,87226.2,1000.0,0,0
2025-12-26 15:04:49.712700+00:00,87226.2,87313.42619999999,87138.97379999999,87226.2,1000.0,0,0
2025-12-26 15:05:49.869673+00:00,86959.5,87046.4595,86872.5405,86959.5,1000.0,0,0
2025-12-26 15:05:49.869934+00:00,86959.5,87046.4595,86872.5405,86959.5,1000.0,0,0
2025-12-26 15:06:49.986723+00:00,87032.0,87119.03199999999,86944.968,87032.0,1000.0,0,0
2025-12-26 15:06:49.987014+00:00,87032.0,87119.03199999999,86944.968,87032.0,1000.0,0,0
2025-12-26 15:07:50.130365+00:00,87067.4,87154.46739999998,86980.3326,87067.4,1000.0,0,0
2025-12-26 15:07:50.130637+00:00,87067.4,87154.46739999998,86980.3326,87067.4,1000.0,0,0
2025-12-26 15:08:50.191973+00:00,86964.3,87051.2643,86877.3357,86964.3,1000.0,0,0
2025-12-26 15:08:50.192257+00:00,86964.3,87051.2643,86877.3357,86964.3,1000.0,0,0
2025-12-26 15:09:50.247058+00:00,86989.1,87076.0891,86902.1109,86989.1,1000.0,0,0
2025-12-26 15:09:50.247327+00:00,86989.1,87076.0891,86902.1109,86989.1,1000.0,0,0
2025-12-26 15:10:50.538387+00:00,86839.2,86926.03919999998,86752.3608,86839.2,1000.0,0,0
2025-12-26 15:10:50.538792+00:00,86839.2,86926.03919999998,86752.3608,86839.2,1000.0,0,0
2025-12-26 15:11:50.677480+00:00,86840.0,86926.84,86753.16,86840.0,1000.0,0,0
2025-12-26 15:11:50.677802+00:00,86840.0,86926.84,86753.16,86840.0,1000.0,0,0
2025-12-26 15:12:50.718399+00:00,86853.5,86940.3535,86766.6465,86853.5,1000.0,0,0
2025-12-26 15:12:50.718639+00:00,86853.5,86940.3535,86766.6465,86853.5,1000.0,0,0
2025-12-26 15:13:50.761736+00:00,86900.0,86986.9,86813.1,86900.0,1000.0,0,0
2025-12-26 15:13:50.762026+00:00,86900.0,86986.9,86813.1,86900.0,1000.0,0,0
2025-12-26 15:14:50.776402+00:00,86748.7,86835.4487,86661.9513,86748.7,1000.0,0,0
2025-12-26 15:14:50.776678+00:00,86748.7,86835.4487,86661.9513,86748.7,1000.0,0,0
2025-12-26 15:15:50.787252+00:00,86717.6,86804.3176,86630.8824,86717.6,1000.0,0,0
2025-12-26 15:15:50.787502+00:00,86717.6,86804.3176,86630.8824,86717.6,1000.0,0,0
2025-12-26 15:16:50.815142+00:00,86714.8,86801.51479999999,86628.0852,86714.8,1000.0,0,0
2025-12-26 15:16:50.815441+00:00,86714.8,86801.51479999999,86628.0852,86714.8,1000.0,0,0
2025-12-26 15:17:51.070158+00:00,86889.7,86976.58969999998,86802.8103,86889.7,1000.0,0,0
2025-12-26 15:17:51.070417+00:00,86889.7,86976.58969999998,86802.8103,86889.7,1000.0,0,0
2025-12-26 15:18:51.237562+00:00,86934.6,87021.5346,86847.66540000001,86934.6,1000.0,0,0
2025-12-26 15:18:51.237853+00:00,86934.6,87021.5346,86847.66540000001,86934.6,1000.0,0,0
2025-12-26 15:19:51.258978+00:00,86861.1,86947.9611,86774.23890000001,86861.1,1000.0,0,0
2025-12-26 15:19:51.259267+00:00,86861.1,86947.9611,86774.23890000001,86861.1,1000.0,0,0
2025-12-26 15:20:51.495149+00:00,86913.9,87000.81389999998,86826.9861,86913.9,1000.0,1,0
2025-12-26 15:20:51.495455+00:00,86913.9,87000.81389999998,86826.9861,86913.9,1000.0,0,0
2025-12-26 15:21:51.652477+00:00,86900.0,86986.9,86813.1,86900.0,1000.0,0,0
2025-12-26 15:21:51.652754+00:00,86900.0,86986.9,86813.1,86900.0,1000.0,0,0
2025-12-26 15:22:51.840776+00:00,86864.4,86951.26439999999,86777.53559999999,86864.4,1000.0,0,1
2025-12-26 15:22:51.841046+00:00,86864.4,86951.26439999999,86777.53559999999,86864.4,1000.0,0,0
2025-12-26 15:25:52.095010+00:00,86820.3,86907.1203,86733.4797,86820.3,1000.0,0,0
2025-12-26 15:25:52.095274+00:00,86820.3,86907.1203,86733.4797,86820.3,1000.0,0,0
2025-12-26 15:26:52.202827+00:00,86800.7,86887.50069999999,86713.89929999999,86800.7,1000.0,0,0
2025-12-26 15:26:52.203112+00:00,86800.7,86887.50069999999,86713.89929999999,86800.7,1000.0,0,0
2025-12-26 15:27:52.471937+00:00,86845.8,86932.6458,86758.95420000001,86845.8,1000.0,0,0
2025-12-26 15:27:52.472237+00:00,86845.8,86932.6458,86758.95420000001,86845.8,1000.0,0,0
2025-12-26 15:28:52.658474+00:00,86936.1,87023.0361,86849.1639,86936.1,1000.0,0,0
2025-12-26 15:28:52.658758+00:00,86936.1,87023.0361,86849.1639,86936.1,1000.0,0,0
2025-12-26 15:29:52.870948+00:00,86974.6,87061.57459999999,86887.6254,86974.6,1000.0,0,0
2025-12-26 15:29:52.871245+00:00,86974.6,87061.57459999999,86887.6254,86974.6,1000.0,0,0
2025-12-26 15:30:53.134514+00:00,86983.0,87069.983,86896.017,86983.0,1000.0,0,0
2025-12-26 15:30:53.134768+00:00,86983.0,87069.983,86896.017,86983.0,1000.0,0,0
2025-12-26 15:31:53.296137+00:00,87109.2,87196.30919999999,87022.09079999999,87109.2,1000.0,0,0
2025-12-26 15:32:53.385732+00:00,87013.4,87100.41339999999,86926.3866,87013.4,1000.0,0,0
2025-12-26 15:33:53.452613+00:00,87095.4,87182.49539999999,87008.30459999999,87095.4,1000.0,0,0
2025-12-26 15:34:53.775734+00:00,87109.5,87196.60949999999,87022.3905,87109.5,1000.0,0,0
2025-12-26 15:35:53.872177+00:00,86954.0,87040.95399999998,86867.046,86954.0,1000.0,0,0
2025-12-26 15:36:54.021070+00:00,86967.8,87054.76779999999,86880.8322,86967.8,1000.0,0,0
2025-12-26 15:37:54.130279+00:00,87034.4,87121.43439999998,86947.36559999999,87034.4,1000.0,1,0
2025-12-26 15:37:54.130614+00:00,87034.4,87121.43439999998,86947.36559999999,87034.4,1000.0,0,0
2025-12-26 15:38:54.452537+00:00,86993.1,87080.0931,86906.1069,86993.1,1000.0,0,0
2025-12-26 15:38:54.452863+00:00,86993.1,87080.0931,86906.1069,86993.1,1000.0,0,0
2025-12-26 15:39:54.905742+00:00,86997.0,87083.99699999999,86910.003,86997.0,1000.0,0,0
2025-12-26 15:39:54.906065+00:00,86997.0,87083.99699999999,86910.003,86997.0,1000.0,0,0
2025-12-26 15:40:54.959827+00:00,86953.6,87040.5536,86866.64640000001,86953.6,1000.0,0,0
2025-12-26 15:40:54.960136+00:00,86953.6,87040.5536,86866.64640000001,86953.6,1000.0,0,0
2025-12-26 15:41:55.124128+00:00,86977.0,87063.97699999998,86890.023,86977.0,1000.0,0,0
2025-12-26 15:41:55.124494+00:00,86977.0,87063.97699999998,86890.023,86977.0,1000.0,0,0
2025-12-26 15:42:55.135992+00:00,86937.6,87024.5376,86850.6624,86937.6,1000.0,0,0
2025-12-26 15:42:55.136288+00:00,86937.6,87024.5376,86850.6624,86937.6,1000.0,0,0
2025-12-26 15:47:56.180508+00:00,87174.9,87262.07489999998,87087.7251,87174.9,1000.0,0,0
2025-12-26 15:47:56.180855+00:00,87174.9,87262.07489999998,87087.7251,87174.9,1000.0,0,0
2025-12-26 15:48:56.420904+00:00,87101.4,87188.50139999998,87014.2986,87101.4,1000.0,0,0
2025-12-26 15:48:56.421276+00:00,87101.4,87188.50139999998,87014.2986,87101.4,1000.0,0,0
2025-12-26 15:49:56.562743+00:00,87132.3,87219.4323,87045.1677,87132.3,1000.0,0,0
2025-12-26 15:49:56.563077+00:00,87132.3,87219.4323,87045.1677,87132.3,1000.0,0,0
2025-12-26 15:50:56.693475+00:00,87053.8,87140.8538,86966.74620000001,87053.8,1000.0,0,0
2025-12-26 15:50:56.693936+00:00,87053.8,87140.8538,86966.74620000001,87053.8,1000.0,0,0
2025-12-26 15:51:56.810824+00:00,87023.3,87110.32329999999,86936.2767,87023.3,1000.0,0,0
2025-12-26 15:51:56.811186+00:00,87023.3,87110.32329999999,86936.2767,87023.3,1000.0,0,0
2025-12-26 15:57:57.588380+00:00,87035.2,87122.23519999998,86948.1648,87035.2,1000.0,0,0
2025-12-26 15:57:57.588688+00:00,87035.2,87122.23519999998,86948.1648,87035.2,1000.0,0,0
2025-12-26 15:58:57.717439+00:00,87020.0,87107.01999999999,86932.98,87020.0,1000.0,0,0
2025-12-26 15:58:57.717753+00:00,87020.0,87107.01999999999,86932.98,87020.0,1000.0,0,0
2025-12-26 15:59:57.872077+00:00,87087.4,87174.48739999998,87000.31259999999,87087.4,1000.0,0,0
2025-12-26 15:59:57.872418+00:00,87087.4,87174.48739999998,87000.31259999999,87087.4,1000.0,0,0
2025-12-26 16:00:58.135939+00:00,87148.6,87235.74859999999,87061.4514,87148.6,1000.0,0,0
2025-12-26 16:00:58.136378+00:00,87148.6,87235.74859999999,87061.4514,87148.6,1000.0,0,0
2025-12-26 16:01:58.160270+00:00,87211.5,87298.71149999999,87124.2885,87211.5,1000.0,0,0
2025-12-26 16:01:58.160590+00:00,87211.5,87298.71149999999,87124.2885,87211.5,1000.0,0,0
2025-12-26 16:02:58.446863+00:00,87107.4,87194.50739999999,87020.2926,87107.4,1000.0,0,0
2025-12-26 16:02:58.447254+00:00,87107.4,87194.50739999999,87020.2926,87107.4,1000.0,0,0
2025-12-26 16:07:59.416764+00:00,87173.6,87260.7736,87086.42640000001,87173.6,1000.0,0,0
2025-12-26 16:08:59.498946+00:00,87094.7,87181.79469999998,87007.6053,87094.7,1000.0,0,0
2025-12-26 16:09:59.699982+00:00,87149.9,87237.04989999998,87062.75009999999,87149.9,1000.0,0,0
2025-12-26 16:10:59.756483+00:00,87108.4,87195.50839999999,87021.2916,87108.4,1000.0,0,0
2025-12-26 16:11:59.964124+00:00,87009.1,87096.1091,86922.09090000001,87009.1,1000.0,0,0
2025-12-26 16:13:00.134373+00:00,87004.5,87091.5045,86917.4955,87004.5,1000.0,0,0
2025-12-26 16:18:01.198244+00:00,87124.0,87211.124,87036.876,87124.0,1000.0,0,0
2025-12-26 16:19:01.479118+00:00,87084.0,87171.08399999999,86996.916,87084.0,1000.0,0,0
2025-12-26 16:20:01.624548+00:00,87165.5,87252.66549999999,87078.3345,87165.5,1000.0,0,1
2025-12-26 16:21:01.564933+00:00,87228.4,87315.62839999999,87141.17159999999,87228.4,1000.0,0,0
2025-12-26 16:22:01.852463+00:00,87189.6,87276.78959999999,87102.41040000001,87189.6,1000.0,0,0
2025-12-26 16:23:01.986703+00:00,87211.0,87298.211,87123.789,87211.0,1000.0,0,0
2025-12-26 16:24:02.512117+00:00,87268.7,87355.96869999998,87181.4313,87268.7,1000.0,0,0
2025-12-26 16:25:02.414195+00:00,87189.1,87276.2891,87101.9109,87189.1,1000.0,0,0
2025-12-26 16:26:02.491793+00:00,87166.9,87254.06689999999,87079.7331,87166.9,1000.0,0,0
2025-12-26 16:27:02.664051+00:00,87196.9,87284.09689999999,87109.7031,87196.9,1000.0,0,0
2025-12-26 16:28:02.777498+00:00,87149.0,87236.14899999999,87061.851,87149.0,1000.0,0,0
2025-12-26 16:29:02.763854+00:00,87205.4,87292.60539999999,87118.19459999999,87205.4,1000.0,0,0
2025-12-26 16:30:03.143151+00:00,87211.0,87298.211,87123.789,87211.0,1000.0,0,0
2025-12-26 16:31:03.112079+00:00,87233.2,87320.43319999998,87145.9668,87233.2,1000.0,0,0
2025-12-26 16:32:03.497957+00:00,87216.2,87303.41619999999,87128.9838,87216.2,1000.0,0,0
2025-12-26 16:33:03.562725+00:00,87206.4,87293.60639999999,87119.1936,87206.4,1000.0,0,0
2025-12-26 16:34:03.692171+00:00,87127.8,87214.92779999999,87040.6722,87127.8,1000.0,0,0
2025-12-26 16:35:03.862885+00:00,87169.0,87256.169,87081.831,87169.0,1000.0,0,0
2025-12-26 16:38:04.537154+00:00,87280.0,87367.27999999998,87192.72,87280.0,1000.0,1,0
2025-12-26 16:39:04.658413+00:00,87284.2,87371.48419999999,87196.9158,87284.2,1000.0,0,0
2025-12-26 16:40:04.735904+00:00,87282.7,87369.9827,87195.4173,87282.7,1000.0,0,0
2025-12-26 16:40:04.736202+00:00,87282.7,87369.9827,87195.4173,87282.7,1000.0,0,0
2025-12-26 16:41:05.159235+00:00,87281.2,87368.4812,87193.9188,87281.2,1000.0,0,0
2025-12-26 16:41:05.159526+00:00,87281.2,87368.4812,87193.9188,87281.2,1000.0,0,0
2025-12-26 16:42:05.254375+00:00,87267.5,87354.76749999999,87180.2325,87267.5,1000.0,0,0
2025-12-26 16:42:05.254750+00:00,87267.5,87354.76749999999,87180.2325,87267.5,1000.0,0,0
2025-12-26 16:43:05.700995+00:00,87263.2,87350.46319999998,87175.9368,87263.2,1000.0,0,0
2025-12-26 16:43:05.701287+00:00,87263.2,87350.46319999998,87175.9368,87263.2,1000.0,0,0
2025-12-26 16:46:06.352750+00:00,87196.8,87283.9968,87109.6032,87196.8,1000.0,0,1
2025-12-26 16:46:06.353113+00:00,87196.8,87283.9968,87109.6032,87196.8,1000.0,0,0
2025-12-26 16:47:06.570882+00:00,87182.3,87269.48229999999,87095.1177,87182.3,1000.0,0,0
2025-12-26 16:47:06.571250+00:00,87182.3,87269.48229999999,87095.1177,87182.3,1000.0,0,0
2025-12-26 16:48:06.809572+00:00,87179.0,87266.17899999999,87091.821,87179.0,1000.0,0,0
2025-12-26 16:48:06.810008+00:00,87179.0,87266.17899999999,87091.821,87179.0,1000.0,0,0
2025-12-26 16:49:06.807059+00:00,87237.0,87324.237,87149.763,87237.0,1000.0,1,0
2025-12-26 16:49:06.807363+00:00,87237.0,87324.237,87149.763,87237.0,1000.0,0,0
2025-12-26 16:50:07.134900+00:00,87210.1,87297.3101,87122.88990000001,87210.1,1000.0,0,0
2025-12-26 16:50:07.135250+00:00,87210.1,87297.3101,87122.88990000001,87210.1,1000.0,0,0
2025-12-26 16:51:07.312156+00:00,87195.0,87282.19499999999,87107.805,87195.0,1000.0,0,1
2025-12-26 16:51:07.312633+00:00,87195.0,87282.19499999999,87107.805,87195.0,1000.0,0,0
2025-12-26 16:52:07.316589+00:00,87154.2,87241.35419999999,87067.04579999999,87154.2,1000.0,0,0
2025-12-26 16:52:07.316919+00:00,87154.2,87241.35419999999,87067.04579999999,87154.2,1000.0,0,0
2025-12-26 16:53:07.563599+00:00,87154.1,87241.25409999999,87066.9459,87154.1,1000.0,0,0
2025-12-26 16:53:07.563951+00:00,87154.1,87241.25409999999,87066.9459,87154.1,1000.0,0,0
2025-12-26 16:55:07.986962+00:00,87160.9,87248.06089999998,87073.73909999999,87160.9,1000.0,0,0
2025-12-26 16:55:07.987296+00:00,87160.9,87248.06089999998,87073.73909999999,87160.9,1000.0,0,0
2025-12-26 16:56:08.096743+00:00,87076.1,87163.1761,86989.0239,87076.1,1000.0,0,0
2025-12-26 16:57:08.306836+00:00,86946.5,87033.44649999999,86859.5535,86946.5,1000.0,0,0
2025-12-26 16:58:08.667192+00:00,86921.9,87008.82189999998,86834.9781,86921.9,1000.0,0,0
2025-12-26 16:59:08.727307+00:00,86828.0,86914.828,86741.172,86828.0,1000.0,0,0
2025-12-26 17:00:08.904790+00:00,86855.2,86942.05519999999,86768.34479999999,86855.2,1000.0,0,0
2025-12-26 17:01:09.098179+00:00,86802.8,86889.6028,86715.9972,86802.8,1000.0,0,0
2025-12-26 17:02:09.217583+00:00,86948.8,87035.74879999999,86861.8512,86948.8,1000.0,0,0
2025-12-26 17:03:09.421009+00:00,86912.2,86999.11219999999,86825.28779999999,86912.2,1000.0,0,0
2025-12-26 17:04:09.778452+00:00,86951.0,87037.95099999999,86864.049,86951.0,1000.0,0,0
2025-12-26 17:05:10.118129+00:00,86984.1,87071.0841,86897.1159,86984.1,1000.0,0,0
2025-12-26 17:06:10.484871+00:00,86989.2,87076.1892,86902.2108,86989.2,1000.0,0,0
2025-12-26 17:07:10.711776+00:00,87033.4,87120.43339999998,86946.3666,87033.4,1000.0,0,0
2025-12-26 17:08:11.174963+00:00,86975.8,87062.77579999999,86888.8242,86975.8,1000.0,0,0
2025-12-26 17:09:11.175508+00:00,86970.6,87057.57059999999,86883.6294,86970.6,1000.0,0,0
2025-12-26 17:10:11.522532+00:00,86966.8,87053.7668,86879.83320000001,86966.8,1000.0,0,0
2025-12-26 17:11:12.018353+00:00,86910.9,86997.81089999998,86823.98909999999,86910.9,1000.0,0,0
2025-12-26 17:12:12.257609+00:00,86928.0,87014.92799999999,86841.072,86928.0,1000.0,0,0
2025-12-26 17:13:12.322371+00:00,86957.6,87044.5576,86870.64240000001,86957.6,1000.0,0,0
2025-12-26 17:14:12.610443+00:00,86983.5,87070.48349999999,86896.5165,86983.5,1000.0,0,0
2025-12-26 17:15:12.727826+00:00,87001.2,87088.20119999998,86914.1988,87001.2,1000.0,0,0
2025-12-26 17:16:12.915305+00:00,87007.4,87094.40739999998,86920.39259999999,87007.4,1000.0,0,0
2025-12-26 17:17:13.243610+00:00,86963.3,87050.26329999999,86876.3367,86963.3,1000.0,0,0
2025-12-26 17:18:13.594300+00:00,86981.9,87068.88189999998,86894.9181,86981.9,1000.0,0,0
2025-12-26 17:19:13.795985+00:00,87010.6,87097.6106,86923.58940000001,87010.6,1000.0,0,0
2025-12-26 17:20:14.158374+00:00,86980.2,87067.18019999999,86893.21979999999,86980.2,1000.0,0,0
2025-12-26 17:21:15.206002+00:00,87004.7,87091.70469999999,86917.69529999999,87004.7,1000.0,0,0
2025-12-26 17:22:15.497182+00:00,86955.8,87042.7558,86868.8442,86955.8,1000.0,0,0
2025-12-26 17:23:15.832739+00:00,86960.3,87047.2603,86873.3397,86960.3,1000.0,0,0
2025-12-26 17:24:16.126574+00:00,87013.4,87100.41339999999,86926.3866,87013.4,1000.0,1,0
2025-12-26 17:24:16.126899+00:00,87013.4,87100.41339999999,86926.3866,87013.4,1000.0,0,0
2025-12-26 17:25:16.158888+00:00,87014.8,87101.8148,86927.7852,87014.8,1000.0,0,0
2025-12-26 17:25:16.159271+00:00,87014.8,87101.8148,86927.7852,87014.8,1000.0,0,0
2025-12-26 17:26:16.506126+00:00,87110.1,87197.2101,87022.9899,87110.1,1000.0,0,1
2025-12-26 17:27:16.682537+00:00,87253.7,87340.95369999998,87166.4463,87253.7,1000.0,0,0
2025-12-26 17:28:16.860982+00:00,87182.9,87270.08289999998,87095.7171,87182.9,1000.0,1,0
2025-12-26 17:29:16.880440+00:00,87267.7,87354.9677,87180.4323,87267.7,1000.0,0,0
2025-12-26 17:30:16.967174+00:00,87266.5,87353.76649999998,87179.2335,87266.5,1000.0,0,0
2025-12-26 17:30:16.967436+00:00,87266.5,87353.76649999998,87179.2335,87266.5,1000.0,0,0
2025-12-26 17:31:16.999577+00:00,87306.9,87394.20689999999,87219.5931,87306.9,1000.0,0,0
2025-12-26 17:31:16.999831+00:00,87306.9,87394.20689999999,87219.5931,87306.9,1000.0,0,0
2025-12-26 17:32:17.320236+00:00,87303.6,87390.90359999999,87216.2964,87303.6,1000.0,0,0
2025-12-26 17:32:17.320501+00:00,87303.6,87390.90359999999,87216.2964,87303.6,1000.0,0,0
2025-12-26 17:33:17.424636+00:00,87282.9,87370.18289999999,87195.61709999999,87282.9,1000.0,0,0
2025-12-26 17:33:17.425053+00:00,87282.9,87370.18289999999,87195.61709999999,87282.9,1000.0,0,0
2025-12-26 17:34:17.532005+00:00,87316.6,87403.9166,87229.2834,87316.6,1000.0,0,0
2025-12-26 17:34:17.532297+00:00,87316.6,87403.9166,87229.2834,87316.6,1000.0,0,0
2025-12-26 17:35:17.594511+00:00,87199.1,87286.29909999999,87111.90090000001,87199.1,1000.0,0,0
2025-12-26 17:36:17.926315+00:00,87206.5,87293.70649999999,87119.2935,87206.5,1000.0,0,0
2025-12-26 17:37:18.204426+00:00,87275.9,87363.17589999999,87188.6241,87275.9,1000.0,0,0
2025-12-26 17:37:18.204676+00:00,87275.9,87363.17589999999,87188.6241,87275.9,1000.0,0,0
2025-12-26 17:38:18.212117+00:00,87240.6,87327.8406,87153.3594,87240.6,1000.0,0,0
2025-12-26 17:39:18.269584+00:00,87335.6,87422.9356,87248.2644,87335.6,1000.0,0,0
2025-12-26 17:40:18.687560+00:00,87259.2,87346.45919999998,87171.9408,87259.2,1000.0,0,0
2025-12-26 17:40:18.687917+00:00,87259.2,87346.45919999998,87171.9408,87259.2,1000.0,0,0
2025-12-26 17:41:19.236190+00:00,87351.2,87438.55119999999,87263.84879999999,87351.2,1000.0,0,0
2025-12-26 17:41:19.236587+00:00,87351.2,87438.55119999999,87263.84879999999,87351.2,1000.0,0,0
2025-12-26 17:42:20.002556+00:00,87379.9,87467.27989999998,87292.5201,87379.9,1000.0,0,0
2025-12-26 17:42:20.002817+00:00,87379.9,87467.27989999998,87292.5201,87379.9,1000.0,0,0
2025-12-26 17:43:20.040323+00:00,87394.2,87481.59419999999,87306.8058,87394.2,1000.0,0,0
2025-12-26 17:43:20.040610+00:00,87394.2,87481.59419999999,87306.8058,87394.2,1000.0,0,0
2025-12-26 17:44:20.231520+00:00,87350.0,87437.34999999999,87262.65,87350.0,1000.0,0,0
2025-12-26 17:44:20.231801+00:00,87350.0,87437.34999999999,87262.65,87350.0,1000.0,0,0
2025-12-26 17:45:20.441295+00:00,87333.4,87420.73339999998,87246.06659999999,87333.4,1000.0,0,0
2025-12-26 17:45:20.441562+00:00,87333.4,87420.73339999998,87246.06659999999,87333.4,1000.0,0,0
2025-12-26 17:46:20.608397+00:00,87374.7,87462.07469999998,87287.3253,87374.7,1000.0,0,0
2025-12-26 17:46:20.608664+00:00,87374.7,87462.07469999998,87287.3253,87374.7,1000.0,0,0
2025-12-26 17:47:20.655559+00:00,87390.0,87477.38999999998,87302.61,87390.0,1000.0,0,0
2025-12-26 17:47:20.655823+00:00,87390.0,87477.38999999998,87302.61,87390.0,1000.0,0,0
2025-12-26 17:48:21.142302+00:00,87385.9,87473.28589999999,87298.5141,87385.9,1000.0,0,0
2025-12-26 17:48:21.142562+00:00,87385.9,87473.28589999999,87298.5141,87385.9,1000.0,0,0
2025-12-26 17:49:21.203920+00:00,87354.9,87442.25489999999,87267.54509999999,87354.9,1000.0,0,0
2025-12-26 17:49:21.204189+00:00,87354.9,87442.25489999999,87267.54509999999,87354.9,1000.0,0,0
2025-12-26 17:50:22.250072+00:00,87397.9,87485.29789999999,87310.5021,87397.9,1000.0,0,0
2025-12-26 17:50:22.250503+00:00,87397.9,87485.29789999999,87310.5021,87397.9,1000.0,0,0
2025-12-26 17:51:22.721954+00:00,87303.7,87391.00369999999,87216.3963,87303.7,1000.0,0,0
2025-12-26 17:51:22.722234+00:00,87303.7,87391.00369999999,87216.3963,87303.7,1000.0,0,0
2025-12-26 17:52:22.732261+00:00,87278.3,87365.5783,87191.0217,87278.3,1000.0,0,0
2025-12-26 17:52:22.732638+00:00,87278.3,87365.5783,87191.0217,87278.3,1000.0,0,0
2025-12-26 17:53:23.005989+00:00,87258.3,87345.55829999999,87171.0417,87258.3,1000.0,0,0
2025-12-26 17:53:23.006328+00:00,87258.3,87345.55829999999,87171.0417,87258.3,1000.0,0,0
2025-12-26 17:54:23.659520+00:00,87244.9,87332.14489999998,87157.65509999999,87244.9,1000.0,0,0
2025-12-26 17:54:23.659874+00:00,87244.9,87332.14489999998,87157.65509999999,87244.9,1000.0,0,0
2025-12-26 17:55:24.018786+00:00,87296.4,87383.69639999999,87209.10359999999,87296.4,1000.0,0,0
2025-12-26 17:55:24.019173+00:00,87296.4,87383.69639999999,87209.10359999999,87296.4,1000.0,0,0
2025-12-26 17:56:24.198445+00:00,87323.1,87410.4231,87235.77690000001,87323.1,1000.0,0,0
2025-12-26 17:56:24.198821+00:00,87323.1,87410.4231,87235.77690000001,87323.1,1000.0,0,0
2025-12-26 17:57:24.240508+00:00,87316.3,87403.6163,87228.9837,87316.3,1000.0,0,0
2025-12-26 17:57:24.240782+00:00,87316.3,87403.6163,87228.9837,87316.3,1000.0,0,0
2025-12-26 17:58:24.758029+00:00,87301.4,87388.70139999999,87214.0986,87301.4,1000.0,0,0
2025-12-26 17:58:24.758411+00:00,87301.4,87388.70139999999,87214.0986,87301.4,1000.0,0,0
2025-12-26 17:59:25.024330+00:00,87271.8,87359.07179999999,87184.5282,87271.8,1000.0,0,0
2025-12-26 17:59:25.024683+00:00,87271.8,87359.07179999999,87184.5282,87271.8,1000.0,0,0
2025-12-26 18:00:25.114474+00:00,87288.9,87376.18889999998,87201.6111,87288.9,1000.0,0,0
2025-12-26 18:00:25.114809+00:00,87288.9,87376.18889999998,87201.6111,87288.9,1000.0,0,0
2025-12-26 18:01:25.380949+00:00,87322.3,87409.62229999999,87234.9777,87322.3,1000.0,0,0
2025-12-26 18:01:25.381245+00:00,87322.3,87409.62229999999,87234.9777,87322.3,1000.0,0,0
2025-12-26 18:02:25.680642+00:00,87247.0,87334.24699999999,87159.753,87247.0,1000.0,0,1
2025-12-26 18:02:25.680976+00:00,87247.0,87334.24699999999,87159.753,87247.0,1000.0,0,0
2025-12-26 18:03:25.974298+00:00,87254.1,87341.3541,87166.8459,87254.1,1000.0,0,0
2025-12-26 18:03:25.974626+00:00,87254.1,87341.3541,87166.8459,87254.1,1000.0,0,0
2025-12-26 18:04:26.243973+00:00,87228.2,87315.42819999998,87140.9718,87228.2,1000.0,0,0
2025-12-26 18:04:26.245530+00:00,87228.2,87315.42819999998,87140.9718,87228.2,1000.0,0,0
2025-12-26 18:05:26.373202+00:00,87299.9,87387.19989999998,87212.6001,87299.9,1000.0,1,0
2025-12-26 18:05:26.373558+00:00,87299.9,87387.19989999998,87212.6001,87299.9,1000.0,0,0
2025-12-26 18:06:26.616487+00:00,87234.6,87321.8346,87147.36540000001,87234.6,1000.0,0,1
2025-12-26 18:06:26.616807+00:00,87234.6,87321.8346,87147.36540000001,87234.6,1000.0,0,0
2025-12-26 18:07:26.812953+00:00,87212.5,87299.7125,87125.2875,87212.5,1000.0,0,0
2025-12-26 18:07:26.813322+00:00,87212.5,87299.7125,87125.2875,87212.5,1000.0,0,0
2025-12-26 18:08:26.891764+00:00,87202.4,87289.60239999999,87115.1976,87202.4,1000.0,0,0
2025-12-26 18:08:26.892072+00:00,87202.4,87289.60239999999,87115.1976,87202.4,1000.0,0,0
2025-12-26 18:09:27.779496+00:00,87223.3,87310.52329999999,87136.0767,87223.3,1000.0,0,0
2025-12-26 18:09:27.779840+00:00,87223.3,87310.52329999999,87136.0767,87223.3,1000.0,0,0
2025-12-26 18:10:27.841260+00:00,87261.8,87349.0618,87174.53820000001,87261.8,1000.0,1,0
2025-12-26 18:10:27.841705+00:00,87261.8,87349.0618,87174.53820000001,87261.8,1000.0,0,0
2025-12-26 18:11:28.177151+00:00,87320.0,87407.31999999999,87232.68,87320.0,1000.0,0,0
2025-12-26 18:11:28.177441+00:00,87320.0,87407.31999999999,87232.68,87320.0,1000.0,0,0
2025-12-26 18:12:29.202820+00:00,87295.2,87382.49519999999,87207.9048,87295.2,1000.0,0,0
2025-12-26 18:12:29.203188+00:00,87295.2,87382.49519999999,87207.9048,87295.2,1000.0,0,0
2025-12-26 18:13:30.154835+00:00,87316.4,87403.71639999999,87229.0836,87316.4,1000.0,0,0
2025-12-26 18:13:30.155120+00:00,87316.4,87403.71639999999,87229.0836,87316.4,1000.0,0,0
2025-12-26 18:14:30.177890+00:00,87329.6,87416.9296,87242.27040000001,87329.6,1000.0,0,0
2025-12-26 18:14:30.178185+00:00,87329.6,87416.9296,87242.27040000001,87329.6,1000.0,0,0
2025-12-26 18:15:30.209994+00:00,87284.5,87371.7845,87197.2155,87284.5,1000.0,0,0
2025-12-26 18:15:30.210339+00:00,87284.5,87371.7845,87197.2155,87284.5,1000.0,0,0
2025-12-26 18:16:30.969971+00:00,87272.7,87359.97269999998,87185.4273,87272.7,1000.0,0,0
2025-12-26 18:16:30.970339+00:00,87272.7,87359.97269999998,87185.4273,87272.7,1000.0,0,0
2025-12-26 18:17:30.998230+00:00,87259.7,87346.95969999999,87172.4403,87259.7,1000.0,0,0
2025-12-26 18:17:30.998536+00:00,87259.7,87346.95969999999,87172.4403,87259.7,1000.0,0,0
2025-12-26 18:18:31.169651+00:00,87293.6,87380.8936,87206.3064,87293.6,1000.0,0,0
2025-12-26 18:18:31.170036+00:00,87293.6,87380.8936,87206.3064,87293.6,1000.0,0,0
2025-12-26 18:19:31.307547+00:00,87303.8,87391.1038,87216.49620000001,87303.8,1000.0,0,0
2025-12-26 18:19:31.307834+00:00,87303.8,87391.1038,87216.49620000001,87303.8,1000.0,0,0
2025-12-26 18:20:31.413993+00:00,87285.7,87372.98569999999,87198.4143,87285.7,1000.0,0,0
2025-12-26 18:20:31.414357+00:00,87285.7,87372.98569999999,87198.4143,87285.7,1000.0,0,0
2025-12-26 18:21:31.673051+00:00,87264.0,87351.264,87176.736,87264.0,1000.0,0,0
2025-12-26 18:21:31.673395+00:00,87264.0,87351.264,87176.736,87264.0,1000.0,0,0
2025-12-26 18:22:32.070213+00:00,87294.0,87381.294,87206.706,87294.0,1000.0,0,0
2025-12-26 18:22:32.070568+00:00,87294.0,87381.294,87206.706,87294.0,1000.0,0,0
2025-12-26 18:23:33.111150+00:00,87276.2,87363.47619999999,87188.9238,87276.2,1000.0,0,0
2025-12-26 18:23:33.111494+00:00,87276.2,87363.47619999999,87188.9238,87276.2,1000.0,0,0
2025-12-26 18:24:33.372000+00:00,87289.0,87376.28899999999,87201.711,87289.0,1000.0,0,0
2025-12-26 18:24:33.372365+00:00,87289.0,87376.28899999999,87201.711,87289.0,1000.0,0,0
2025-12-26 18:25:34.221582+00:00,87293.3,87380.5933,87206.0067,87293.3,1000.0,0,0
2025-12-26 18:25:34.221956+00:00,87293.3,87380.5933,87206.0067,87293.3,1000.0,0,0
2025-12-26 18:26:34.579194+00:00,87297.1,87384.3971,87209.80290000001,87297.1,1000.0,0,0
2025-12-26 18:26:34.579542+00:00,87297.1,87384.3971,87209.80290000001,87297.1,1000.0,0,0
2025-12-26 18:27:35.699459+00:00,87286.9,87374.18689999999,87199.61309999999,87286.9,1000.0,0,0
2025-12-26 18:27:35.699808+00:00,87286.9,87374.18689999999,87199.61309999999,87286.9,1000.0,0,0
2025-12-26 18:28:36.110784+00:00,87190.4,87277.59039999999,87103.20959999999,87190.4,1000.0,0,1
2025-12-26 18:28:36.111114+00:00,87190.4,87277.59039999999,87103.20959999999,87190.4,1000.0,0,0
2025-12-26 18:29:36.934342+00:00,87185.0,87272.185,87097.815,87185.0,1000.0,0,0
2025-12-26 18:29:36.934695+00:00,87185.0,87272.185,87097.815,87185.0,1000.0,0,0
2025-12-26 18:30:37.454549+00:00,87193.5,87280.6935,87106.3065,87193.5,1000.0,0,0
2025-12-26 18:30:37.454888+00:00,87193.5,87280.6935,87106.3065,87193.5,1000.0,0,0
2025-12-26 18:31:37.804199+00:00,87249.7,87336.94969999998,87162.4503,87249.7,1000.0,0,0
2025-12-26 18:31:37.804525+00:00,87249.7,87336.94969999998,87162.4503,87249.7,1000.0,0,0
2025-12-26 18:32:38.368793+00:00,87216.9,87304.11689999998,87129.6831,87216.9,1000.0,0,0
2025-12-26 18:32:38.369171+00:00,87216.9,87304.11689999998,87129.6831,87216.9,1000.0,0,0
2025-12-26 18:33:38.905464+00:00,87222.6,87309.8226,87135.37740000001,87222.6,1000.0,0,0
2025-12-26 18:33:38.905977+00:00,87222.6,87309.8226,87135.37740000001,87222.6,1000.0,0,0
2025-12-26 18:34:39.115969+00:00,87247.9,87335.14789999998,87160.65209999999,87247.9,1000.0,0,0
2025-12-26 18:34:39.116344+00:00,87247.9,87335.14789999998,87160.65209999999,87247.9,1000.0,0,0
2025-12-26 18:35:39.165210+00:00,87269.7,87356.96969999999,87182.43029999999,87269.7,1000.0,1,0
2025-12-26 18:35:39.165559+00:00,87269.7,87356.96969999999,87182.43029999999,87269.7,1000.0,0,0
2025-12-26 18:36:39.467420+00:00,87215.8,87303.0158,87128.5842,87215.8,1000.0,0,1
2025-12-26 18:36:39.467887+00:00,87215.8,87303.0158,87128.5842,87215.8,1000.0,0,0
2025-12-26 18:37:40.173581+00:00,87234.2,87321.43419999999,87146.96579999999,87234.2,1000.0,0,0
2025-12-26 18:37:40.173889+00:00,87234.2,87321.43419999999,87146.96579999999,87234.2,1000.0,0,0
2025-12-26 18:38:40.347875+00:00,87265.9,87353.16589999998,87178.6341,87265.9,1000.0,1,0
2025-12-26 18:38:40.348236+00:00,87265.9,87353.16589999998,87178.6341,87265.9,1000.0,0,0
2025-12-26 18:39:40.827620+00:00,87248.2,87335.44819999998,87160.9518,87248.2,1000.0,0,1
2025-12-26 18:39:40.827970+00:00,87248.2,87335.44819999998,87160.9518,87248.2,1000.0,0,0
2025-12-26 18:40:41.196114+00:00,87200.7,87287.90069999998,87113.4993,87200.7,1000.0,0,0
2025-12-26 18:40:41.196415+00:00,87200.7,87287.90069999998,87113.4993,87200.7,1000.0,0,0
2025-12-26 18:41:41.414410+00:00,87234.3,87321.5343,87147.0657,87234.3,1000.0,0,0
2025-12-26 18:41:41.414751+00:00,87234.3,87321.5343,87147.0657,87234.3,1000.0,0,0
2025-12-26 18:42:42.201666+00:00,87231.7,87318.93169999999,87144.4683,87231.7,1000.0,0,0
2025-12-26 18:42:42.202154+00:00,87231.7,87318.93169999999,87144.4683,87231.7,1000.0,0,0
2025-12-26 18:43:42.666812+00:00,87212.2,87299.41219999999,87124.9878,87212.2,1000.0,0,0
2025-12-26 18:43:42.667166+00:00,87212.2,87299.41219999999,87124.9878,87212.2,1000.0,0,0
2025-12-26 18:44:42.878311+00:00,87199.9,87287.09989999999,87112.70009999999,87199.9,1000.0,0,0
2025-12-26 18:44:42.878613+00:00,87199.9,87287.09989999999,87112.70009999999,87199.9,1000.0,0,0
2025-12-26 18:45:43.963455+00:00,87162.1,87249.26209999999,87074.9379,87162.1,1000.0,0,0
2025-12-26 18:46:44.118559+00:00,87095.1,87182.1951,87008.0049,87095.1,1000.0,0,0
2025-12-26 18:47:44.186405+00:00,87125.4,87212.52539999998,87038.27459999999,87125.4,1000.0,0,0
2025-12-26 18:48:44.383489+00:00,87228.0,87315.22799999999,87140.772,87228.0,1000.0,0,0
2025-12-26 18:49:44.615673+00:00,87255.5,87342.75549999998,87168.2445,87255.5,1000.0,0,0
2025-12-26 18:49:44.616010+00:00,87255.5,87342.75549999998,87168.2445,87255.5,1000.0,0,0
2025-12-26 18:50:45.154073+00:00,87288.8,87376.0888,87201.51120000001,87288.8,1000.0,1,0
2025-12-26 18:50:45.154422+00:00,87288.8,87376.0888,87201.51120000001,87288.8,1000.0,0,0
2025-12-26 18:51:45.165301+00:00,87285.7,87372.98569999999,87198.4143,87285.7,1000.0,0,0
2025-12-26 18:51:45.165647+00:00,87285.7,87372.98569999999,87198.4143,87285.7,1000.0,0,0
2025-12-26 18:52:45.196342+00:00,87251.7,87338.95169999999,87164.4483,87251.7,1000.0,0,1
2025-12-26 18:52:45.196638+00:00,87251.7,87338.95169999999,87164.4483,87251.7,1000.0,0,0
2025-12-26 18:53:45.676533+00:00,87227.1,87314.3271,87139.8729,87227.1,1000.0,0,0
2025-12-26 18:53:45.676872+00:00,87227.1,87314.3271,87139.8729,87227.1,1000.0,0,0
2025-12-26 18:54:46.213663+00:00,87263.9,87351.16389999999,87176.63609999999,87263.9,1000.0,1,0
2025-12-26 18:54:46.214015+00:00,87263.9,87351.16389999999,87176.63609999999,87263.9,1000.0,0,0
2025-12-26 18:55:46.494900+00:00,87255.8,87343.05579999999,87168.5442,87255.8,1000.0,0,1
2025-12-26 18:55:46.495277+00:00,87255.8,87343.05579999999,87168.5442,87255.8,1000.0,0,0
2025-12-26 18:56:46.743296+00:00,87240.9,87328.14089999998,87153.65909999999,87240.9,1000.0,0,0
2025-12-26 18:56:46.743649+00:00,87240.9,87328.14089999998,87153.65909999999,87240.9,1000.0,0,0
2025-12-26 18:57:47.678420+00:00,87209.7,87296.90969999999,87122.49029999999,87209.7,1000.0,0,0
2025-12-26 18:57:47.678891+00:00,87209.7,87296.90969999999,87122.49029999999,87209.7,1000.0,0,0
2025-12-26 18:58:47.668323+00:00,87224.7,87311.92469999999,87137.47529999999,87224.7,1000.0,0,0
2025-12-26 18:58:47.668664+00:00,87224.7,87311.92469999999,87137.47529999999,87224.7,1000.0,0,0
2025-12-26 18:59:47.747448+00:00,87232.5,87319.73249999998,87145.2675,87232.5,1000.0,0,0
2025-12-26 18:59:47.747874+00:00,87232.5,87319.73249999998,87145.2675,87232.5,1000.0,0,0
2025-12-26 19:00:47.915585+00:00,87210.0,87297.20999999999,87122.79,87210.0,1000.0,0,0
2025-12-26 19:00:47.915934+00:00,87210.0,87297.20999999999,87122.79,87210.0,1000.0,0,0
2025-12-26 19:01:48.240518+00:00,87225.2,87312.42519999998,87137.9748,87225.2,1000.0,0,0
2025-12-26 19:01:48.240849+00:00,87225.2,87312.42519999998,87137.9748,87225.2,1000.0,0,0
2025-12-26 19:02:49.173887+00:00,87234.3,87321.5343,87147.0657,87234.3,1000.0,0,0
2025-12-26 19:02:49.174281+00:00,87234.3,87321.5343,87147.0657,87234.3,1000.0,0,0
2025-12-26 19:03:49.291964+00:00,87285.7,87372.98569999999,87198.4143,87285.7,1000.0,1,0
2025-12-26 19:03:49.292460+00:00,87285.7,87372.98569999999,87198.4143,87285.7,1000.0,0,0
2025-12-26 19:04:49.985317+00:00,87285.7,87372.98569999999,87198.4143,87285.7,1000.0,0,0
2025-12-26 19:04:49.985667+00:00,87285.7,87372.98569999999,87198.4143,87285.7,1000.0,0,0
2025-12-26 19:05:50.122221+00:00,87334.0,87421.33399999999,87246.666,87334.0,1000.0,0,0
2025-12-26 19:05:50.122559+00:00,87334.0,87421.33399999999,87246.666,87334.0,1000.0,0,0
2025-12-26 19:06:50.177080+00:00,87339.9,87427.23989999999,87252.56009999999,87339.9,1000.0,0,0
2025-12-26 19:06:50.177447+00:00,87339.9,87427.23989999999,87252.56009999999,87339.9,1000.0,0,0
2025-12-26 19:07:50.316504+00:00,87274.0,87361.27399999999,87186.726,87274.0,1000.0,0,0
2025-12-26 19:07:50.316860+00:00,87274.0,87361.27399999999,87186.726,87274.0,1000.0,0,0
2025-12-26 19:08:50.484211+00:00,87257.9,87345.15789999999,87170.6421,87257.9,1000.0,0,0
2025-12-26 19:08:50.484538+00:00,87257.9,87345.15789999999,87170.6421,87257.9,1000.0,0,0
2025-12-26 19:09:51.172648+00:00,87294.9,87382.19489999999,87207.6051,87294.9,1000.0,0,0
2025-12-26 19:09:51.173079+00:00,87294.9,87382.19489999999,87207.6051,87294.9,1000.0,0,0
2025-12-26 19:10:51.362998+00:00,87323.0,87410.32299999999,87235.677,87323.0,1000.0,0,0
2025-12-26 19:10:51.363378+00:00,87323.0,87410.32299999999,87235.677,87323.0,1000.0,0,0
2025-12-26 19:11:51.463221+00:00,87323.4,87410.72339999999,87236.0766,87323.4,1000.0,0,0
2025-12-26 19:11:51.463521+00:00,87323.4,87410.72339999999,87236.0766,87323.4,1000.0,0,0
2025-12-26 19:12:51.509815+00:00,87276.0,87363.27599999998,87188.724,87276.0,1000.0,0,0
2025-12-26 19:12:51.510172+00:00,87276.0,87363.27599999998,87188.724,87276.0,1000.0,0,0
2025-12-26 19:13:51.614213+00:00,87278.6,87365.8786,87191.3214,87278.6,1000.0,0,0
2025-12-26 19:13:51.614528+00:00,87278.6,87365.8786,87191.3214,87278.6,1000.0,0,0
2025-12-26 19:14:51.961143+00:00,87272.1,87359.3721,87184.8279,87272.1,1000.0,0,0
2025-12-26 19:14:51.961475+00:00,87272.1,87359.3721,87184.8279,87272.1,1000.0,0,0
2025-12-26 19:15:52.142060+00:00,87200.0,87287.2,87112.8,87200.0,1000.0,0,1
2025-12-26 19:15:52.142419+00:00,87200.0,87287.2,87112.8,87200.0,1000.0,0,0
2025-12-26 19:16:52.244148+00:00,87290.3,87377.5903,87203.00970000001,87290.3,1000.0,1,0
2025-12-26 19:16:52.244493+00:00,87290.3,87377.5903,87203.00970000001,87290.3,1000.0,0,0
2025-12-26 19:17:52.660236+00:00,87300.0,87387.29999999999,87212.7,87300.0,1000.0,0,0
2025-12-26 19:17:52.660570+00:00,87300.0,87387.29999999999,87212.7,87300.0,1000.0,0,0
2025-12-26 19:18:53.165023+00:00,87314.2,87401.51419999999,87226.8858,87314.2,1000.0,0,0
2025-12-26 19:18:53.165347+00:00,87314.2,87401.51419999999,87226.8858,87314.2,1000.0,0,0
2025-12-26 19:19:53.670649+00:00,87323.4,87410.72339999999,87236.0766,87323.4,1000.0,0,0
2025-12-26 19:19:53.670984+00:00,87323.4,87410.72339999999,87236.0766,87323.4,1000.0,0,0
2025-12-26 19:20:53.918676+00:00,87345.0,87432.34499999999,87257.655,87345.0,1000.0,0,0
2025-12-26 19:20:53.919136+00:00,87345.0,87432.34499999999,87257.655,87345.0,1000.0,0,0
2025-12-26 19:21:54.116944+00:00,87359.3,87446.6593,87271.9407,87359.3,1000.0,0,0
2025-12-26 19:22:54.114142+00:00,87348.6,87435.9486,87261.25140000001,87348.6,1000.0,0,0
2025-12-26 19:23:54.217801+00:00,87339.2,87426.53919999998,87251.8608,87339.2,1000.0,0,0
2025-12-26 19:23:54.218282+00:00,87339.2,87426.53919999998,87251.8608,87339.2,1000.0,0,0
2025-12-26 19:24:54.381019+00:00,87329.4,87416.72939999998,87242.07059999999,87329.4,1000.0,0,0
2025-12-26 19:24:54.381390+00:00,87329.4,87416.72939999998,87242.07059999999,87329.4,1000.0,0,0
2025-12-26 19:25:55.779204+00:00,87304.0,87391.30399999999,87216.696,87304.0,1000.0,0,0
2025-12-26 19:25:55.779789+00:00,87304.0,87391.30399999999,87216.696,87304.0,1000.0,0,0
2025-12-26 19:26:56.141003+00:00,87332.1,87419.43209999999,87244.7679,87332.1,1000.0,0,0
2025-12-26 19:26:56.141358+00:00,87332.1,87419.43209999999,87244.7679,87332.1,1000.0,0,0
2025-12-26 19:27:56.166508+00:00,87333.8,87421.1338,87246.46620000001,87333.8,1000.0,0,0
2025-12-26 19:27:56.166813+00:00,87333.8,87421.1338,87246.46620000001,87333.8,1000.0,0,0
2025-12-26 19:28:57.203315+00:00,87332.2,87419.53219999999,87244.86779999999,87332.2,1000.0,0,0
2025-12-26 19:28:57.203630+00:00,87332.2,87419.53219999999,87244.86779999999,87332.2,1000.0,0,0
2025-12-26 19:29:58.171416+00:00,87318.0,87405.31799999998,87230.682,87318.0,1000.0,0,0
2025-12-26 19:29:58.171756+00:00,87318.0,87405.31799999998,87230.682,87318.0,1000.0,0,0
2025-12-26 19:30:58.414788+00:00,87311.0,87398.31099999999,87223.689,87311.0,1000.0,0,0
2025-12-26 19:30:58.415148+00:00,87311.0,87398.31099999999,87223.689,87311.0,1000.0,0,0
2025-12-26 19:31:58.445469+00:00,87334.2,87421.5342,87246.8658,87334.2,1000.0,0,0
2025-12-26 19:31:58.445849+00:00,87334.2,87421.5342,87246.8658,87334.2,1000.0,0,0
2025-12-26 19:32:59.137699+00:00,87355.0,87442.355,87267.645,87355.0,1000.0,0,0
2025-12-26 19:32:59.138046+00:00,87355.0,87442.355,87267.645,87355.0,1000.0,0,0
2025-12-26 19:33:59.541904+00:00,87371.8,87459.1718,87284.42820000001,87371.8,1000.0,0,0
2025-12-26 19:33:59.542200+00:00,87371.8,87459.1718,87284.42820000001,87371.8,1000.0,0,0
2025-12-26 19:34:59.655577+00:00,87367.1,87454.4671,87279.7329,87367.1,1000.0,0,0
2025-12-26 19:34:59.655823+00:00,87367.1,87454.4671,87279.7329,87367.1,1000.0,0,0
2025-12-26 19:35:59.840818+00:00,87395.7,87483.09569999999,87308.3043,87395.7,1000.0,0,0
2025-12-26 19:35:59.841248+00:00,87395.7,87483.09569999999,87308.3043,87395.7,1000.0,0,0
2025-12-26 19:37:00.185368+00:00,87384.7,87472.08469999999,87297.3153,87384.7,1000.0,0,0
2025-12-26 19:37:00.185636+00:00,87384.7,87472.08469999999,87297.3153,87384.7,1000.0,0,0
2025-12-26 19:38:00.213255+00:00,87408.1,87495.50809999999,87320.6919,87408.1,1000.0,0,0
2025-12-26 19:38:00.213510+00:00,87408.1,87495.50809999999,87320.6919,87408.1,1000.0,0,0
2025-12-26 19:39:00.506241+00:00,87402.2,87489.6022,87314.7978,87402.2,1000.0,0,0
2025-12-26 19:39:00.506521+00:00,87402.2,87489.6022,87314.7978,87402.2,1000.0,0,0
2025-12-26 19:40:00.777132+00:00,87370.1,87457.47009999999,87282.7299,87370.1,1000.0,0,0
2025-12-26 19:40:00.777396+00:00,87370.1,87457.47009999999,87282.7299,87370.1,1000.0,0,0
2025-12-26 19:41:00.822084+00:00,87361.6,87448.9616,87274.2384,87361.6,1000.0,0,0
2025-12-26 19:41:00.822384+00:00,87361.6,87448.9616,87274.2384,87361.6,1000.0,0,0
2025-12-26 19:42:01.270707+00:00,87402.2,87489.6022,87314.7978,87402.2,1000.0,0,0
2025-12-26 19:42:01.270996+00:00,87402.2,87489.6022,87314.7978,87402.2,1000.0,0,0
2025-12-26 19:43:01.494987+00:00,87419.9,87507.31989999999,87332.4801,87419.9,1000.0,0,0
2025-12-26 19:43:01.495278+00:00,87419.9,87507.31989999999,87332.4801,87419.9,1000.0,0,0
2025-12-26 19:44:01.598271+00:00,87416.9,87504.31689999999,87329.4831,87416.9,1000.0,0,0
2025-12-26 19:44:01.598561+00:00,87416.9,87504.31689999999,87329.4831,87416.9,1000.0,0,0
2025-12-26 19:45:01.777813+00:00,87428.0,87515.42799999999,87340.572,87428.0,1000.0,0,0
2025-12-26 19:45:01.778222+00:00,87428.0,87515.42799999999,87340.572,87428.0,1000.0,0,0
2025-12-26 19:46:01.723040+00:00,87506.1,87593.60609999999,87418.5939,87506.1,1000.0,0,0
2025-12-26 19:46:01.723416+00:00,87506.1,87593.60609999999,87418.5939,87506.1,1000.0,0,0
2025-12-26 19:47:01.906711+00:00,87454.7,87542.15469999998,87367.2453,87454.7,1000.0,0,0
2025-12-26 19:47:01.907071+00:00,87454.7,87542.15469999998,87367.2453,87454.7,1000.0,0,0
2025-12-26 19:48:01.963069+00:00,87452.0,87539.45199999999,87364.548,87452.0,1000.0,0,0
2025-12-26 19:48:01.963347+00:00,87452.0,87539.45199999999,87364.548,87452.0,1000.0,0,0
2025-12-26 19:49:02.172656+00:00,87452.8,87540.25279999999,87365.3472,87452.8,1000.0,0,0
2025-12-26 19:49:02.172925+00:00,87452.8,87540.25279999999,87365.3472,87452.8,1000.0,0,0
2025-12-26 19:50:03.174316+00:00,87444.8,87532.2448,87357.3552,87444.8,1000.0,0,0
2025-12-26 19:51:03.160829+00:00,87458.8,87546.2588,87371.34120000001,87458.8,1000.0,0,0
2025-12-26 19:52:03.377387+00:00,87418.9,87506.31889999998,87331.48109999999,87418.9,1000.0,0,0
2025-12-26 19:52:03.377730+00:00,87418.9,87506.31889999998,87331.48109999999,87418.9,1000.0,0,0
2025-12-26 19:53:03.426314+00:00,87422.6,87510.0226,87335.1774,87422.6,1000.0,0,0
2025-12-26 19:53:03.426638+00:00,87422.6,87510.0226,87335.1774,87422.6,1000.0,0,0
2025-12-26 19:54:04.260665+00:00,87447.0,87534.44699999999,87359.553,87447.0,1000.0,0,0
2025-12-26 19:55:05.264854+00:00,87412.7,87500.11269999998,87325.2873,87412.7,1000.0,0,0
2025-12-26 19:56:06.395783+00:00,87421.9,87509.32189999998,87334.4781,87421.9,1000.0,0,0
2025-12-26 19:56:06.396534+00:00,87421.9,87509.32189999998,87334.4781,87421.9,1000.0,0,0
2025-12-26 19:57:06.650740+00:00,87390.2,87477.59019999999,87302.8098,87390.2,1000.0,0,0
2025-12-26 19:57:06.651061+00:00,87390.2,87477.59019999999,87302.8098,87390.2,1000.0,0,0
2025-12-26 19:58:06.989385+00:00,87408.1,87495.50809999999,87320.6919,87408.1,1000.0,0,0
2025-12-26 19:58:06.989738+00:00,87408.1,87495.50809999999,87320.6919,87408.1,1000.0,0,0
2025-12-26 19:59:07.286030+00:00,87454.9,87542.35489999999,87367.4451,87454.9,1000.0,0,0
2025-12-26 20:00:07.365555+00:00,87462.5,87549.9625,87375.0375,87462.5,1000.0,0,0
2025-12-26 20:01:07.551639+00:00,87484.8,87572.2848,87397.3152,87484.8,1000.0,0,0
2025-12-26 20:01:07.551902+00:00,87484.8,87572.2848,87397.3152,87484.8,1000.0,0,0
2025-12-26 20:02:08.145136+00:00,87505.1,87592.6051,87417.59490000001,87505.1,1000.0,0,0
2025-12-26 20:02:08.145521+00:00,87505.1,87592.6051,87417.59490000001,87505.1,1000.0,0,0
2025-12-26 20:03:08.571836+00:00,87467.8,87555.26779999999,87380.3322,87467.8,1000.0,0,0
2025-12-26 20:03:08.572132+00:00,87467.8,87555.26779999999,87380.3322,87467.8,1000.0,0,0
2025-12-26 20:04:09.601886+00:00,87400.0,87487.4,87312.6,87400.0,1000.0,0,0
2025-12-26 20:04:09.602239+00:00,87400.0,87487.4,87312.6,87400.0,1000.0,0,0
2025-12-26 20:05:09.787922+00:00,87390.7,87478.09069999999,87303.3093,87390.7,1000.0,0,0
2025-12-26 20:05:09.788285+00:00,87390.7,87478.09069999999,87303.3093,87390.7,1000.0,0,0
2025-12-26 20:06:09.822602+00:00,87377.3,87464.6773,87289.92270000001,87377.3,1000.0,0,0
2025-12-26 20:06:09.822951+00:00,87377.3,87464.6773,87289.92270000001,87377.3,1000.0,0,0
2025-12-26 20:07:09.853823+00:00,87387.3,87474.68729999999,87299.9127,87387.3,1000.0,0,0
2025-12-26 20:07:09.854191+00:00,87387.3,87474.68729999999,87299.9127,87387.3,1000.0,0,0
2025-12-26 20:08:10.132823+00:00,87424.8,87512.2248,87337.37520000001,87424.8,1000.0,0,0
2025-12-26 20:08:10.133263+00:00,87424.8,87512.2248,87337.37520000001,87424.8,1000.0,0,0
2025-12-26 20:09:10.097757+00:00,87460.7,87548.1607,87373.2393,87460.7,1000.0,0,0
2025-12-26 20:10:10.144325+00:00,87478.0,87565.47799999999,87390.522,87478.0,1000.0,0,0
2025-12-26 20:11:10.675870+00:00,87430.4,87517.83039999999,87342.9696,87430.4,1000.0,0,0
2025-12-26 20:11:10.676244+00:00,87430.4,87517.83039999999,87342.9696,87430.4,1000.0,0,0
2025-12-26 20:12:10.875638+00:00,87432.5,87519.9325,87345.0675,87432.5,1000.0,0,0
2025-12-26 20:12:10.875978+00:00,87432.5,87519.9325,87345.0675,87432.5,1000.0,0,0
2025-12-26 20:13:11.245943+00:00,87417.9,87505.31789999998,87330.4821,87417.9,1000.0,0,0
2025-12-26 20:13:11.246308+00:00,87417.9,87505.31789999998,87330.4821,87417.9,1000.0,0,0
2025-12-26 20:14:11.294639+00:00,87476.5,87563.97649999999,87389.0235,87476.5,1000.0,0,0
2025-12-26 20:14:11.294922+00:00,87476.5,87563.97649999999,87389.0235,87476.5,1000.0,0,0
2025-12-26 20:15:11.307800+00:00,87483.6,87571.0836,87396.1164,87483.6,1000.0,0,0
2025-12-26 20:15:11.308070+00:00,87483.6,87571.0836,87396.1164,87483.6,1000.0,0,0
2025-12-26 20:16:11.553042+00:00,87490.1,87577.5901,87402.60990000001,87490.1,1000.0,0,0
2025-12-26 20:16:11.553341+00:00,87490.1,87577.5901,87402.60990000001,87490.1,1000.0,0,0
2025-12-26 20:17:11.916617+00:00,87462.0,87549.46199999998,87374.538,87462.0,1000.0,0,0
2025-12-26 20:17:11.917050+00:00,87462.0,87549.46199999998,87374.538,87462.0,1000.0,0,0
2025-12-26 20:18:12.363823+00:00,87466.5,87553.9665,87379.0335,87466.5,1000.0,0,0
2025-12-26 20:18:12.364127+00:00,87466.5,87553.9665,87379.0335,87466.5,1000.0,0,0
2025-12-26 20:19:12.997685+00:00,87482.7,87570.18269999999,87395.2173,87482.7,1000.0,0,0
2025-12-26 20:19:12.997991+00:00,87482.7,87570.18269999999,87395.2173,87482.7,1000.0,0,0
2025-12-26 20:20:13.136652+00:00,87486.6,87574.0866,87399.1134,87486.6,1000.0,0,0
2025-12-26 20:20:13.136899+00:00,87486.6,87574.0866,87399.1134,87486.6,1000.0,0,0
2025-12-26 20:21:13.342109+00:00,87489.5,87576.9895,87402.0105,87489.5,1000.0,0,0
2025-12-26 20:21:13.342398+00:00,87489.5,87576.9895,87402.0105,87489.5,1000.0,0,0
2025-12-26 20:22:14.556849+00:00,87517.1,87604.6171,87429.58290000001,87517.1,1000.0,0,0
2025-12-26 20:22:14.557157+00:00,87517.1,87604.6171,87429.58290000001,87517.1,1000.0,0,0
2025-12-26 20:23:14.879930+00:00,87540.6,87628.1406,87453.05940000001,87540.6,1000.0,0,0
2025-12-26 20:23:14.880305+00:00,87540.6,87628.1406,87453.05940000001,87540.6,1000.0,0,0
2025-12-26 20:24:15.478425+00:00,87537.1,87624.63709999999,87449.5629,87537.1,1000.0,0,0
2025-12-26 20:24:15.478685+00:00,87537.1,87624.63709999999,87449.5629,87537.1,1000.0,0,0
2025-12-26 20:25:15.978265+00:00,87569.0,87656.56899999999,87481.431,87569.0,1000.0,0,0
2025-12-26 20:25:15.978532+00:00,87569.0,87656.56899999999,87481.431,87569.0,1000.0,0,0
2025-12-26 20:26:16.096030+00:00,87594.9,87682.49489999999,87507.3051,87594.9,1000.0,0,0
2025-12-26 20:26:16.096309+00:00,87594.9,87682.49489999999,87507.3051,87594.9,1000.0,0,0
2025-12-26 20:27:16.375387+00:00,87571.6,87659.1716,87484.02840000001,87571.6,1000.0,0,0
2025-12-26 20:27:16.375651+00:00,87571.6,87659.1716,87484.02840000001,87571.6,1000.0,0,0
2025-12-26 20:28:16.885657+00:00,87568.7,87656.26869999999,87481.1313,87568.7,1000.0,0,0
2025-12-26 20:28:16.885925+00:00,87568.7,87656.26869999999,87481.1313,87568.7,1000.0,0,0
2025-12-26 20:29:17.785811+00:00,87567.6,87655.1676,87480.03240000001,87567.6,1000.0,0,0
2025-12-26 20:29:17.786087+00:00,87567.6,87655.1676,87480.03240000001,87567.6,1000.0,0,0
2025-12-26 20:30:18.499079+00:00,87570.7,87658.2707,87483.1293,87570.7,1000.0,0,0
2025-12-26 20:30:18.499374+00:00,87570.7,87658.2707,87483.1293,87570.7,1000.0,0,0
2025-12-26 20:31:18.571672+00:00,87549.9,87637.44989999998,87462.3501,87549.9,1000.0,0,1
2025-12-26 20:31:18.572013+00:00,87549.9,87637.44989999998,87462.3501,87549.9,1000.0,0,0
2025-12-26 20:32:19.384981+00:00,87523.1,87610.6231,87435.5769,87523.1,1000.0,0,0
2025-12-26 20:32:19.385366+00:00,87523.1,87610.6231,87435.5769,87523.1,1000.0,0,0
2025-12-26 20:33:19.397566+00:00,87566.2,87653.76619999998,87478.6338,87566.2,1000.0,0,0
2025-12-26 20:33:19.397927+00:00,87566.2,87653.76619999998,87478.6338,87566.2,1000.0,0,0
2025-12-26 20:34:19.675432+00:00,87557.0,87644.55699999999,87469.443,87557.0,1000.0,0,0
2025-12-26 20:34:19.675852+00:00,87557.0,87644.55699999999,87469.443,87557.0,1000.0,0,0
2025-12-26 20:35:19.829065+00:00,87570.1,87657.6701,87482.52990000001,87570.1,1000.0,1,0
2025-12-26 20:35:19.829342+00:00,87570.1,87657.6701,87482.52990000001,87570.1,1000.0,0,0
2025-12-26 20:36:20.163450+00:00,87529.3,87616.8293,87441.77070000001,87529.3,1000.0,0,1
2025-12-26 20:36:20.163815+00:00,87529.3,87616.8293,87441.77070000001,87529.3,1000.0,0,0
2025-12-26 20:37:20.558694+00:00,87575.3,87662.8753,87487.7247,87575.3,1000.0,1,0
2025-12-26 20:37:20.559051+00:00,87575.3,87662.8753,87487.7247,87575.3,1000.0,0,0
2025-12-26 20:38:21.185302+00:00,87553.6,87641.15359999999,87466.0464,87553.6,1000.0,0,1
2025-12-26 20:38:21.185600+00:00,87553.6,87641.15359999999,87466.0464,87553.6,1000.0,0,0
2025-12-26 20:39:22.003028+00:00,87596.0,87683.59599999999,87508.404,87596.0,1000.0,1,0
2025-12-26 20:39:22.003313+00:00,87596.0,87683.59599999999,87508.404,87596.0,1000.0,0,0
2025-12-26 20:40:22.936720+00:00,87600.1,87687.7001,87512.49990000001,87600.1,1000.0,0,0
2025-12-26 20:40:22.936990+00:00,87600.1,87687.7001,87512.49990000001,87600.1,1000.0,0,0
2025-12-26 20:41:23.392716+00:00,87555.1,87642.65509999999,87467.54490000001,87555.1,1000.0,0,1
2025-12-26 20:41:23.393059+00:00,87555.1,87642.65509999999,87467.54490000001,87555.1,1000.0,0,0
2025-12-26 20:42:26.343023+00:00,87553.5,87641.0535,87465.9465,87553.5,1000.0,0,0
2025-12-26 20:42:26.343365+00:00,87553.5,87641.0535,87465.9465,87553.5,1000.0,0,0
2025-12-26 20:43:26.977516+00:00,87569.3,87656.86929999999,87481.7307,87569.3,1000.0,0,0
2025-12-26 20:43:26.978059+00:00,87569.3,87656.86929999999,87481.7307,87569.3,1000.0,0,0
2025-12-26 20:44:28.707397+00:00,87631.4,87719.03139999998,87543.7686,87631.4,1000.0,1,0
2025-12-26 20:44:28.707664+00:00,87631.4,87719.03139999998,87543.7686,87631.4,1000.0,0,0
2025-12-26 20:45:28.736628+00:00,87706.6,87794.3066,87618.8934,87706.6,1000.0,0,0
2025-12-26 20:45:28.736892+00:00,87706.6,87794.3066,87618.8934,87706.6,1000.0,0,0
2025-12-26 20:46:29.169297+00:00,87715.2,87802.91519999999,87627.48479999999,87715.2,1000.0,0,0
2025-12-26 20:46:29.169595+00:00,87715.2,87802.91519999999,87627.48479999999,87715.2,1000.0,0,0
2025-12-26 20:47:29.171079+00:00,87733.6,87821.3336,87645.8664,87733.6,1000.0,0,0
2025-12-26 20:47:29.171366+00:00,87733.6,87821.3336,87645.8664,87733.6,1000.0,0,0
2025-12-26 20:48:29.191799+00:00,87735.3,87823.03529999999,87647.5647,87735.3,1000.0,0,0
2025-12-26 20:48:29.192084+00:00,87735.3,87823.03529999999,87647.5647,87735.3,1000.0,0,0
2025-12-26 20:49:29.233386+00:00,87660.2,87747.86019999998,87572.5398,87660.2,1000.0,0,0
2025-12-26 20:49:29.233638+00:00,87660.2,87747.86019999998,87572.5398,87660.2,1000.0,0,0
2025-12-26 20:50:29.572542+00:00,87666.9,87754.56689999999,87579.2331,87666.9,1000.0,0,0
2025-12-26 20:50:29.572828+00:00,87666.9,87754.56689999999,87579.2331,87666.9,1000.0,0,0
2025-12-26 20:51:29.797354+00:00,87714.1,87801.8141,87626.38590000001,87714.1,1000.0,0,0
2025-12-26 20:51:29.797621+00:00,87714.1,87801.8141,87626.38590000001,87714.1,1000.0,0,0
2025-12-26 20:52:29.917162+00:00,87696.1,87783.79609999999,87608.4039,87696.1,1000.0,0,0
2025-12-26 20:52:29.917468+00:00,87696.1,87783.79609999999,87608.4039,87696.1,1000.0,0,0
2025-12-26 20:53:30.308213+00:00,87655.1,87742.7551,87567.4449,87655.1,1000.0,0,0
2025-12-26 20:53:30.308476+00:00,87655.1,87742.7551,87567.4449,87655.1,1000.0,0,0
2025-12-26 20:54:30.578783+00:00,87662.6,87750.2626,87574.93740000001,87662.6,1000.0,0,0
2025-12-26 20:54:30.579073+00:00,87662.6,87750.2626,87574.93740000001,87662.6,1000.0,0,0
2025-12-26 20:55:30.915692+00:00,87584.9,87672.48489999998,87497.31509999999,87584.9,1000.0,0,1
2025-12-26 20:55:30.916146+00:00,87584.9,87672.48489999998,87497.31509999999,87584.9,1000.0,0,0
2025-12-26 20:56:31.134074+00:00,87577.2,87664.77719999998,87489.6228,87577.2,1000.0,0,0
2025-12-26 20:56:31.134460+00:00,87577.2,87664.77719999998,87489.6228,87577.2,1000.0,0,0
2025-12-26 20:57:32.465433+00:00,87593.5,87681.09349999999,87505.9065,87593.5,1000.0,0,0
2025-12-26 20:57:32.465808+00:00,87593.5,87681.09349999999,87505.9065,87593.5,1000.0,0,0
2025-12-26 20:58:33.232279+00:00,87579.5,87667.07949999999,87491.9205,87579.5,1000.0,0,0
2025-12-26 20:58:33.232715+00:00,87579.5,87667.07949999999,87491.9205,87579.5,1000.0,0,0
2025-12-26 20:59:33.459563+00:00,87555.9,87643.45589999999,87468.34409999999,87555.9,1000.0,1,0
2025-12-26 21:00:33.825676+00:00,87613.2,87700.81319999999,87525.58679999999,87613.2,1000.0,0,0
2025-12-26 21:01:34.321547+00:00,87640.5,87728.1405,87552.8595,87640.5,1000.0,0,0
2025-12-26 21:01:34.321921+00:00,87640.5,87728.1405,87552.8595,87640.5,1000.0,0,0
2025-12-26 21:02:34.498125+00:00,87642.0,87729.64199999999,87554.358,87642.0,1000.0,0,0
2025-12-26 21:02:34.498461+00:00,87642.0,87729.64199999999,87554.358,87642.0,1000.0,0,0
2025-12-26 21:03:34.775736+00:00,87643.0,87730.643,87555.357,87643.0,1000.0,0,0
2025-12-26 21:03:34.776063+00:00,87643.0,87730.643,87555.357,87643.0,1000.0,0,0
2025-12-26 21:04:35.529534+00:00,87612.8,87700.41279999999,87525.1872,87612.8,1000.0,0,0
2025-12-26 21:04:35.529900+00:00,87612.8,87700.41279999999,87525.1872,87612.8,1000.0,0,0
2025-12-26 21:05:38.004026+00:00,87593.1,87680.69309999999,87505.50690000001,87593.1,1000.0,0,0
2025-12-26 21:06:38.656239+00:00,87536.3,87623.8363,87448.7637,87536.3,1000.0,0,0
2025-12-26 21:07:38.921196+00:00,87517.6,87605.1176,87430.0824,87517.6,1000.0,0,1
2025-12-26 21:07:38.921522+00:00,87517.6,87605.1176,87430.0824,87517.6,1000.0,0,0
2025-12-26 21:08:40.121928+00:00,87528.9,87616.42889999998,87441.37109999999,87528.9,1000.0,0,0
2025-12-26 21:08:40.122291+00:00,87528.9,87616.42889999998,87441.37109999999,87528.9,1000.0,0,0
2025-12-26 21:09:40.415864+00:00,87540.8,87628.34079999999,87453.2592,87540.8,1000.0,0,0
2025-12-26 21:09:40.416412+00:00,87540.8,87628.34079999999,87453.2592,87540.8,1000.0,0,0
2025-12-26 21:10:40.452818+00:00,87547.8,87635.34779999999,87460.2522,87547.8,1000.0,0,0
2025-12-26 21:10:40.453184+00:00,87547.8,87635.34779999999,87460.2522,87547.8,1000.0,0,0
2025-12-26 21:11:40.800639+00:00,87551.6,87639.1516,87464.0484,87551.6,1000.0,1,0
2025-12-26 21:12:41.103004+00:00,87573.4,87660.97339999999,87485.8266,87573.4,1000.0,0,0
2025-12-26 21:13:41.422509+00:00,87568.4,87655.96839999998,87480.83159999999,87568.4,1000.0,0,1
2025-12-26 21:13:41.422856+00:00,87568.4,87655.96839999998,87480.83159999999,87568.4,1000.0,0,0
2025-12-26 21:14:42.881905+00:00,87571.0,87658.571,87483.429,87571.0,1000.0,0,0
2025-12-26 21:14:42.882272+00:00,87571.0,87658.571,87483.429,87571.0,1000.0,0,0
2025-12-26 21:15:43.600001+00:00,87599.6,87687.19959999999,87512.0004,87599.6,1000.0,1,0
2025-12-26 21:15:43.600384+00:00,87599.6,87687.19959999999,87512.0004,87599.6,1000.0,0,0
2025-12-26 21:16:44.867923+00:00,87600.7,87688.30069999999,87513.0993,87600.7,1000.0,0,0
2025-12-26 21:16:44.868293+00:00,87600.7,87688.30069999999,87513.0993,87600.7,1000.0,0,0
2025-12-26 21:17:45.104492+00:00,87617.3,87704.91729999999,87529.6827,87617.3,1000.0,0,0
2025-12-26 21:17:45.104827+00:00,87617.3,87704.91729999999,87529.6827,87617.3,1000.0,0,0
2025-12-26 21:18:45.170869+00:00,87607.2,87694.80719999998,87519.5928,87607.2,1000.0,0,0
2025-12-26 21:18:45.171273+00:00,87607.2,87694.80719999998,87519.5928,87607.2,1000.0,0,0
2025-12-26 21:19:45.979665+00:00,87578.6,87666.1786,87491.02140000001,87578.6,1000.0,0,1
2025-12-26 21:19:45.979998+00:00,87578.6,87666.1786,87491.02140000001,87578.6,1000.0,0,0
2025-12-26 21:20:46.604674+00:00,87578.5,87666.07849999999,87490.9215,87578.5,1000.0,0,0
2025-12-26 21:20:46.605023+00:00,87578.5,87666.07849999999,87490.9215,87578.5,1000.0,0,0
2025-12-26 21:21:47.508534+00:00,87588.7,87676.28869999999,87501.1113,87588.7,1000.0,1,0
2025-12-26 21:21:47.508974+00:00,87588.7,87676.28869999999,87501.1113,87588.7,1000.0,0,0
2025-12-26 21:22:48.885437+00:00,87582.4,87669.98239999998,87494.8176,87582.4,1000.0,0,0
2025-12-26 21:22:48.885760+00:00,87582.4,87669.98239999998,87494.8176,87582.4,1000.0,0,0
2025-12-26 21:23:49.988216+00:00,87556.9,87644.45689999999,87469.3431,87556.9,1000.0,0,1
2025-12-26 21:23:49.988566+00:00,87556.9,87644.45689999999,87469.3431,87556.9,1000.0,0,0
2025-12-26 21:24:51.243929+00:00,87529.9,87617.42989999999,87442.3701,87529.9,1000.0,0,0
2025-12-26 21:24:51.244384+00:00,87529.9,87617.42989999999,87442.3701,87529.9,1000.0,0,0
2025-12-26 21:25:51.475705+00:00,87544.2,87631.74419999999,87456.6558,87544.2,1000.0,0,0
2025-12-26 21:25:51.476046+00:00,87544.2,87631.74419999999,87456.6558,87544.2,1000.0,0,0
2025-12-26 21:26:51.690489+00:00,87544.3,87631.8443,87456.75570000001,87544.3,1000.0,0,0
2025-12-26 21:26:51.690843+00:00,87544.3,87631.8443,87456.75570000001,87544.3,1000.0,0,0
2025-12-26 21:27:51.773275+00:00,87521.3,87608.8213,87433.77870000001,87521.3,1000.0,0,0
2025-12-26 21:27:51.773611+00:00,87521.3,87608.8213,87433.77870000001,87521.3,1000.0,0,0
2025-12-26 21:28:52.359274+00:00,87521.4,87608.92139999998,87433.8786,87521.4,1000.0,0,0
2025-12-27 04:46:29.638879+00:00,87428.1,87515.5281,87340.6719,87428.1,1000.0,1,0
2025-12-27 04:46:29.639530+00:00,87428.1,87515.5281,87340.6719,87428.1,1000.0,0,0
2025-12-27 04:50:28.827591+00:00,87429.4,87516.82939999999,87341.9706,87429.4,1000.0,0,0
2025-12-27 04:50:28.827985+00:00,87429.4,87516.82939999999,87341.9706,87429.4,1000.0,0,0
2025-12-27 04:51:28.966192+00:00,87439.8,87527.2398,87352.36020000001,87439.8,1000.0,0,0
2025-12-27 04:51:28.966612+00:00,87439.8,87527.2398,87352.36020000001,87439.8,1000.0,0,0
2025-12-27 04:52:29.029546+00:00,87439.7,87527.13969999999,87352.2603,87439.7,1000.0,0,0
2025-12-27 04:52:29.029872+00:00,87439.7,87527.13969999999,87352.2603,87439.7,1000.0,0,0
2025-12-27 04:53:29.158090+00:00,87439.8,87527.2398,87352.36020000001,87439.8,1000.0,0,0
2025-12-27 04:53:29.158424+00:00,87439.8,87527.2398,87352.36020000001,87439.8,1000.0,0,0
2025-12-27 04:54:29.352415+00:00,87441.4,87528.84139999999,87353.9586,87441.4,1000.0,0,0
2025-12-27 04:54:29.352713+00:00,87441.4,87528.84139999999,87353.9586,87441.4,1000.0,0,0
2025-12-27 04:55:29.531139+00:00,87423.1,87510.52309999999,87335.6769,87423.1,1000.0,0,0
2025-12-27 04:55:29.531614+00:00,87423.1,87510.52309999999,87335.6769,87423.1,1000.0,0,0
2025-12-27 04:56:30.256703+00:00,87423.0,87510.423,87335.577,87423.0,1000.0,0,0
2025-12-27 04:56:30.257112+00:00,87423.0,87510.423,87335.577,87423.0,1000.0,0,0
2025-12-27 04:57:30.558455+00:00,87426.2,87513.62619999998,87338.7738,87426.2,1000.0,0,0
2025-12-27 04:57:30.558901+00:00,87426.2,87513.62619999998,87338.7738,87426.2,1000.0,0,0
2025-12-27 04:58:32.415376+00:00,87426.2,87513.62619999998,87338.7738,87426.2,1000.0,0,0
2025-12-27 04:58:32.415731+00:00,87426.2,87513.62619999998,87338.7738,87426.2,1000.0,0,0
2025-12-27 04:59:33.396245+00:00,87428.0,87515.42799999999,87340.572,87428.0,1000.0,0,0
2025-12-27 04:59:33.396716+00:00,87428.0,87515.42799999999,87340.572,87428.0,1000.0,0,0
2025-12-27 05:00:33.792776+00:00,87427.9,87515.32789999999,87340.4721,87427.9,1000.0,0,0
2025-12-27 05:00:33.793227+00:00,87427.9,87515.32789999999,87340.4721,87427.9,1000.0,0,0
2025-12-27 05:01:35.803318+00:00,87443.3,87530.74329999999,87355.8567,87443.3,1000.0,0,0
2025-12-27 05:01:35.803888+00:00,87443.3,87530.74329999999,87355.8567,87443.3,1000.0,0,0
2025-12-27 05:02:36.012295+00:00,87443.3,87530.74329999999,87355.8567,87443.3,1000.0,0,0
2025-12-27 05:02:36.012598+00:00,87443.3,87530.74329999999,87355.8567,87443.3,1000.0,0,0
2025-12-27 05:03:36.397554+00:00,87443.2,87530.64319999999,87355.7568,87443.2,1000.0,0,0
2025-12-27 05:03:36.397861+00:00,87443.2,87530.64319999999,87355.7568,87443.2,1000.0,0,0
2025-12-27 05:04:36.511732+00:00,87431.7,87519.13169999998,87344.2683,87431.7,1000.0,0,0
2025-12-27 05:04:36.512020+00:00,87431.7,87519.13169999998,87344.2683,87431.7,1000.0,0,0
2025-12-27 05:05:37.121144+00:00,87434.2,87521.63419999999,87346.7658,87434.2,1000.0,0,0
2025-12-27 05:05:37.121455+00:00,87434.2,87521.63419999999,87346.7658,87434.2,1000.0,0,0
2025-12-27 05:06:37.873784+00:00,87434.2,87521.63419999999,87346.7658,87434.2,1000.0,0,0
2025-12-27 05:06:37.874136+00:00,87434.2,87521.63419999999,87346.7658,87434.2,1000.0,0,0
2025-12-27 05:07:38.325018+00:00,87436.0,87523.43599999999,87348.564,87436.0,1000.0,0,0
2025-12-27 05:07:38.325502+00:00,87436.0,87523.43599999999,87348.564,87436.0,1000.0,0,0
2025-12-27 05:08:38.577618+00:00,87436.0,87523.43599999999,87348.564,87436.0,1000.0,0,0
2025-12-27 05:08:38.577939+00:00,87436.0,87523.43599999999,87348.564,87436.0,1000.0,0,0
2025-12-27 05:09:39.136240+00:00,87404.1,87491.50409999999,87316.6959,87404.1,1000.0,0,1
2025-12-27 05:09:39.136547+00:00,87404.1,87491.50409999999,87316.6959,87404.1,1000.0,0,0
2025-12-27 05:10:39.383043+00:00,87414.6,87502.0146,87327.1854,87414.6,1000.0,1,0
2025-12-27 05:10:39.383388+00:00,87414.6,87502.0146,87327.1854,87414.6,1000.0,0,0
2025-12-27 05:11:40.206232+00:00,87414.5,87501.91449999998,87327.0855,87414.5,1000.0,0,0
2025-12-27 05:11:40.206569+00:00,87414.5,87501.91449999998,87327.0855,87414.5,1000.0,0,0
2025-12-27 05:12:41.147112+00:00,87414.9,87502.31489999998,87327.48509999999,87414.9,1000.0,0,0
2025-12-27 05:12:41.147431+00:00,87414.9,87502.31489999998,87327.48509999999,87414.9,1000.0,0,0
2025-12-27 05:13:41.173896+00:00,87423.2,87510.62319999999,87335.77679999999,87423.2,1000.0,0,0
2025-12-27 05:13:41.174368+00:00,87423.2,87510.62319999999,87335.77679999999,87423.2,1000.0,0,0
2025-12-27 05:14:41.178237+00:00,87423.2,87510.62319999999,87335.77679999999,87423.2,1000.0,0,0
2025-12-27 05:14:41.178525+00:00,87423.2,87510.62319999999,87335.77679999999,87423.2,1000.0,0,0
2025-12-27 05:15:42.192585+00:00,87423.2,87510.62319999999,87335.77679999999,87423.2,1000.0,0,0
2025-12-27 05:15:42.192921+00:00,87423.2,87510.62319999999,87335.77679999999,87423.2,1000.0,0,0
2025-12-27 05:16:42.208582+00:00,87424.9,87512.32489999998,87337.4751,87424.9,1000.0,0,0
2025-12-27 05:16:42.208927+00:00,87424.9,87512.32489999998,87337.4751,87424.9,1000.0,0,0
2025-12-27 05:17:43.140579+00:00,87424.9,87512.32489999998,87337.4751,87424.9,1000.0,0,0
2025-12-27 05:17:43.140862+00:00,87424.9,87512.32489999998,87337.4751,87424.9,1000.0,0,0
2025-12-27 05:18:44.925032+00:00,87404.2,87491.60419999999,87316.79579999999,87404.2,1000.0,0,1
2025-12-27 05:18:44.925321+00:00,87404.2,87491.60419999999,87316.79579999999,87404.2,1000.0,0,0
2025-12-27 05:19:45.843292+00:00,87404.2,87491.60419999999,87316.79579999999,87404.2,1000.0,0,0
2025-12-27 05:19:45.843533+00:00,87404.2,87491.60419999999,87316.79579999999,87404.2,1000.0,0,0
2025-12-27 05:20:45.962143+00:00,87408.3,87495.7083,87320.89170000001,87408.3,1000.0,0,0
2025-12-27 05:20:45.962411+00:00,87408.3,87495.7083,87320.89170000001,87408.3,1000.0,0,0
2025-12-27 05:21:46.345945+00:00,87420.6,87508.0206,87333.17940000001,87420.6,1000.0,1,0
2025-12-27 05:21:46.350572+00:00,87420.6,87508.0206,87333.17940000001,87420.6,1000.0,0,0
2025-12-27 05:22:46.695864+00:00,87420.7,87508.12069999998,87333.2793,87420.7,1000.0,0,0
2025-12-27 05:22:46.696325+00:00,87420.7,87508.12069999998,87333.2793,87420.7,1000.0,0,0
2025-12-27 05:23:47.213950+00:00,87424.9,87512.32489999998,87337.4751,87424.9,1000.0,0,0
2025-12-27 05:23:47.214386+00:00,87424.9,87512.32489999998,87337.4751,87424.9,1000.0,0,0
2025-12-27 05:24:48.190440+00:00,87427.9,87515.32789999999,87340.4721,87427.9,1000.0,0,0
2025-12-27 05:24:48.190737+00:00,87427.9,87515.32789999999,87340.4721,87427.9,1000.0,0,0
2025-12-27 05:25:48.571787+00:00,87412.0,87499.412,87324.588,87412.0,1000.0,0,1
2025-12-27 05:25:48.572039+00:00,87412.0,87499.412,87324.588,87412.0,1000.0,0,0
2025-12-27 05:26:48.974019+00:00,87411.9,87499.31189999999,87324.48809999999,87411.9,1000.0,0,0
2025-12-27 05:26:48.974438+00:00,87411.9,87499.31189999999,87324.48809999999,87411.9,1000.0,0,0
2025-12-27 05:27:49.278535+00:00,87407.1,87494.5071,87319.69290000001,87407.1,1000.0,0,0
2025-12-27 05:27:49.278871+00:00,87407.1,87494.5071,87319.69290000001,87407.1,1000.0,0,0
2025-12-27 05:28:50.089464+00:00,87408.6,87496.0086,87321.19140000001,87408.6,1000.0,0,0
2025-12-27 05:28:50.089891+00:00,87408.6,87496.0086,87321.19140000001,87408.6,1000.0,0,0
2025-12-27 05:29:50.220390+00:00,87414.6,87502.0146,87327.1854,87414.6,1000.0,1,0
2025-12-27 05:29:50.220709+00:00,87414.6,87502.0146,87327.1854,87414.6,1000.0,0,0
2025-12-27 05:30:51.088049+00:00,87414.5,87501.91449999998,87327.0855,87414.5,1000.0,0,0
2025-12-27 05:30:51.088391+00:00,87414.5,87501.91449999998,87327.0855,87414.5,1000.0,0,0
2025-12-27 05:31:54.476503+00:00,87414.6,87502.0146,87327.1854,87414.6,1000.0,0,0
2025-12-27 05:31:54.476846+00:00,87414.6,87502.0146,87327.1854,87414.6,1000.0,0,0
2025-12-27 05:32:54.968609+00:00,87424.6,87512.02459999999,87337.17540000001,87424.6,1000.0,0,0
2025-12-27 05:32:54.968922+00:00,87424.6,87512.02459999999,87337.17540000001,87424.6,1000.0,0,0
2025-12-27 05:33:55.226720+00:00,87424.6,87512.02459999999,87337.17540000001,87424.6,1000.0,0,0
2025-12-27 05:33:55.227014+00:00,87424.6,87512.02459999999,87337.17540000001,87424.6,1000.0,0,0
2025-12-27 05:34:55.620582+00:00,87444.8,87532.2448,87357.3552,87444.8,1000.0,0,0
2025-12-27 05:34:55.620870+00:00,87444.8,87532.2448,87357.3552,87444.8,1000.0,0,0
2025-12-27 05:35:56.206624+00:00,87444.7,87532.14469999999,87357.25529999999,87444.7,1000.0,0,0
2025-12-27 05:35:56.206932+00:00,87444.7,87532.14469999999,87357.25529999999,87444.7,1000.0,0,0
2025-12-27 05:36:57.137676+00:00,87444.7,87532.14469999999,87357.25529999999,87444.7,1000.0,0,0
2025-12-27 05:36:57.138020+00:00,87444.7,87532.14469999999,87357.25529999999,87444.7,1000.0,0,0
2025-12-27 05:37:57.165085+00:00,87448.8,87536.24879999999,87361.3512,87448.8,1000.0,0,0
2025-12-27 05:37:57.165408+00:00,87448.8,87536.24879999999,87361.3512,87448.8,1000.0,0,0
2025-12-27 05:38:57.204759+00:00,87467.0,87554.46699999999,87379.533,87467.0,1000.0,0,0
2025-12-27 05:38:57.205074+00:00,87467.0,87554.46699999999,87379.533,87467.0,1000.0,0,0
2025-12-27 05:39:57.508354+00:00,87449.4,87536.84939999998,87361.9506,87449.4,1000.0,0,0
2025-12-27 05:39:57.508677+00:00,87449.4,87536.84939999998,87361.9506,87449.4,1000.0,0,0
2025-12-27 05:40:57.997932+00:00,87449.3,87536.7493,87361.85070000001,87449.3,1000.0,0,0
2025-12-27 05:40:57.998251+00:00,87449.3,87536.7493,87361.85070000001,87449.3,1000.0,0,0
2025-12-27 05:41:58.320941+00:00,87450.2,87537.65019999999,87362.74979999999,87450.2,1000.0,0,0
2025-12-27 05:41:58.321419+00:00,87450.2,87537.65019999999,87362.74979999999,87450.2,1000.0,0,0
2025-12-27 05:42:58.263686+00:00,87450.1,87537.5501,87362.6499,87450.1,1000.0,0,0
2025-12-27 05:42:58.263983+00:00,87450.1,87537.5501,87362.6499,87450.1,1000.0,0,0
2025-12-27 05:43:58.287938+00:00,87462.1,87549.5621,87374.6379,87462.1,1000.0,0,0
2025-12-27 05:43:58.288391+00:00,87462.1,87549.5621,87374.6379,87462.1,1000.0,0,0
2025-12-27 05:44:59.078424+00:00,87462.1,87549.5621,87374.6379,87462.1,1000.0,0,0
2025-12-27 05:44:59.078753+00:00,87462.1,87549.5621,87374.6379,87462.1,1000.0,0,0
2025-12-27 05:46:00.169465+00:00,87462.1,87549.5621,87374.6379,87462.1,1000.0,0,0
2025-12-27 05:46:00.169750+00:00,87462.1,87549.5621,87374.6379,87462.1,1000.0,0,0
2025-12-27 05:47:00.238031+00:00,87462.1,87549.5621,87374.6379,87462.1,1000.0,0,0
2025-12-27 05:47:00.238454+00:00,87462.1,87549.5621,87374.6379,87462.1,1000.0,0,0
2025-12-27 05:48:00.981520+00:00,87462.1,87549.5621,87374.6379,87462.1,1000.0,0,0
2025-12-27 05:48:00.981987+00:00,87462.1,87549.5621,87374.6379,87462.1,1000.0,0,0
2025-12-27 05:49:01.018281+00:00,87447.6,87535.04759999999,87360.1524,87447.6,1000.0,0,0
2025-12-27 05:49:01.018707+00:00,87447.6,87535.04759999999,87360.1524,87447.6,1000.0,0,0
2025-12-27 05:50:01.194832+00:00,87445.0,87532.44499999999,87357.555,87445.0,1000.0,0,0
2025-12-27 05:50:01.195303+00:00,87445.0,87532.44499999999,87357.555,87445.0,1000.0,0,0
2025-12-27 05:51:01.742543+00:00,87447.6,87535.04759999999,87360.1524,87447.6,1000.0,0,0
2025-12-27 05:51:01.742847+00:00,87447.6,87535.04759999999,87360.1524,87447.6,1000.0,0,0
2025-12-27 05:52:02.152475+00:00,87453.2,87540.65319999999,87365.7468,87453.2,1000.0,0,0
2025-12-27 05:52:02.152778+00:00,87453.2,87540.65319999999,87365.7468,87453.2,1000.0,0,0
2025-12-27 05:53:02.221670+00:00,87470.0,87557.46999999999,87382.53,87470.0,1000.0,0,0
2025-12-27 05:53:02.222136+00:00,87470.0,87557.46999999999,87382.53,87470.0,1000.0,0,0
2025-12-27 05:54:02.305352+00:00,87469.9,87557.36989999999,87382.4301,87469.9,1000.0,0,0
2025-12-27 05:54:02.305739+00:00,87469.9,87557.36989999999,87382.4301,87469.9,1000.0,0,0
2025-12-27 05:55:02.971883+00:00,87462.3,87549.76229999999,87374.8377,87462.3,1000.0,0,0
2025-12-27 05:55:02.972272+00:00,87462.3,87549.76229999999,87374.8377,87462.3,1000.0,0,0
2025-12-27 05:56:03.569060+00:00,87462.3,87549.76229999999,87374.8377,87462.3,1000.0,0,0
2025-12-27 05:56:03.569333+00:00,87462.3,87549.76229999999,87374.8377,87462.3,1000.0,0,0
2025-12-27 05:57:04.680608+00:00,87462.3,87549.76229999999,87374.8377,87462.3,1000.0,0,0
2025-12-27 05:57:04.680860+00:00,87462.3,87549.76229999999,87374.8377,87462.3,1000.0,0,0
2025-12-27 05:58:04.979542+00:00,87462.2,87549.66219999999,87374.7378,87462.2,1000.0,0,0
2025-12-27 05:58:04.979916+00:00,87462.2,87549.66219999999,87374.7378,87462.2,1000.0,0,0
2025-12-27 05:59:05.207025+00:00,87466.2,87553.66619999999,87378.7338,87466.2,1000.0,0,0
2025-12-27 05:59:05.207289+00:00,87466.2,87553.66619999999,87378.7338,87466.2,1000.0,0,0
2025-12-27 06:00:05.810571+00:00,87483.6,87571.0836,87396.1164,87483.6,1000.0,0,0
2025-12-27 06:00:05.810825+00:00,87483.6,87571.0836,87396.1164,87483.6,1000.0,0,0
2025-12-27 06:01:06.901895+00:00,87462.9,87550.36289999998,87375.4371,87462.9,1000.0,0,0
2025-12-27 06:01:06.903243+00:00,87462.9,87550.36289999998,87375.4371,87462.9,1000.0,0,0
2025-12-27 06:02:06.979599+00:00,87460.1,87547.5601,87372.63990000001,87460.1,1000.0,0,0
2025-12-27 06:02:06.979850+00:00,87460.1,87547.5601,87372.63990000001,87460.1,1000.0,0,0
2025-12-27 06:03:07.089272+00:00,87430.1,87517.53009999999,87342.66990000001,87430.1,1000.0,0,0
2025-12-27 06:03:07.089571+00:00,87430.1,87517.53009999999,87342.66990000001,87430.1,1000.0,0,0
2025-12-27 06:04:07.404252+00:00,87433.0,87520.43299999999,87345.567,87433.0,1000.0,0,0
2025-12-27 06:04:07.404566+00:00,87433.0,87520.43299999999,87345.567,87433.0,1000.0,0,0
2025-12-27 06:05:08.785858+00:00,87441.3,87528.7413,87353.8587,87441.3,1000.0,0,0
2025-12-27 06:05:08.786183+00:00,87441.3,87528.7413,87353.8587,87441.3,1000.0,0,0
2025-12-27 06:06:09.846794+00:00,87441.2,87528.64119999998,87353.7588,87441.2,1000.0,0,0
2025-12-27 06:06:09.847296+00:00,87441.2,87528.64119999998,87353.7588,87441.2,1000.0,0,0
2025-12-27 06:07:09.840166+00:00,87460.9,87548.36089999999,87373.43909999999,87460.9,1000.0,0,0
2025-12-27 06:07:09.840474+00:00,87460.9,87548.36089999999,87373.43909999999,87460.9,1000.0,0,0
2025-12-27 06:08:10.060561+00:00,87482.5,87569.98249999998,87395.0175,87482.5,1000.0,0,0
2025-12-27 06:08:10.060940+00:00,87482.5,87569.98249999998,87395.0175,87482.5,1000.0,0,0
2025-12-27 06:09:10.621729+00:00,87487.0,87574.487,87399.513,87487.0,1000.0,0,0
2025-12-27 06:09:10.622167+00:00,87487.0,87574.487,87399.513,87487.0,1000.0,0,0
2025-12-27 06:10:10.693887+00:00,87491.9,87579.39189999999,87404.4081,87491.9,1000.0,0,0
2025-12-27 06:10:10.694256+00:00,87491.9,87579.39189999999,87404.4081,87491.9,1000.0,0,0
2025-12-27 06:11:10.856879+00:00,87520.5,87608.02049999998,87432.9795,87520.5,1000.0,0,0
2025-12-27 06:11:10.857151+00:00,87520.5,87608.02049999998,87432.9795,87520.5,1000.0,0,0
2025-12-27 06:12:11.076347+00:00,87520.2,87607.72019999998,87432.6798,87520.2,1000.0,0,0
2025-12-27 06:12:11.076597+00:00,87520.2,87607.72019999998,87432.6798,87520.2,1000.0,0,0
2025-12-27 06:13:11.085530+00:00,87514.7,87602.21469999998,87427.1853,87514.7,1000.0,0,0
2025-12-27 06:13:11.085782+00:00,87514.7,87602.21469999998,87427.1853,87514.7,1000.0,0,0
2025-12-27 06:14:11.533108+00:00,87501.4,87588.90139999999,87413.8986,87501.4,1000.0,0,0
2025-12-27 06:14:11.533512+00:00,87501.4,87588.90139999999,87413.8986,87501.4,1000.0,0,0
2025-12-27 06:15:11.747134+00:00,87491.1,87578.59109999999,87403.6089,87491.1,1000.0,0,0
2025-12-27 06:15:11.747616+00:00,87491.1,87578.59109999999,87403.6089,87491.1,1000.0,0,0
2025-12-27 06:16:11.756688+00:00,87467.3,87554.76729999999,87379.8327,87467.3,1000.0,0,0
2025-12-27 06:16:11.756984+00:00,87467.3,87554.76729999999,87379.8327,87467.3,1000.0,0,0
2025-12-27 06:17:12.447202+00:00,87450.9,87538.35089999999,87363.4491,87450.9,1000.0,0,0
2025-12-27 06:17:12.447497+00:00,87450.9,87538.35089999999,87363.4491,87450.9,1000.0,0,0
2025-12-27 06:18:12.935618+00:00,87450.9,87538.35089999999,87363.4491,87450.9,1000.0,0,0
2025-12-27 06:18:12.935949+00:00,87450.9,87538.35089999999,87363.4491,87450.9,1000.0,0,0
2025-12-27 06:19:13.124018+00:00,87436.9,87524.33689999998,87349.4631,87436.9,1000.0,0,1
2025-12-27 06:19:13.124360+00:00,87436.9,87524.33689999998,87349.4631,87436.9,1000.0,0,0
2025-12-27 06:20:13.215573+00:00,87423.2,87510.62319999999,87335.77679999999,87423.2,1000.0,0,0
2025-12-27 06:20:13.215911+00:00,87423.2,87510.62319999999,87335.77679999999,87423.2,1000.0,0,0
2025-12-27 06:21:13.502332+00:00,87415.3,87502.7153,87327.88470000001,87415.3,1000.0,0,0
2025-12-27 06:21:13.502590+00:00,87415.3,87502.7153,87327.88470000001,87415.3,1000.0,0,0
2025-12-27 06:22:13.550186+00:00,87413.2,87500.61319999999,87325.7868,87413.2,1000.0,0,0
2025-12-27 06:22:13.550605+00:00,87413.2,87500.61319999999,87325.7868,87413.2,1000.0,0,0
2025-12-27 06:23:13.803548+00:00,87411.3,87498.7113,87323.8887,87411.3,1000.0,0,0
2025-12-27 06:23:13.803795+00:00,87411.3,87498.7113,87323.8887,87411.3,1000.0,0,0
2025-12-27 06:24:13.918149+00:00,87446.2,87533.64619999999,87358.75379999999,87446.2,1000.0,1,0
2025-12-27 06:24:13.918592+00:00,87446.2,87533.64619999999,87358.75379999999,87446.2,1000.0,0,0
2025-12-27 06:25:14.191510+00:00,87438.6,87526.0386,87351.16140000001,87438.6,1000.0,0,0
2025-12-27 06:25:14.191930+00:00,87438.6,87526.0386,87351.16140000001,87438.6,1000.0,0,0
2025-12-27 06:26:15.126191+00:00,87440.3,87527.74029999999,87352.8597,87440.3,1000.0,0,0
2025-12-27 06:26:15.126481+00:00,87440.3,87527.74029999999,87352.8597,87440.3,1000.0,0,0
2025-12-27 06:27:15.973440+00:00,87440.3,87527.74029999999,87352.8597,87440.3,1000.0,0,0
2025-12-27 06:27:15.973855+00:00,87440.3,87527.74029999999,87352.8597,87440.3,1000.0,0,0
2025-12-27 06:28:16.066882+00:00,87427.5,87514.92749999999,87340.0725,87427.5,1000.0,0,1
2025-12-27 06:28:16.067212+00:00,87427.5,87514.92749999999,87340.0725,87427.5,1000.0,0,0
2025-12-27 06:29:17.012513+00:00,87427.6,87515.0276,87340.17240000001,87427.6,1000.0,0,0
2025-12-27 06:29:17.012923+00:00,87427.6,87515.0276,87340.17240000001,87427.6,1000.0,0,0
2025-12-27 06:30:17.099158+00:00,87404.8,87492.20479999999,87317.3952,87404.8,1000.0,0,0
2025-12-27 06:30:17.099448+00:00,87404.8,87492.20479999999,87317.3952,87404.8,1000.0,0,0
2025-12-27 06:31:17.286969+00:00,87407.2,87494.60719999998,87319.7928,87407.2,1000.0,0,0
2025-12-27 06:31:17.287239+00:00,87407.2,87494.60719999998,87319.7928,87407.2,1000.0,0,0
2025-12-27 06:32:18.121166+00:00,87411.6,87499.0116,87324.1884,87411.6,1000.0,0,0
2025-12-27 06:32:18.121577+00:00,87411.6,87499.0116,87324.1884,87411.6,1000.0,0,0
2025-12-27 06:33:18.140268+00:00,87411.5,87498.91149999999,87324.0885,87411.5,1000.0,0,0
2025-12-27 06:33:18.140533+00:00,87411.5,87498.91149999999,87324.0885,87411.5,1000.0,0,0
2025-12-27 06:34:18.269789+00:00,87431.8,87519.2318,87344.3682,87431.8,1000.0,0,0
2025-12-27 06:34:18.270236+00:00,87431.8,87519.2318,87344.3682,87431.8,1000.0,0,0
2025-12-27 06:35:18.608288+00:00,87423.1,87510.52309999999,87335.6769,87423.1,1000.0,0,0
2025-12-27 06:35:18.608564+00:00,87423.1,87510.52309999999,87335.6769,87423.1,1000.0,0,0
2025-12-27 06:36:19.650472+00:00,87423.1,87510.52309999999,87335.6769,87423.1,1000.0,0,0
2025-12-27 06:36:19.650885+00:00,87423.1,87510.52309999999,87335.6769,87423.1,1000.0,0,0
2025-12-27 06:37:21.102924+00:00,87423.2,87510.62319999999,87335.77679999999,87423.2,1000.0,0,0
2025-12-27 06:37:21.103189+00:00,87423.2,87510.62319999999,87335.77679999999,87423.2,1000.0,0,0
2025-12-27 06:38:21.478481+00:00,87374.5,87461.87449999999,87287.1255,87374.5,1000.0,0,0
2025-12-27 06:38:21.478868+00:00,87374.5,87461.87449999999,87287.1255,87374.5,1000.0,0,0
2025-12-27 06:39:21.448042+00:00,87391.0,87478.39099999999,87303.609,87391.0,1000.0,0,0
2025-12-27 06:39:21.448463+00:00,87391.0,87478.39099999999,87303.609,87391.0,1000.0,0,0
2025-12-27 06:40:21.656120+00:00,87420.5,87507.9205,87333.0795,87420.5,1000.0,0,0
2025-12-27 06:40:21.656422+00:00,87420.5,87507.9205,87333.0795,87420.5,1000.0,0,0
2025-12-27 06:41:22.156689+00:00,87421.6,87509.0216,87334.1784,87421.6,1000.0,0,0
2025-12-27 06:41:22.157003+00:00,87421.6,87509.0216,87334.1784,87421.6,1000.0,0,0
2025-12-27 06:42:22.818532+00:00,87421.6,87509.0216,87334.1784,87421.6,1000.0,0,0
2025-12-27 06:42:22.819018+00:00,87421.6,87509.0216,87334.1784,87421.6,1000.0,0,0
2025-12-27 06:43:22.913486+00:00,87421.6,87509.0216,87334.1784,87421.6,1000.0,0,0
2025-12-27 06:43:22.913807+00:00,87421.6,87509.0216,87334.1784,87421.6,1000.0,0,0
2025-12-27 06:44:23.168358+00:00,87421.6,87509.0216,87334.1784,87421.6,1000.0,0,0
2025-12-27 06:44:23.168656+00:00,87421.6,87509.0216,87334.1784,87421.6,1000.0,0,0
2025-12-27 06:45:23.229799+00:00,87414.4,87501.81439999999,87326.9856,87414.4,1000.0,0,0
2025-12-27 06:45:23.230269+00:00,87414.4,87501.81439999999,87326.9856,87414.4,1000.0,0,0
2025-12-27 06:46:23.433868+00:00,87414.4,87501.81439999999,87326.9856,87414.4,1000.0,0,0
2025-12-27 06:46:23.434207+00:00,87414.4,87501.81439999999,87326.9856,87414.4,1000.0,0,0
2025-12-27 06:47:23.666141+00:00,87396.3,87483.6963,87308.90370000001,87396.3,1000.0,0,0
2025-12-27 06:47:23.666396+00:00,87396.3,87483.6963,87308.90370000001,87396.3,1000.0,0,0
2025-12-27 06:48:26.022973+00:00,87405.9,87493.30589999998,87318.4941,87405.9,1000.0,0,0
2025-12-27 06:48:26.023444+00:00,87405.9,87493.30589999998,87318.4941,87405.9,1000.0,0,0
2025-12-27 06:49:26.008556+00:00,87410.3,87497.71029999999,87322.8897,87410.3,1000.0,0,0
2025-12-27 06:49:26.008898+00:00,87410.3,87497.71029999999,87322.8897,87410.3,1000.0,0,0
2025-12-27 06:50:26.789310+00:00,87416.9,87504.31689999999,87329.4831,87416.9,1000.0,0,0
2025-12-27 06:50:26.789616+00:00,87416.9,87504.31689999999,87329.4831,87416.9,1000.0,0,0
2025-12-27 06:51:28.394989+00:00,87414.4,87501.81439999999,87326.9856,87414.4,1000.0,0,0
2025-12-27 06:51:28.395305+00:00,87414.4,87501.81439999999,87326.9856,87414.4,1000.0,0,0
2025-12-27 06:52:29.201797+00:00,87414.4,87501.81439999999,87326.9856,87414.4,1000.0,0,0
2025-12-27 06:52:29.202177+00:00,87414.4,87501.81439999999,87326.9856,87414.4,1000.0,0,0
2025-12-27 06:53:29.807285+00:00,87425.4,87512.82539999999,87337.9746,87425.4,1000.0,0,0
2025-12-27 06:53:29.807590+00:00,87425.4,87512.82539999999,87337.9746,87425.4,1000.0,0,0
2025-12-27 06:54:29.925574+00:00,87425.4,87512.82539999999,87337.9746,87425.4,1000.0,0,0
2025-12-27 06:54:29.926559+00:00,87425.4,87512.82539999999,87337.9746,87425.4,1000.0,0,0
2025-12-27 06:55:30.969591+00:00,87407.2,87494.60719999998,87319.7928,87407.2,1000.0,0,0
2025-12-27 06:55:30.970061+00:00,87407.2,87494.60719999998,87319.7928,87407.2,1000.0,0,0
2025-12-27 06:56:32.006266+00:00,87407.1,87494.5071,87319.69290000001,87407.1,1000.0,0,0
2025-12-27 06:56:32.006736+00:00,87407.1,87494.5071,87319.69290000001,87407.1,1000.0,0,0
2025-12-27 06:57:32.175051+00:00,87431.2,87518.63119999999,87343.76879999999,87431.2,1000.0,0,0
2025-12-27 06:57:32.175586+00:00,87431.2,87518.63119999999,87343.76879999999,87431.2,1000.0,0,0
2025-12-27 06:58:32.357085+00:00,87426.8,87514.22679999999,87339.3732,87426.8,1000.0,0,0
2025-12-27 06:58:32.357422+00:00,87426.8,87514.22679999999,87339.3732,87426.8,1000.0,0,0
2025-12-27 06:59:33.200227+00:00,87426.8,87514.22679999999,87339.3732,87426.8,1000.0,0,0
2025-12-27 06:59:33.200678+00:00,87426.8,87514.22679999999,87339.3732,87426.8,1000.0,0,0
2025-12-27 07:00:34.100892+00:00,87426.8,87514.22679999999,87339.3732,87426.8,1000.0,0,0
2025-12-27 07:00:34.101229+00:00,87426.8,87514.22679999999,87339.3732,87426.8,1000.0,0,0
2025-12-27 07:01:34.106881+00:00,87442.9,87530.34289999999,87355.4571,87442.9,1000.0,1,0
2025-12-27 07:01:34.107195+00:00,87442.9,87530.34289999999,87355.4571,87442.9,1000.0,0,0
2025-12-27 07:02:34.532221+00:00,87443.0,87530.44299999998,87355.557,87443.0,1000.0,0,0
2025-12-27 07:02:34.532727+00:00,87443.0,87530.44299999998,87355.557,87443.0,1000.0,0,0
2025-12-27 07:03:34.524906+00:00,87452.2,87539.65219999998,87364.7478,87452.2,1000.0,0,0
2025-12-27 07:03:34.525375+00:00,87452.2,87539.65219999998,87364.7478,87452.2,1000.0,0,0
2025-12-27 07:04:34.587576+00:00,87452.3,87539.7523,87364.8477,87452.3,1000.0,0,0
2025-12-27 07:04:34.587865+00:00,87452.3,87539.7523,87364.8477,87452.3,1000.0,0,0
2025-12-27 07:05:34.920924+00:00,87487.1,87574.58709999999,87399.61290000001,87487.1,1000.0,0,0
2025-12-27 07:05:34.921293+00:00,87487.1,87574.58709999999,87399.61290000001,87487.1,1000.0,0,0
2025-12-27 07:06:35.131411+00:00,87490.5,87577.99049999999,87403.0095,87490.5,1000.0,0,0
2025-12-27 07:06:35.131739+00:00,87490.5,87577.99049999999,87403.0095,87490.5,1000.0,0,0
2025-12-27 07:07:35.448174+00:00,87490.5,87577.99049999999,87403.0095,87490.5,1000.0,0,0
2025-12-27 07:07:35.448491+00:00,87490.5,87577.99049999999,87403.0095,87490.5,1000.0,0,0
2025-12-27 07:08:35.528328+00:00,87498.4,87585.89839999999,87410.9016,87498.4,1000.0,0,0
2025-12-27 07:08:35.528706+00:00,87498.4,87585.89839999999,87410.9016,87498.4,1000.0,0,0
2025-12-27 07:09:36.452674+00:00,87497.8,87585.2978,87410.3022,87497.8,1000.0,0,0
2025-12-27 07:09:36.453082+00:00,87497.8,87585.2978,87410.3022,87497.8,1000.0,0,0
2025-12-27 07:10:36.393443+00:00,87497.8,87585.2978,87410.3022,87497.8,1000.0,0,0
2025-12-27 07:10:36.393680+00:00,87497.8,87585.2978,87410.3022,87497.8,1000.0,0,0
2025-12-27 07:11:37.068889+00:00,87493.5,87580.9935,87406.0065,87493.5,1000.0,0,0
2025-12-27 07:11:37.069222+00:00,87493.5,87580.9935,87406.0065,87493.5,1000.0,0,0
2025-12-27 07:12:37.083693+00:00,87493.5,87580.9935,87406.0065,87493.5,1000.0,0,0
2025-12-27 07:12:37.084007+00:00,87493.5,87580.9935,87406.0065,87493.5,1000.0,0,0
2025-12-27 07:13:37.156308+00:00,87506.8,87594.30679999999,87419.2932,87506.8,1000.0,0,0
2025-12-27 07:13:37.156687+00:00,87506.8,87594.30679999999,87419.2932,87506.8,1000.0,0,0
2025-12-27 07:14:37.144121+00:00,87510.1,87597.61009999999,87422.5899,87510.1,1000.0,0,0
2025-12-27 07:14:37.144367+00:00,87510.1,87597.61009999999,87422.5899,87510.1,1000.0,0,0
2025-12-27 07:15:37.238551+00:00,87531.3,87618.83129999999,87443.7687,87531.3,1000.0,0,0
2025-12-27 07:15:37.239641+00:00,87531.3,87618.83129999999,87443.7687,87531.3,1000.0,0,0
2025-12-27 07:16:37.533909+00:00,87510.2,87597.71019999999,87422.6898,87510.2,1000.0,0,0
2025-12-27 07:16:37.534199+00:00,87510.2,87597.71019999999,87422.6898,87510.2,1000.0,0,0
2025-12-27 07:17:37.574450+00:00,87497.9,87585.39789999998,87410.40209999999,87497.9,1000.0,0,0
2025-12-27 07:17:37.574691+00:00,87497.9,87585.39789999998,87410.40209999999,87497.9,1000.0,0,0
2025-12-27 07:18:37.652396+00:00,87490.9,87578.39089999998,87403.40909999999,87490.9,1000.0,0,0
2025-12-27 07:18:37.652830+00:00,87490.9,87578.39089999998,87403.40909999999,87490.9,1000.0,0,0
2025-12-27 07:19:37.900955+00:00,87495.8,87583.29579999999,87408.3042,87495.8,1000.0,0,0
2025-12-27 07:19:37.901278+00:00,87495.8,87583.29579999999,87408.3042,87495.8,1000.0,0,0
2025-12-27 07:20:38.302906+00:00,87520.9,87608.42089999998,87433.37909999999,87520.9,1000.0,0,0
2025-12-27 07:20:38.303296+00:00,87520.9,87608.42089999998,87433.37909999999,87520.9,1000.0,0,0
2025-12-27 07:21:38.505516+00:00,87547.7,87635.24769999999,87460.1523,87547.7,1000.0,0,0
2025-12-27 07:21:38.505773+00:00,87547.7,87635.24769999999,87460.1523,87547.7,1000.0,0,0
2025-12-27 07:22:38.772047+00:00,87555.4,87642.95539999999,87467.8446,87555.4,1000.0,0,0
2025-12-27 07:22:38.772321+00:00,87555.4,87642.95539999999,87467.8446,87555.4,1000.0,0,0
2025-12-27 07:23:39.160261+00:00,87601.4,87689.00139999998,87513.7986,87601.4,1000.0,0,0
2025-12-27 07:23:39.160611+00:00,87601.4,87689.00139999998,87513.7986,87601.4,1000.0,0,0
2025-12-27 07:24:39.288589+00:00,87669.7,87757.36969999998,87582.0303,87669.7,1000.0,0,0
2025-12-27 07:24:39.288825+00:00,87669.7,87757.36969999998,87582.0303,87669.7,1000.0,0,0
2025-12-27 07:25:39.938437+00:00,87655.7,87743.35569999999,87568.0443,87655.7,1000.0,0,0
2025-12-27 07:25:39.938676+00:00,87655.7,87743.35569999999,87568.0443,87655.7,1000.0,0,0
2025-12-27 07:26:40.188505+00:00,87650.1,87737.75009999999,87562.4499,87650.1,1000.0,0,0
2025-12-27 07:26:40.188893+00:00,87650.1,87737.75009999999,87562.4499,87650.1,1000.0,0,0
2025-12-27 07:27:40.264764+00:00,87617.4,87705.01739999998,87529.78259999999,87617.4,1000.0,0,1
2025-12-27 07:27:40.265055+00:00,87617.4,87705.01739999998,87529.78259999999,87617.4,1000.0,0,0
2025-12-27 07:28:40.665535+00:00,87580.6,87668.18059999999,87493.0194,87580.6,1000.0,0,0
2025-12-27 07:28:40.665840+00:00,87580.6,87668.18059999999,87493.0194,87580.6,1000.0,0,0
2025-12-27 07:29:41.788994+00:00,87554.7,87642.25469999999,87467.1453,87554.7,1000.0,0,0
2025-12-27 07:30:41.300404+00:00,87530.6,87618.13059999999,87443.06940000001,87530.6,1000.0,0,0
2025-12-27 07:31:41.717332+00:00,87526.5,87614.02649999999,87438.9735,87526.5,1000.0,0,0
2025-12-27 07:32:41.503565+00:00,87526.2,87613.72619999999,87438.6738,87526.2,1000.0,0,0
2025-12-27 07:33:42.513976+00:00,87540.3,87627.8403,87452.75970000001,87540.3,1000.0,0,0
2025-12-27 07:34:42.952018+00:00,87531.2,87618.7312,87443.6688,87531.2,1000.0,0,0
2025-12-27 07:35:43.213308+00:00,87532.1,87619.6321,87444.56790000001,87532.1,1000.0,0,0
2025-12-27 07:36:43.222757+00:00,87513.0,87600.51299999999,87425.487,87513.0,1000.0,0,0
2025-12-27 07:37:43.295072+00:00,87505.8,87593.30579999999,87418.2942,87505.8,1000.0,0,0
2025-12-27 07:38:43.762417+00:00,87493.5,87580.9935,87406.0065,87493.5,1000.0,0,0
2025-12-27 07:39:45.432437+00:00,87497.8,87585.2978,87410.3022,87497.8,1000.0,0,0
2025-12-27 07:40:45.599410+00:00,87502.5,87590.00249999999,87414.9975,87502.5,1000.0,0,0
2025-12-27 07:41:45.994441+00:00,87485.0,87572.48499999999,87397.515,87485.0,1000.0,0,0
2025-12-27 07:42:47.096273+00:00,87488.2,87575.68819999999,87400.71179999999,87488.2,1000.0,0,0
2025-12-27 07:43:47.379787+00:00,87504.3,87591.80429999999,87416.7957,87504.3,1000.0,0,0
2025-12-27 07:44:47.633084+00:00,87504.3,87591.80429999999,87416.7957,87504.3,1000.0,0,0
2025-12-27 07:45:47.777365+00:00,87480.8,87568.2808,87393.3192,87480.8,1000.0,0,0
2025-12-27 07:46:47.901418+00:00,87478.6,87566.0786,87391.1214,87478.6,1000.0,0,0
2025-12-27 07:47:48.020430+00:00,87502.0,87589.502,87414.498,87502.0,1000.0,0,0
2025-12-27 07:48:49.078521+00:00,87501.9,87589.40189999998,87414.39809999999,87501.9,1000.0,0,0
2025-12-27 07:49:49.458574+00:00,87503.4,87590.90339999998,87415.8966,87503.4,1000.0,0,0
2025-12-27 07:50:49.579932+00:00,87503.4,87590.90339999998,87415.8966,87503.4,1000.0,0,0
2025-12-27 07:51:50.729295+00:00,87503.3,87590.8033,87415.7967,87503.3,1000.0,0,0
2025-12-27 07:52:50.958901+00:00,87497.2,87584.69719999998,87409.7028,87497.2,1000.0,0,0
2025-12-27 07:53:51.642832+00:00,87497.1,87584.5971,87409.60290000001,87497.1,1000.0,0,0
2025-12-27 07:54:51.939825+00:00,87497.2,87584.69719999998,87409.7028,87497.2,1000.0,0,0
2025-12-27 07:55:51.996722+00:00,87497.2,87584.69719999998,87409.7028,87497.2,1000.0,0,0
2025-12-27 07:56:54.033963+00:00,87509.0,87596.50899999999,87421.491,87509.0,1000.0,0,0
2025-12-27 07:57:54.376087+00:00,87508.9,87596.40889999998,87421.3911,87508.9,1000.0,0,0
2025-12-27 07:58:54.230151+00:00,87500.1,87587.6001,87412.5999,87500.1,1000.0,0,0
2025-12-27 07:59:54.847544+00:00,87490.9,87578.39089999998,87403.40909999999,87490.9,1000.0,0,0
2025-12-27 08:00:55.391661+00:00,87509.0,87596.50899999999,87421.491,87509.0,1000.0,0,0
2025-12-27 08:01:55.809814+00:00,87510.0,87597.51,87422.49,87510.0,1000.0,0,0
2025-12-27 08:02:56.866273+00:00,87534.0,87621.53399999999,87446.466,87534.0,1000.0,0,0
2025-12-27 08:03:57.420762+00:00,87533.9,87621.43389999999,87446.3661,87533.9,1000.0,0,0
2025-12-27 08:04:57.973718+00:00,87534.0,87621.53399999999,87446.466,87534.0,1000.0,0,0
2025-12-27 08:05:58.347912+00:00,87549.8,87637.3498,87462.25020000001,87549.8,1000.0,0,0
2025-12-27 08:06:58.465060+00:00,87553.6,87641.15359999999,87466.0464,87553.6,1000.0,0,0
2025-12-27 08:07:59.112772+00:00,87553.7,87641.25369999999,87466.1463,87553.7,1000.0,0,0
2025-12-27 08:08:59.123924+00:00,87553.7,87641.25369999999,87466.1463,87553.7,1000.0,0,0
2025-12-27 08:09:59.216564+00:00,87566.8,87654.36679999999,87479.2332,87566.8,1000.0,0,0
2025-12-27 08:09:59.216973+00:00,87566.8,87654.36679999999,87479.2332,87566.8,1000.0,0,0
2025-12-27 08:10:59.735840+00:00,87512.8,87600.3128,87425.2872,87512.8,1000.0,0,0
2025-12-27 08:12:00.295131+00:00,87507.0,87594.50699999998,87419.493,87507.0,1000.0,0,0
2025-12-27 08:13:00.475873+00:00,87507.6,87595.1076,87420.09240000001,87507.6,1000.0,0,0
2025-12-27 08:14:01.266609+00:00,87512.9,87600.41289999998,87425.38709999999,87512.9,1000.0,0,0
2025-12-27 08:15:01.387311+00:00,87512.9,87600.41289999998,87425.38709999999,87512.9,1000.0,0,0
2025-12-27 08:16:01.329807+00:00,87525.5,87613.02549999999,87437.9745,87525.5,1000.0,0,0
2025-12-27 08:17:01.976308+00:00,87535.0,87622.53499999999,87447.465,87535.0,1000.0,0,0
2025-12-27 08:18:02.352856+00:00,87540.0,87627.54,87452.46,87540.0,1000.0,0,0
2025-12-27 08:19:02.626034+00:00,87540.0,87627.54,87452.46,87540.0,1000.0,0,0
2025-12-27 08:20:02.653579+00:00,87549.8,87637.3498,87462.25020000001,87549.8,1000.0,0,0
2025-12-27 08:21:03.611888+00:00,87553.6,87641.15359999999,87466.0464,87553.6,1000.0,0,0
2025-12-27 08:22:03.610678+00:00,87553.6,87641.15359999999,87466.0464,87553.6,1000.0,0,0
2025-12-27 08:23:04.485582+00:00,87558.6,87646.1586,87471.0414,87558.6,1000.0,0,0
2025-12-27 08:24:05.226738+00:00,87571.2,87658.77119999999,87483.62879999999,87571.2,1000.0,0,0
2025-12-27 08:25:05.392857+00:00,87584.8,87672.3848,87497.2152,87584.8,1000.0,0,0
2025-12-27 08:25:05.393175+00:00,87584.8,87672.3848,87497.2152,87584.8,1000.0,0,0
2025-12-27 08:26:05.509758+00:00,87617.9,87705.51789999999,87530.2821,87617.9,1000.0,0,0
2025-12-27 08:26:05.510052+00:00,87617.9,87705.51789999999,87530.2821,87617.9,1000.0,0,0
2025-12-27 08:27:05.762688+00:00,87626.4,87714.02639999999,87538.7736,87626.4,1000.0,0,0
2025-12-27 08:27:05.763018+00:00,87626.4,87714.02639999999,87538.7736,87626.4,1000.0,0,0
2025-12-27 08:28:06.713625+00:00,87597.8,87685.39779999999,87510.2022,87597.8,1000.0,0,0
2025-12-27 08:28:06.713943+00:00,87597.8,87685.39779999999,87510.2022,87597.8,1000.0,0,0
2025-12-27 08:29:07.473068+00:00,87573.0,87660.57299999999,87485.427,87573.0,1000.0,0,0
2025-12-27 08:29:07.473545+00:00,87573.0,87660.57299999999,87485.427,87573.0,1000.0,0,0
2025-12-27 08:30:07.716169+00:00,87556.0,87643.556,87468.444,87556.0,1000.0,0,0
2025-12-27 08:31:08.168326+00:00,87566.8,87654.36679999999,87479.2332,87566.8,1000.0,0,0
2025-12-27 08:32:08.552390+00:00,87579.9,87667.47989999999,87492.3201,87579.9,1000.0,0,0
2025-12-27 08:32:08.552948+00:00,87579.9,87667.47989999999,87492.3201,87579.9,1000.0,0,0
2025-12-27 08:33:09.768556+00:00,87587.2,87674.78719999999,87499.6128,87587.2,1000.0,0,0
2025-12-27 08:33:09.768890+00:00,87587.2,87674.78719999999,87499.6128,87587.2,1000.0,0,0
2025-12-27 08:34:10.046564+00:00,87580.0,87667.57999999999,87492.42,87580.0,1000.0,0,0
2025-12-27 08:34:10.046875+00:00,87580.0,87667.57999999999,87492.42,87580.0,1000.0,0,0
2025-12-27 08:35:10.876835+00:00,87555.1,87642.65509999999,87467.54490000001,87555.1,1000.0,0,0
2025-12-27 08:36:12.008815+00:00,87556.0,87643.556,87468.444,87556.0,1000.0,0,0
2025-12-27 08:37:12.308447+00:00,87561.5,87649.0615,87473.9385,87561.5,1000.0,0,0
2025-12-27 08:38:13.475316+00:00,87583.4,87670.98339999998,87495.81659999999,87583.4,1000.0,0,0
2025-12-27 08:39:13.898597+00:00,87583.4,87670.98339999998,87495.81659999999,87583.4,1000.0,0,0
2025-12-27 08:39:13.898887+00:00,87583.4,87670.98339999998,87495.81659999999,87583.4,1000.0,0,0
2025-12-27 08:40:14.045003+00:00,87578.4,87665.97839999998,87490.8216,87578.4,1000.0,0,0
2025-12-27 08:40:14.047559+00:00,87578.4,87665.97839999998,87490.8216,87578.4,1000.0,0,0
2025-12-27 08:41:14.641492+00:00,87567.4,87654.96739999998,87479.8326,87567.4,1000.0,0,0
2025-12-27 08:41:14.641808+00:00,87567.4,87654.96739999998,87479.8326,87567.4,1000.0,0,0
2025-12-27 08:42:15.552232+00:00,87557.2,87644.7572,87469.6428,87557.2,1000.0,0,0
2025-12-27 08:43:16.459963+00:00,87563.2,87650.76319999999,87475.6368,87563.2,1000.0,0,0
2025-12-27 08:44:17.054724+00:00,87577.9,87665.47789999998,87490.32209999999,87577.9,1000.0,0,0
2025-12-27 08:44:17.057504+00:00,87577.9,87665.47789999998,87490.32209999999,87577.9,1000.0,0,0
2025-12-27 08:45:17.140085+00:00,87568.5,87656.0685,87480.9315,87568.5,1000.0,0,0
2025-12-27 08:45:17.140706+00:00,87568.5,87656.0685,87480.9315,87568.5,1000.0,0,0
2025-12-27 08:46:17.853007+00:00,87568.5,87656.0685,87480.9315,87568.5,1000.0,0,0
2025-12-27 08:46:17.853339+00:00,87568.5,87656.0685,87480.9315,87568.5,1000.0,0,0
2025-12-27 08:47:18.163362+00:00,87549.0,87636.54899999998,87461.451,87549.0,1000.0,0,0
2025-12-27 08:48:18.227205+00:00,87548.8,87636.34879999999,87461.2512,87548.8,1000.0,0,0
2025-12-27 08:49:18.520129+00:00,87539.9,87627.43989999998,87452.36009999999,87539.9,1000.0,0,0
2025-12-27 08:50:18.858751+00:00,87547.6,87635.1476,87460.0524,87547.6,1000.0,0,0
2025-12-27 08:51:18.889851+00:00,87547.7,87635.24769999999,87460.1523,87547.7,1000.0,0,0
2025-12-27 08:52:20.831125+00:00,87547.7,87635.24769999999,87460.1523,87547.7,1000.0,0,0
2025-12-27 08:53:21.113673+00:00,87547.7,87635.24769999999,87460.1523,87547.7,1000.0,0,0
2025-12-27 08:54:21.740958+00:00,87540.0,87627.54,87452.46,87540.0,1000.0,0,0
2025-12-27 08:55:23.963572+00:00,87548.7,87636.24869999998,87461.1513,87548.7,1000.0,0,0
2025-12-27 08:56:24.789818+00:00,87548.7,87636.24869999998,87461.1513,87548.7,1000.0,0,0
2025-12-27 08:57:25.141021+00:00,87552.5,87640.05249999999,87464.9475,87552.5,1000.0,0,0
2025-12-27 08:58:25.235863+00:00,87548.1,87635.64809999999,87460.5519,87548.1,1000.0,0,0
2025-12-27 08:59:25.618026+00:00,87545.7,87633.24569999998,87458.1543,87545.7,1000.0,1,0
2025-12-27 08:59:25.618571+00:00,87545.7,87633.24569999998,87458.1543,87545.7,1000.0,0,0
2025-12-27 09:00:25.807039+00:00,87538.9,87626.43889999998,87451.3611,87538.9,1000.0,0,0
2025-12-27 09:00:25.807400+00:00,87538.9,87626.43889999998,87451.3611,87538.9,1000.0,0,0
2025-12-27 09:01:26.242335+00:00,87551.8,87639.35179999999,87464.2482,87551.8,1000.0,0,0
2025-12-27 09:01:26.242682+00:00,87551.8,87639.35179999999,87464.2482,87551.8,1000.0,0,0
2025-12-27 09:02:26.368965+00:00,87556.7,87644.25669999998,87469.1433,87556.7,1000.0,0,0
2025-12-27 09:02:26.369326+00:00,87556.7,87644.25669999998,87469.1433,87556.7,1000.0,0,0
2025-12-27 09:03:27.726253+00:00,87563.7,87651.26369999998,87476.1363,87563.7,1000.0,0,0
2025-12-27 09:03:27.726687+00:00,87563.7,87651.26369999998,87476.1363,87563.7,1000.0,0,0
2025-12-27 09:04:28.097188+00:00,87563.8,87651.36379999999,87476.2362,87563.8,1000.0,0,0
2025-12-27 09:04:28.097532+00:00,87563.8,87651.36379999999,87476.2362,87563.8,1000.0,0,0
2025-12-27 09:05:28.344077+00:00,87574.6,87662.1746,87487.0254,87574.6,1000.0,0,0
2025-12-27 09:05:28.346633+00:00,87574.6,87662.1746,87487.0254,87574.6,1000.0,0,0
2025-12-27 09:06:28.454698+00:00,87574.6,87662.1746,87487.0254,87574.6,1000.0,0,0
2025-12-27 09:06:28.455006+00:00,87574.6,87662.1746,87487.0254,87574.6,1000.0,0,0
2025-12-27 09:07:28.624006+00:00,87572.9,87660.47289999998,87485.3271,87572.9,1000.0,0,0
2025-12-27 09:07:28.624345+00:00,87572.9,87660.47289999998,87485.3271,87572.9,1000.0,0,0
2025-12-27 09:08:29.044218+00:00,87579.9,87667.47989999999,87492.3201,87579.9,1000.0,0,0
2025-12-27 09:08:29.044637+00:00,87579.9,87667.47989999999,87492.3201,87579.9,1000.0,0,0
2025-12-27 09:09:29.386167+00:00,87578.1,87665.67809999999,87490.5219,87578.1,1000.0,0,0
2025-12-27 09:09:29.386467+00:00,87578.1,87665.67809999999,87490.5219,87578.1,1000.0,0,0
2025-12-27 09:10:30.115432+00:00,87579.8,87667.3798,87492.2202,87579.8,1000.0,0,0
2025-12-27 09:10:30.115724+00:00,87579.8,87667.3798,87492.2202,87579.8,1000.0,0,0
2025-12-27 09:11:30.502606+00:00,87607.3,87694.90729999999,87519.6927,87607.3,1000.0,0,0
2025-12-27 09:11:30.503054+00:00,87607.3,87694.90729999999,87519.6927,87607.3,1000.0,0,0
2025-12-27 09:12:30.587222+00:00,87607.4,87695.00739999999,87519.7926,87607.4,1000.0,0,0
2025-12-27 09:12:30.587475+00:00,87607.4,87695.00739999999,87519.7926,87607.4,1000.0,0,0
2025-12-27 09:13:30.903667+00:00,87613.0,87700.613,87525.387,87613.0,1000.0,0,0
2025-12-27 09:13:30.904069+00:00,87613.0,87700.613,87525.387,87613.0,1000.0,0,0
2025-12-27 09:14:31.200625+00:00,87613.0,87700.613,87525.387,87613.0,1000.0,0,0
2025-12-27 09:14:31.200872+00:00,87613.0,87700.613,87525.387,87613.0,1000.0,0,0
2025-12-27 09:15:31.629873+00:00,87605.1,87692.70509999999,87517.4949,87605.1,1000.0,0,0
2025-12-27 09:15:31.630134+00:00,87605.1,87692.70509999999,87517.4949,87605.1,1000.0,0,0
2025-12-27 09:16:31.804572+00:00,87610.1,87697.7101,87522.4899,87610.1,1000.0,0,0
2025-12-27 09:16:31.804939+00:00,87610.1,87697.7101,87522.4899,87610.1,1000.0,0,0
2025-12-27 09:17:32.199568+00:00,87605.7,87693.30569999998,87518.0943,87605.7,1000.0,0,0
2025-12-27 09:17:32.199942+00:00,87605.7,87693.30569999998,87518.0943,87605.7,1000.0,0,0
2025-12-27 09:18:32.544536+00:00,87618.5,87706.1185,87530.8815,87618.5,1000.0,0,0
2025-12-27 09:18:32.544894+00:00,87618.5,87706.1185,87530.8815,87618.5,1000.0,0,0
2025-12-27 09:19:32.581340+00:00,87595.4,87682.99539999999,87507.80459999999,87595.4,1000.0,0,0
2025-12-27 09:19:32.581819+00:00,87595.4,87682.99539999999,87507.80459999999,87595.4,1000.0,0,0
2025-12-27 09:20:32.978872+00:00,87572.7,87660.27269999999,87485.1273,87572.7,1000.0,0,0
2025-12-27 09:20:32.979197+00:00,87572.7,87660.27269999999,87485.1273,87572.7,1000.0,0,0
2025-12-27 09:21:33.028714+00:00,87567.2,87654.76719999999,87479.63279999999,87567.2,1000.0,0,0
2025-12-27 09:21:33.029017+00:00,87567.2,87654.76719999999,87479.63279999999,87567.2,1000.0,0,0
2025-12-27 09:22:33.694819+00:00,87560.1,87647.6601,87472.5399,87560.1,1000.0,0,0
2025-12-27 09:22:33.695213+00:00,87560.1,87647.6601,87472.5399,87560.1,1000.0,0,0
2025-12-27 09:23:34.156472+00:00,87568.7,87656.26869999999,87481.1313,87568.7,1000.0,0,0
2025-12-27 09:23:34.156928+00:00,87568.7,87656.26869999999,87481.1313,87568.7,1000.0,0,0
2025-12-27 09:24:34.985814+00:00,87563.3,87650.8633,87475.73670000001,87563.3,1000.0,0,0
2025-12-27 09:24:34.986186+00:00,87563.3,87650.8633,87475.73670000001,87563.3,1000.0,0,0
2025-12-27 09:25:35.708340+00:00,87555.6,87643.1556,87468.0444,87555.6,1000.0,0,0
2025-12-27 09:25:35.708777+00:00,87555.6,87643.1556,87468.0444,87555.6,1000.0,0,0
2025-12-27 09:26:35.702454+00:00,87555.7,87643.2557,87468.1443,87555.7,1000.0,0,0
2025-12-27 09:26:35.702748+00:00,87555.7,87643.2557,87468.1443,87555.7,1000.0,0,0
2025-12-27 09:27:35.855558+00:00,87555.7,87643.2557,87468.1443,87555.7,1000.0,0,0
2025-12-27 09:27:35.855855+00:00,87555.7,87643.2557,87468.1443,87555.7,1000.0,0,0
2025-12-27 09:28:36.432795+00:00,87531.5,87619.0315,87443.9685,87531.5,1000.0,0,1
2025-12-27 09:28:36.433242+00:00,87531.5,87619.0315,87443.9685,87531.5,1000.0,0,0
2025-12-27 09:29:36.957341+00:00,87523.3,87610.82329999999,87435.7767,87523.3,1000.0,0,0
2025-12-27 09:29:36.957661+00:00,87523.3,87610.82329999999,87435.7767,87523.3,1000.0,0,0
2025-12-27 09:30:37.073185+00:00,87551.3,87638.8513,87463.7487,87551.3,1000.0,1,0
2025-12-27 09:30:37.073526+00:00,87551.3,87638.8513,87463.7487,87551.3,1000.0,0,0
2025-12-27 09:31:37.590299+00:00,87539.3,87626.83929999999,87451.7607,87539.3,1000.0,0,0
2025-12-27 09:31:37.590751+00:00,87539.3,87626.83929999999,87451.7607,87539.3,1000.0,0,0
2025-12-27 09:32:38.156437+00:00,87556.2,87643.75619999999,87468.64379999999,87556.2,1000.0,0,0
2025-12-27 09:32:38.156854+00:00,87556.2,87643.75619999999,87468.64379999999,87556.2,1000.0,0,0
2025-12-27 09:33:38.147878+00:00,87586.7,87674.28669999998,87499.1133,87586.7,1000.0,0,0
2025-12-27 09:33:38.148240+00:00,87586.7,87674.28669999998,87499.1133,87586.7,1000.0,0,0
2025-12-27 09:34:38.189371+00:00,87580.1,87667.6801,87492.5199,87580.1,1000.0,0,0
2025-12-27 09:34:38.189820+00:00,87580.1,87667.6801,87492.5199,87580.1,1000.0,0,0
2025-12-27 09:35:38.224360+00:00,87595.1,87682.6951,87507.5049,87595.1,1000.0,0,0
2025-12-27 09:35:38.224768+00:00,87595.1,87682.6951,87507.5049,87595.1,1000.0,0,0
2025-12-27 09:36:38.223259+00:00,87587.7,87675.28769999999,87500.1123,87587.7,1000.0,0,0
2025-12-27 09:36:38.223585+00:00,87587.7,87675.28769999999,87500.1123,87587.7,1000.0,0,0
2025-12-27 09:37:38.579931+00:00,87587.7,87675.28769999999,87500.1123,87587.7,1000.0,0,0
2025-12-27 09:37:38.580465+00:00,87587.7,87675.28769999999,87500.1123,87587.7,1000.0,0,0
2025-12-27 09:38:38.600700+00:00,87571.3,87658.8713,87483.7287,87571.3,1000.0,0,0
2025-12-27 09:38:38.601014+00:00,87571.3,87658.8713,87483.7287,87571.3,1000.0,0,0
2025-12-27 09:39:38.958136+00:00,87563.8,87651.36379999999,87476.2362,87563.8,1000.0,0,0
2025-12-27 09:39:38.958575+00:00,87563.8,87651.36379999999,87476.2362,87563.8,1000.0,0,0
2025-12-27 09:40:39.734854+00:00,87571.0,87658.571,87483.429,87571.0,1000.0,0,0
2025-12-27 09:40:39.735213+00:00,87571.0,87658.571,87483.429,87571.0,1000.0,0,0
2025-12-27 09:41:39.798189+00:00,87562.7,87650.26269999999,87475.1373,87562.7,1000.0,0,0
2025-12-27 09:41:39.798532+00:00,87562.7,87650.26269999999,87475.1373,87562.7,1000.0,0,0
2025-12-27 09:42:40.072758+00:00,87553.2,87640.75319999999,87465.6468,87553.2,1000.0,0,0
2025-12-27 09:42:40.073250+00:00,87553.2,87640.75319999999,87465.6468,87553.2,1000.0,0,0
2025-12-27 09:43:41.522169+00:00,87567.3,87654.8673,87479.73270000001,87567.3,1000.0,0,0
2025-12-27 09:43:41.522634+00:00,87567.3,87654.8673,87479.73270000001,87567.3,1000.0,0,0
2025-12-27 09:44:42.046502+00:00,87558.0,87645.55799999999,87470.442,87558.0,1000.0,0,0
2025-12-27 09:44:42.046955+00:00,87558.0,87645.55799999999,87470.442,87558.0,1000.0,0,0
2025-12-27 09:45:42.381690+00:00,87558.0,87645.55799999999,87470.442,87558.0,1000.0,0,0
2025-12-27 09:45:42.382051+00:00,87558.0,87645.55799999999,87470.442,87558.0,1000.0,0,0
2025-12-27 09:46:42.447648+00:00,87577.2,87664.77719999998,87489.6228,87577.2,1000.0,0,0
2025-12-27 09:46:42.447975+00:00,87577.2,87664.77719999998,87489.6228,87577.2,1000.0,0,0
2025-12-27 09:47:42.656438+00:00,87577.8,87665.37779999999,87490.2222,87577.8,1000.0,0,0
2025-12-27 09:47:42.656859+00:00,87577.8,87665.37779999999,87490.2222,87577.8,1000.0,0,0
2025-12-27 09:48:43.009477+00:00,87574.2,87661.77419999999,87486.6258,87574.2,1000.0,0,0
2025-12-27 09:48:43.009923+00:00,87574.2,87661.77419999999,87486.6258,87574.2,1000.0,0,0
2025-12-27 09:49:43.325293+00:00,87565.3,87652.86529999999,87477.7347,87565.3,1000.0,0,0
2025-12-27 09:49:43.325596+00:00,87565.3,87652.86529999999,87477.7347,87565.3,1000.0,0,0
2025-12-27 09:50:44.240907+00:00,87563.9,87651.46389999999,87476.3361,87563.9,1000.0,0,0
2025-12-27 09:50:44.241229+00:00,87563.9,87651.46389999999,87476.3361,87563.9,1000.0,0,0
2025-12-27 09:51:44.361392+00:00,87563.9,87651.46389999999,87476.3361,87563.9,1000.0,0,0
2025-12-27 09:51:44.361754+00:00,87563.9,87651.46389999999,87476.3361,87563.9,1000.0,0,0
2025-12-27 09:52:45.180957+00:00,87580.3,87667.88029999999,87492.7197,87580.3,1000.0,0,0
2025-12-27 09:52:45.181438+00:00,87580.3,87667.88029999999,87492.7197,87580.3,1000.0,0,0
2025-12-27 09:53:46.371570+00:00,87570.3,87657.8703,87482.7297,87570.3,1000.0,0,0
2025-12-27 09:53:46.371903+00:00,87570.3,87657.8703,87482.7297,87570.3,1000.0,0,0
2025-12-27 09:54:47.315543+00:00,87570.3,87657.8703,87482.7297,87570.3,1000.0,0,0
2025-12-27 09:54:47.315861+00:00,87570.3,87657.8703,87482.7297,87570.3,1000.0,0,0
2025-12-27 09:55:47.743601+00:00,87582.1,87669.68209999999,87494.5179,87582.1,1000.0,0,0
2025-12-27 09:55:47.744128+00:00,87582.1,87669.68209999999,87494.5179,87582.1,1000.0,0,0
2025-12-27 09:56:55.793077+00:00,87591.1,87678.6911,87503.5089,87591.1,1000.0,0,0
2025-12-27 09:56:55.793452+00:00,87591.1,87678.6911,87503.5089,87591.1,1000.0,0,0
2025-12-27 09:57:57.175917+00:00,87589.5,87677.08949999999,87501.9105,87589.5,1000.0,0,0
2025-12-27 09:57:57.176288+00:00,87589.5,87677.08949999999,87501.9105,87589.5,1000.0,0,0
2025-12-27 09:58:57.686289+00:00,87575.4,87662.97539999998,87487.82459999999,87575.4,1000.0,0,0
2025-12-27 09:58:57.686702+00:00,87575.4,87662.97539999998,87487.82459999999,87575.4,1000.0,0,0
2025-12-27 09:59:57.830017+00:00,87575.3,87662.8753,87487.7247,87575.3,1000.0,0,0
2025-12-27 09:59:57.830394+00:00,87575.3,87662.8753,87487.7247,87575.3,1000.0,0,0
2025-12-27 10:00:58.181963+00:00,87575.3,87662.8753,87487.7247,87575.3,1000.0,0,0
2025-12-27 10:00:58.182295+00:00,87575.3,87662.8753,87487.7247,87575.3,1000.0,0,0
2025-12-27 10:01:59.447335+00:00,87575.3,87662.8753,87487.7247,87575.3,1000.0,0,0
2025-12-27 10:01:59.447786+00:00,87575.3,87662.8753,87487.7247,87575.3,1000.0,0,0
2025-12-27 10:02:59.970993+00:00,87575.3,87662.8753,87487.7247,87575.3,1000.0,0,0
2025-12-27 10:02:59.971461+00:00,87575.3,87662.8753,87487.7247,87575.3,1000.0,0,0
2025-12-27 10:04:00.115252+00:00,87563.1,87650.66309999999,87475.5369,87563.1,1000.0,0,0
2025-12-27 10:04:00.115553+00:00,87563.1,87650.66309999999,87475.5369,87563.1,1000.0,0,0
2025-12-27 10:05:00.160924+00:00,87556.0,87643.556,87468.444,87556.0,1000.0,0,0
2025-12-27 10:05:00.161303+00:00,87556.0,87643.556,87468.444,87556.0,1000.0,0,0
2025-12-27 10:06:01.158715+00:00,87539.3,87626.83929999999,87451.7607,87539.3,1000.0,0,1
2025-12-27 10:06:01.159024+00:00,87539.3,87626.83929999999,87451.7607,87539.3,1000.0,0,0
2025-12-27 10:07:01.591691+00:00,87535.1,87622.6351,87447.56490000001,87535.1,1000.0,0,0
2025-12-27 10:07:01.592120+00:00,87535.1,87622.6351,87447.56490000001,87535.1,1000.0,0,0
2025-12-27 10:08:01.811301+00:00,87547.1,87634.6471,87459.55290000001,87547.1,1000.0,1,0
2025-12-27 10:08:01.811708+00:00,87547.1,87634.6471,87459.55290000001,87547.1,1000.0,0,0
2025-12-27 10:09:01.974462+00:00,87575.4,87662.97539999998,87487.82459999999,87575.4,1000.0,0,0
2025-12-27 10:09:01.974773+00:00,87575.4,87662.97539999998,87487.82459999999,87575.4,1000.0,0,0
2025-12-27 10:10:02.121024+00:00,87573.6,87661.1736,87486.0264,87573.6,1000.0,0,0
2025-12-27 10:10:02.121508+00:00,87573.6,87661.1736,87486.0264,87573.6,1000.0,0,0
2025-12-27 10:11:02.365808+00:00,87573.5,87661.07349999998,87485.9265,87573.5,1000.0,0,0
2025-12-27 10:11:02.366177+00:00,87573.5,87661.07349999998,87485.9265,87573.5,1000.0,0,0
2025-12-27 10:12:02.623729+00:00,87566.0,87653.56599999999,87478.434,87566.0,1000.0,0,0
2025-12-27 10:12:02.624181+00:00,87566.0,87653.56599999999,87478.434,87566.0,1000.0,0,0
2025-12-27 10:13:03.459131+00:00,87522.7,87610.22269999998,87435.1773,87522.7,1000.0,0,1
2025-12-27 10:13:03.459437+00:00,87522.7,87610.22269999998,87435.1773,87522.7,1000.0,0,0
2025-12-27 10:14:04.279144+00:00,87520.4,87607.92039999999,87432.8796,87520.4,1000.0,0,0
2025-12-27 10:14:04.279401+00:00,87520.4,87607.92039999999,87432.8796,87520.4,1000.0,0,0
2025-12-27 10:15:04.577229+00:00,87509.7,87597.20969999999,87422.1903,87509.7,1000.0,0,0
2025-12-27 10:15:04.577678+00:00,87509.7,87597.20969999999,87422.1903,87509.7,1000.0,0,0
2025-12-27 10:16:05.493701+00:00,87520.7,87608.22069999999,87433.1793,87520.7,1000.0,0,0
2025-12-27 10:16:05.494075+00:00,87520.7,87608.22069999999,87433.1793,87520.7,1000.0,0,0
2025-12-27 10:17:05.483004+00:00,87527.2,87614.7272,87439.6728,87527.2,1000.0,0,0
2025-12-27 10:17:05.483373+00:00,87527.2,87614.7272,87439.6728,87527.2,1000.0,0,0
2025-12-27 10:18:06.755715+00:00,87519.1,87606.6191,87431.5809,87519.1,1000.0,0,0
2025-12-27 10:18:06.755987+00:00,87519.1,87606.6191,87431.5809,87519.1,1000.0,0,0
2025-12-27 10:19:07.171679+00:00,87567.2,87654.76719999999,87479.63279999999,87567.2,1000.0,1,0
2025-12-27 10:19:07.172121+00:00,87567.2,87654.76719999999,87479.63279999999,87567.2,1000.0,0,0
2025-12-27 10:20:08.238640+00:00,87572.5,87660.0725,87484.9275,87572.5,1000.0,0,0
2025-12-27 10:20:08.239198+00:00,87572.5,87660.0725,87484.9275,87572.5,1000.0,0,0
2025-12-27 10:21:08.174597+00:00,87555.7,87643.2557,87468.1443,87555.7,1000.0,0,0
2025-12-27 10:21:08.174894+00:00,87555.7,87643.2557,87468.1443,87555.7,1000.0,0,0
2025-12-27 10:22:08.994806+00:00,87546.9,87634.44689999998,87459.3531,87546.9,1000.0,0,0
2025-12-27 10:22:08.995174+00:00,87546.9,87634.44689999998,87459.3531,87546.9,1000.0,0,0
2025-12-27 10:23:10.577938+00:00,87539.0,87626.53899999999,87451.461,87539.0,1000.0,0,1
2025-12-27 10:23:10.578271+00:00,87539.0,87626.53899999999,87451.461,87539.0,1000.0,0,0
2025-12-27 10:24:11.202999+00:00,87553.0,87640.55299999999,87465.447,87553.0,1000.0,1,0
2025-12-27 10:24:11.203378+00:00,87553.0,87640.55299999999,87465.447,87553.0,1000.0,0,0
2025-12-27 10:25:11.285891+00:00,87553.0,87640.55299999999,87465.447,87553.0,1000.0,0,0
2025-12-27 10:25:11.286354+00:00,87553.0,87640.55299999999,87465.447,87553.0,1000.0,0,0
2025-12-27 10:26:11.971751+00:00,87552.9,87640.45289999999,87465.3471,87552.9,1000.0,0,0
2025-12-27 10:26:11.972197+00:00,87552.9,87640.45289999999,87465.3471,87552.9,1000.0,0,0
2025-12-27 10:27:12.567708+00:00,87534.1,87621.6341,87446.5659,87534.1,1000.0,0,1
2025-12-27 10:27:12.568022+00:00,87534.1,87621.6341,87446.5659,87534.1,1000.0,0,0
2025-12-27 10:28:13.549976+00:00,87532.1,87619.6321,87444.56790000001,87532.1,1000.0,0,0
2025-12-27 10:28:13.553549+00:00,87532.1,87619.6321,87444.56790000001,87532.1,1000.0,0,0
2025-12-27 10:29:13.806535+00:00,87517.0,87604.51699999999,87429.483,87517.0,1000.0,0,0
2025-12-27 10:29:13.806801+00:00,87517.0,87604.51699999999,87429.483,87517.0,1000.0,0,0
2025-12-27 10:30:14.032545+00:00,87491.3,87578.7913,87403.80870000001,87491.3,1000.0,0,0
2025-12-27 10:30:14.032900+00:00,87491.3,87578.7913,87403.80870000001,87491.3,1000.0,0,0
2025-12-27 10:31:14.035989+00:00,87501.2,87588.70119999998,87413.6988,87501.2,1000.0,0,0
2025-12-27 10:31:14.036267+00:00,87501.2,87588.70119999998,87413.6988,87501.2,1000.0,0,0
2025-12-27 10:32:14.244160+00:00,87500.1,87587.6001,87412.5999,87500.1,1000.0,0,0
2025-12-27 10:32:14.244443+00:00,87500.1,87587.6001,87412.5999,87500.1,1000.0,0,0
2025-12-27 10:33:14.563072+00:00,87500.1,87587.6001,87412.5999,87500.1,1000.0,0,0
2025-12-27 10:33:14.563479+00:00,87500.1,87587.6001,87412.5999,87500.1,1000.0,0,0
2025-12-27 10:34:15.084942+00:00,87464.8,87552.26479999999,87377.3352,87464.8,1000.0,0,0
2025-12-27 10:34:15.085241+00:00,87464.8,87552.26479999999,87377.3352,87464.8,1000.0,0,0
2025-12-27 10:35:15.384287+00:00,87450.0,87537.45,87362.55,87450.0,1000.0,0,0
2025-12-27 10:35:15.384564+00:00,87450.0,87537.45,87362.55,87450.0,1000.0,0,0
2025-12-27 10:36:15.874556+00:00,87432.2,87519.6322,87344.7678,87432.2,1000.0,0,0
2025-12-27 10:36:15.874931+00:00,87432.2,87519.6322,87344.7678,87432.2,1000.0,0,0
2025-12-27 10:37:16.201833+00:00,87441.2,87528.64119999998,87353.7588,87441.2,1000.0,0,0
2025-12-27 10:37:16.202117+00:00,87441.2,87528.64119999998,87353.7588,87441.2,1000.0,0,0
2025-12-27 10:38:16.255856+00:00,87453.6,87541.0536,87366.14640000001,87453.6,1000.0,0,0
2025-12-27 10:38:16.256263+00:00,87453.6,87541.0536,87366.14640000001,87453.6,1000.0,0,0
2025-12-27 10:39:16.785039+00:00,87411.9,87499.31189999999,87324.48809999999,87411.9,1000.0,0,0
2025-12-27 10:39:16.785353+00:00,87411.9,87499.31189999999,87324.48809999999,87411.9,1000.0,0,0
2025-12-27 10:40:17.039954+00:00,87336.4,87423.73639999998,87249.0636,87336.4,1000.0,0,0
2025-12-27 10:40:17.040246+00:00,87336.4,87423.73639999998,87249.0636,87336.4,1000.0,0,0
2025-12-27 10:41:17.234497+00:00,87392.1,87479.4921,87304.70790000001,87392.1,1000.0,0,0
2025-12-27 10:41:17.234777+00:00,87392.1,87479.4921,87304.70790000001,87392.1,1000.0,0,0
2025-12-27 10:42:17.464318+00:00,87358.8,87446.15879999999,87271.4412,87358.8,1000.0,0,0
2025-12-27 10:42:17.464595+00:00,87358.8,87446.15879999999,87271.4412,87358.8,1000.0,0,0
2025-12-27 10:43:17.829495+00:00,87388.5,87475.88849999999,87301.1115,87388.5,1000.0,0,0
2025-12-27 10:43:17.829904+00:00,87388.5,87475.88849999999,87301.1115,87388.5,1000.0,0,0
2025-12-27 10:44:18.084381+00:00,87408.3,87495.7083,87320.89170000001,87408.3,1000.0,0,0
2025-12-27 10:44:18.084646+00:00,87408.3,87495.7083,87320.89170000001,87408.3,1000.0,0,0
2025-12-27 10:45:18.189522+00:00,87388.5,87475.88849999999,87301.1115,87388.5,1000.0,0,0
2025-12-27 10:46:18.200823+00:00,87415.1,87502.51509999999,87327.68490000001,87415.1,1000.0,0,0
2025-12-27 10:47:18.459306+00:00,87433.8,87521.23379999999,87346.3662,87433.8,1000.0,0,0
2025-12-27 10:48:18.510151+00:00,87424.7,87512.12469999999,87337.2753,87424.7,1000.0,0,0
2025-12-27 10:49:18.574363+00:00,87425.3,87512.72529999999,87337.8747,87425.3,1000.0,0,0
2025-12-27 10:50:18.722487+00:00,87446.7,87534.14669999998,87359.2533,87446.7,1000.0,0,0
2025-12-27 10:51:18.903331+00:00,87451.9,87539.35189999998,87364.4481,87451.9,1000.0,0,0
2025-12-27 10:51:18.903660+00:00,87451.9,87539.35189999998,87364.4481,87451.9,1000.0,0,0
2025-12-27 10:52:19.295241+00:00,87433.9,87521.33389999998,87346.46609999999,87433.9,1000.0,0,0
2025-12-27 10:53:21.128008+00:00,87443.2,87530.64319999999,87355.7568,87443.2,1000.0,0,0
2025-12-27 10:54:21.157525+00:00,87448.8,87536.24879999999,87361.3512,87448.8,1000.0,0,0
2025-12-27 10:54:21.157882+00:00,87448.8,87536.24879999999,87361.3512,87448.8,1000.0,0,0
2025-12-27 10:55:21.486652+00:00,87448.8,87536.24879999999,87361.3512,87448.8,1000.0,0,0
2025-12-27 10:55:21.488873+00:00,87448.8,87536.24879999999,87361.3512,87448.8,1000.0,0,0
2025-12-27 10:56:21.477338+00:00,87446.6,87534.0466,87359.15340000001,87446.6,1000.0,0,0
2025-12-27 10:56:21.477668+00:00,87446.6,87534.0466,87359.15340000001,87446.6,1000.0,0,0
2025-12-27 10:57:21.942480+00:00,87455.3,87542.75529999999,87367.8447,87455.3,1000.0,0,0
2025-12-27 10:57:21.942826+00:00,87455.3,87542.75529999999,87367.8447,87455.3,1000.0,0,0
2025-12-27 10:58:22.132210+00:00,87455.4,87542.85539999999,87367.94459999999,87455.4,1000.0,0,0
2025-12-27 10:58:22.132546+00:00,87455.4,87542.85539999999,87367.94459999999,87455.4,1000.0,0,0
2025-12-27 10:59:23.077521+00:00,87463.8,87551.26379999999,87376.3362,87463.8,1000.0,0,0
2025-12-27 10:59:23.077969+00:00,87463.8,87551.26379999999,87376.3362,87463.8,1000.0,0,0
2025-12-27 11:00:23.374788+00:00,87460.5,87547.96049999999,87373.0395,87460.5,1000.0,0,0
2025-12-27 11:00:23.375254+00:00,87460.5,87547.96049999999,87373.0395,87460.5,1000.0,0,0
2025-12-27 11:01:23.603499+00:00,87460.5,87547.96049999999,87373.0395,87460.5,1000.0,0,0
2025-12-27 11:01:23.603976+00:00,87460.5,87547.96049999999,87373.0395,87460.5,1000.0,0,0
2025-12-27 11:02:24.144083+00:00,87463.7,87551.16369999999,87376.2363,87463.7,1000.0,0,0
2025-12-27 11:02:24.144503+00:00,87463.7,87551.16369999999,87376.2363,87463.7,1000.0,0,0
2025-12-27 11:03:24.164578+00:00,87456.9,87544.35689999998,87369.44309999999,87456.9,1000.0,0,0
2025-12-27 11:03:24.164929+00:00,87456.9,87544.35689999998,87369.44309999999,87456.9,1000.0,0,0
2025-12-27 11:04:24.179702+00:00,87461.2,87548.66119999999,87373.73879999999,87461.2,1000.0,0,0
2025-12-27 11:04:24.180016+00:00,87461.2,87548.66119999999,87373.73879999999,87461.2,1000.0,0,0
2025-12-27 11:05:25.143664+00:00,87459.8,87547.2598,87372.3402,87459.8,1000.0,0,0
2025-12-27 11:05:25.144064+00:00,87459.8,87547.2598,87372.3402,87459.8,1000.0,0,0
2025-12-27 11:06:25.135816+00:00,87412.0,87499.412,87324.588,87412.0,1000.0,0,0
2025-12-27 11:07:26.312928+00:00,87438.5,87525.93849999999,87351.0615,87438.5,1000.0,0,0
2025-12-27 11:08:27.168756+00:00,87440.5,87527.9405,87353.0595,87440.5,1000.0,0,0
2025-12-27 11:08:27.169129+00:00,87440.5,87527.9405,87353.0595,87440.5,1000.0,0,0
2025-12-27 11:09:27.439610+00:00,87478.5,87565.9785,87391.0215,87478.5,1000.0,0,0
2025-12-27 11:09:27.439959+00:00,87478.5,87565.9785,87391.0215,87478.5,1000.0,0,0
2025-12-27 11:10:28.107788+00:00,87457.9,87545.35789999999,87370.4421,87457.9,1000.0,0,0
2025-12-27 11:10:28.108083+00:00,87457.9,87545.35789999999,87370.4421,87457.9,1000.0,0,0
2025-12-27 11:11:28.322455+00:00,87459.5,87546.9595,87372.0405,87459.5,1000.0,0,0
2025-12-27 11:11:28.322912+00:00,87459.5,87546.9595,87372.0405,87459.5,1000.0,0,0
2025-12-27 11:12:28.575816+00:00,87459.5,87546.9595,87372.0405,87459.5,1000.0,0,0
2025-12-27 11:12:28.576134+00:00,87459.5,87546.9595,87372.0405,87459.5,1000.0,0,0
2025-12-27 11:13:28.883205+00:00,87472.5,87559.97249999999,87385.0275,87472.5,1000.0,0,0
2025-12-27 11:13:28.884943+00:00,87472.5,87559.97249999999,87385.0275,87472.5,1000.0,0,0
2025-12-27 11:14:29.166367+00:00,87478.8,87566.2788,87391.3212,87478.8,1000.0,0,0
2025-12-27 11:14:29.166712+00:00,87478.8,87566.2788,87391.3212,87478.8,1000.0,0,0
2025-12-27 11:15:29.220731+00:00,87497.4,87584.89739999999,87409.9026,87497.4,1000.0,0,0
2025-12-27 11:15:29.221025+00:00,87497.4,87584.89739999999,87409.9026,87497.4,1000.0,0,0
2025-12-27 11:16:29.332311+00:00,87492.0,87579.49199999998,87404.508,87492.0,1000.0,0,0
2025-12-27 11:16:29.332736+00:00,87492.0,87579.49199999998,87404.508,87492.0,1000.0,0,0
2025-12-27 11:17:30.142381+00:00,87486.1,87573.5861,87398.61390000001,87486.1,1000.0,0,0
2025-12-27 11:17:30.142733+00:00,87486.1,87573.5861,87398.61390000001,87486.1,1000.0,0,0
2025-12-27 11:18:30.203897+00:00,87478.5,87565.9785,87391.0215,87478.5,1000.0,0,0
2025-12-27 11:18:30.204283+00:00,87478.5,87565.9785,87391.0215,87478.5,1000.0,0,0
2025-12-27 11:19:31.396084+00:00,87487.1,87574.58709999999,87399.61290000001,87487.1,1000.0,0,0
2025-12-27 11:19:31.397538+00:00,87487.1,87574.58709999999,87399.61290000001,87487.1,1000.0,0,0
2025-12-27 11:20:31.346607+00:00,87499.9,87587.39989999999,87412.4001,87499.9,1000.0,0,0
2025-12-27 11:20:31.346903+00:00,87499.9,87587.39989999999,87412.4001,87499.9,1000.0,0,0
2025-12-27 11:21:31.822440+00:00,87496.0,87583.49599999998,87408.504,87496.0,1000.0,0,0
2025-12-27 11:21:31.822878+00:00,87496.0,87583.49599999998,87408.504,87496.0,1000.0,0,0
2025-12-27 11:22:32.310681+00:00,87500.0,87587.49999999999,87412.5,87500.0,1000.0,0,0
2025-12-27 11:22:32.311022+00:00,87500.0,87587.49999999999,87412.5,87500.0,1000.0,0,0
2025-12-27 11:23:32.996141+00:00,87500.0,87587.49999999999,87412.5,87500.0,1000.0,0,0
2025-12-27 11:23:32.996491+00:00,87500.0,87587.49999999999,87412.5,87500.0,1000.0,0,0
2025-12-27 11:24:33.123852+00:00,87491.4,87578.89139999998,87403.9086,87491.4,1000.0,0,0
2025-12-27 11:24:33.124193+00:00,87491.4,87578.89139999998,87403.9086,87491.4,1000.0,0,0
2025-12-27 11:25:33.240889+00:00,87459.8,87547.2598,87372.3402,87459.8,1000.0,0,0
2025-12-27 11:25:33.241255+00:00,87459.8,87547.2598,87372.3402,87459.8,1000.0,0,0
2025-12-27 11:26:34.433899+00:00,87455.4,87542.85539999999,87367.94459999999,87455.4,1000.0,0,0
2025-12-27 11:26:34.434391+00:00,87455.4,87542.85539999999,87367.94459999999,87455.4,1000.0,0,0
2025-12-27 11:27:34.636655+00:00,87453.0,87540.453,87365.547,87453.0,1000.0,0,0
2025-12-27 11:27:34.636967+00:00,87453.0,87540.453,87365.547,87453.0,1000.0,0,0
2025-12-27 11:28:35.154633+00:00,87452.9,87540.35289999998,87365.44709999999,87452.9,1000.0,0,0
2025-12-27 11:28:35.154968+00:00,87452.9,87540.35289999998,87365.44709999999,87452.9,1000.0,0,0
2025-12-27 11:29:35.861389+00:00,87453.0,87540.453,87365.547,87453.0,1000.0,0,0
2025-12-27 11:29:35.861690+00:00,87453.0,87540.453,87365.547,87453.0,1000.0,0,0
2025-12-27 11:30:36.051675+00:00,87473.0,87560.47299999998,87385.527,87473.0,1000.0,0,0
2025-12-27 11:30:36.052012+00:00,87473.0,87560.47299999998,87385.527,87473.0,1000.0,0,0
2025-12-27 11:31:36.663647+00:00,87473.0,87560.47299999998,87385.527,87473.0,1000.0,0,0
2025-12-27 11:31:36.663958+00:00,87473.0,87560.47299999998,87385.527,87473.0,1000.0,0,0
2025-12-27 11:32:37.118718+00:00,87478.1,87565.5781,87390.62190000001,87478.1,1000.0,0,0
2025-12-27 11:32:37.119157+00:00,87478.1,87565.5781,87390.62190000001,87478.1,1000.0,0,0
2025-12-27 11:33:37.298730+00:00,87493.5,87580.9935,87406.0065,87493.5,1000.0,0,0
2025-12-27 11:33:37.299077+00:00,87493.5,87580.9935,87406.0065,87493.5,1000.0,0,0
2025-12-27 11:34:38.913085+00:00,87476.3,87563.7763,87388.82370000001,87476.3,1000.0,0,0
2025-12-27 11:34:38.913469+00:00,87476.3,87563.7763,87388.82370000001,87476.3,1000.0,0,0
2025-12-27 11:35:39.079824+00:00,87452.9,87540.35289999998,87365.44709999999,87452.9,1000.0,0,0
2025-12-27 11:35:39.080180+00:00,87452.9,87540.35289999998,87365.44709999999,87452.9,1000.0,0,0
2025-12-27 11:36:40.146259+00:00,87448.6,87536.0486,87361.1514,87448.6,1000.0,0,0
2025-12-27 11:36:40.146661+00:00,87448.6,87536.0486,87361.1514,87448.6,1000.0,0,0
2025-12-27 11:37:40.631345+00:00,87442.7,87530.14269999998,87355.2573,87442.7,1000.0,0,0
2025-12-27 11:37:40.631815+00:00,87442.7,87530.14269999998,87355.2573,87442.7,1000.0,0,0
2025-12-27 11:38:41.084992+00:00,87452.9,87540.35289999998,87365.44709999999,87452.9,1000.0,0,0
2025-12-27 11:38:41.085321+00:00,87452.9,87540.35289999998,87365.44709999999,87452.9,1000.0,0,0
2025-12-27 11:39:42.432715+00:00,87437.3,87524.7373,87349.8627,87437.3,1000.0,0,0
2025-12-27 11:39:42.433045+00:00,87437.3,87524.7373,87349.8627,87437.3,1000.0,0,0
2025-12-27 11:40:42.685220+00:00,87449.0,87536.449,87361.551,87449.0,1000.0,0,0
2025-12-27 11:40:42.685562+00:00,87449.0,87536.449,87361.551,87449.0,1000.0,0,0
2025-12-27 11:41:42.804151+00:00,87452.5,87539.95249999998,87365.0475,87452.5,1000.0,0,0
2025-12-27 11:41:42.804562+00:00,87452.5,87539.95249999998,87365.0475,87452.5,1000.0,0,0
2025-12-27 11:42:43.462233+00:00,87446.1,87533.54609999999,87358.6539,87446.1,1000.0,0,0
2025-12-27 11:42:43.462562+00:00,87446.1,87533.54609999999,87358.6539,87446.1,1000.0,0,0
2025-12-27 11:43:43.935878+00:00,87444.7,87532.14469999999,87357.25529999999,87444.7,1000.0,0,0
2025-12-27 11:43:43.936226+00:00,87444.7,87532.14469999999,87357.25529999999,87444.7,1000.0,0,0
2025-12-27 11:44:45.106976+00:00,87444.8,87532.2448,87357.3552,87444.8,1000.0,0,0
2025-12-27 11:44:45.107339+00:00,87444.8,87532.2448,87357.3552,87444.8,1000.0,0,0
2025-12-27 11:45:45.248068+00:00,87444.8,87532.2448,87357.3552,87444.8,1000.0,0,0
2025-12-27 11:45:45.248428+00:00,87444.8,87532.2448,87357.3552,87444.8,1000.0,0,0
2025-12-27 11:46:47.661712+00:00,87444.8,87532.2448,87357.3552,87444.8,1000.0,0,0
2025-12-27 11:46:47.662045+00:00,87444.8,87532.2448,87357.3552,87444.8,1000.0,0,0
2025-12-27 11:47:47.672892+00:00,87444.8,87532.2448,87357.3552,87444.8,1000.0,0,0
2025-12-27 11:47:47.673274+00:00,87444.8,87532.2448,87357.3552,87444.8,1000.0,0,0
2025-12-27 11:48:47.722355+00:00,87444.8,87532.2448,87357.3552,87444.8,1000.0,0,0
2025-12-27 11:48:47.722687+00:00,87444.8,87532.2448,87357.3552,87444.8,1000.0,0,0
2025-12-27 11:49:47.906716+00:00,87456.3,87543.7563,87368.8437,87456.3,1000.0,0,0
2025-12-27 11:49:47.910391+00:00,87456.3,87543.7563,87368.8437,87456.3,1000.0,0,0
2025-12-27 11:50:47.794982+00:00,87461.1,87548.56109999999,87373.6389,87461.1,1000.0,0,0
2025-12-27 11:50:47.795444+00:00,87461.1,87548.56109999999,87373.6389,87461.1,1000.0,0,0
2025-12-27 11:51:48.041504+00:00,87492.7,87580.19269999999,87405.2073,87492.7,1000.0,0,0
2025-12-27 11:51:48.041873+00:00,87492.7,87580.19269999999,87405.2073,87492.7,1000.0,0,0
2025-12-27 11:52:48.683521+00:00,87482.5,87569.98249999998,87395.0175,87482.5,1000.0,0,0
2025-12-27 11:52:48.683852+00:00,87482.5,87569.98249999998,87395.0175,87482.5,1000.0,0,0
2025-12-27 11:53:49.162324+00:00,87465.0,87552.465,87377.535,87465.0,1000.0,0,0
2025-12-27 11:53:49.162658+00:00,87465.0,87552.465,87377.535,87465.0,1000.0,0,0
2025-12-27 11:54:49.384916+00:00,87451.1,87538.5511,87363.6489,87451.1,1000.0,0,0
2025-12-27 11:54:49.385287+00:00,87451.1,87538.5511,87363.6489,87451.1,1000.0,0,0
2025-12-27 11:55:49.723137+00:00,87461.3,87548.7613,87373.83870000001,87461.3,1000.0,0,0
2025-12-27 11:55:49.723569+00:00,87461.3,87548.7613,87373.83870000001,87461.3,1000.0,0,0
2025-12-27 11:56:49.768644+00:00,87456.3,87543.7563,87368.8437,87456.3,1000.0,0,0
2025-12-27 11:56:49.768978+00:00,87456.3,87543.7563,87368.8437,87456.3,1000.0,0,0
2025-12-27 11:57:49.849170+00:00,87400.0,87487.4,87312.6,87400.0,1000.0,0,0
2025-12-27 11:58:50.313205+00:00,87421.8,87509.2218,87334.3782,87421.8,1000.0,0,0
2025-12-27 11:59:50.485037+00:00,87433.6,87521.0336,87346.1664,87433.6,1000.0,0,0
2025-12-27 11:59:50.485394+00:00,87433.6,87521.0336,87346.1664,87433.6,1000.0,0,0
2025-12-27 12:00:50.880419+00:00,87457.8,87545.25779999999,87370.3422,87457.8,1000.0,0,0
2025-12-27 12:00:50.880865+00:00,87457.8,87545.25779999999,87370.3422,87457.8,1000.0,0,0
2025-12-27 12:01:50.933707+00:00,87461.9,87549.36189999999,87374.4381,87461.9,1000.0,0,0
2025-12-27 12:01:50.934152+00:00,87461.9,87549.36189999999,87374.4381,87461.9,1000.0,0,0
2025-12-27 12:02:51.273842+00:00,87433.5,87520.93349999998,87346.0665,87433.5,1000.0,0,0
2025-12-27 12:02:51.274203+00:00,87433.5,87520.93349999998,87346.0665,87433.5,1000.0,0,0
2025-12-27 12:03:51.447427+00:00,87437.4,87524.83739999999,87349.9626,87437.4,1000.0,0,0
2025-12-27 12:03:51.447760+00:00,87437.4,87524.83739999999,87349.9626,87437.4,1000.0,0,0
2025-12-27 12:04:52.198224+00:00,87437.4,87524.83739999999,87349.9626,87437.4,1000.0,0,0
2025-12-27 12:04:52.198684+00:00,87437.4,87524.83739999999,87349.9626,87437.4,1000.0,0,0
2025-12-27 12:05:52.679755+00:00,87438.8,87526.23879999999,87351.3612,87438.8,1000.0,0,0
2025-12-27 12:05:52.680085+00:00,87438.8,87526.23879999999,87351.3612,87438.8,1000.0,0,0
2025-12-27 12:06:52.990781+00:00,87441.4,87528.84139999999,87353.9586,87441.4,1000.0,0,0
2025-12-27 12:06:52.991245+00:00,87441.4,87528.84139999999,87353.9586,87441.4,1000.0,0,0
2025-12-27 12:07:53.128178+00:00,87453.1,87540.55309999999,87365.6469,87453.1,1000.0,0,0
2025-12-27 12:07:53.128652+00:00,87453.1,87540.55309999999,87365.6469,87453.1,1000.0,0,0
2025-12-27 12:08:53.448306+00:00,87453.3,87540.7533,87365.84670000001,87453.3,1000.0,0,0
2025-12-27 12:08:53.448647+00:00,87453.3,87540.7533,87365.84670000001,87453.3,1000.0,0,0
2025-12-27 12:09:56.194706+00:00,87453.0,87540.453,87365.547,87453.0,1000.0,0,0
2025-12-27 12:09:56.195148+00:00,87453.0,87540.453,87365.547,87453.0,1000.0,0,0
2025-12-27 12:10:56.422541+00:00,87453.1,87540.55309999999,87365.6469,87453.1,1000.0,0,0
2025-12-27 12:10:56.422952+00:00,87453.1,87540.55309999999,87365.6469,87453.1,1000.0,0,0
2025-12-27 12:11:56.634344+00:00,87409.5,87496.9095,87322.0905,87409.5,1000.0,0,0
2025-12-27 12:11:56.634770+00:00,87409.5,87496.9095,87322.0905,87409.5,1000.0,0,0
2025-12-27 12:12:57.165679+00:00,87413.7,87501.11369999999,87326.28629999999,87413.7,1000.0,0,0
2025-12-27 12:12:57.166031+00:00,87413.7,87501.11369999999,87326.28629999999,87413.7,1000.0,0,0
2025-12-27 12:13:57.576026+00:00,87413.8,87501.2138,87326.38620000001,87413.8,1000.0,0,0
2025-12-27 12:13:57.576343+00:00,87413.8,87501.2138,87326.38620000001,87413.8,1000.0,0,0
2025-12-27 12:14:57.928587+00:00,87414.8,87502.21479999999,87327.3852,87414.8,1000.0,0,0
2025-12-27 12:14:57.929045+00:00,87414.8,87502.21479999999,87327.3852,87414.8,1000.0,0,0
2025-12-27 12:15:57.915247+00:00,87409.4,87496.80939999998,87321.99059999999,87409.4,1000.0,0,0
2025-12-27 12:15:57.915592+00:00,87409.4,87496.80939999998,87321.99059999999,87409.4,1000.0,0,0
2025-12-27 12:16:58.194745+00:00,87400.7,87488.10069999998,87313.2993,87400.7,1000.0,0,0
2025-12-27 12:17:58.365346+00:00,87400.8,87488.20079999999,87313.3992,87400.8,1000.0,0,0
2025-12-27 12:18:59.445651+00:00,87411.7,87499.1117,87324.2883,87411.7,1000.0,0,0
2025-12-27 12:18:59.446169+00:00,87411.7,87499.1117,87324.2883,87411.7,1000.0,0,0
2025-12-27 12:19:59.625363+00:00,87422.6,87510.0226,87335.1774,87422.6,1000.0,0,0
2025-12-27 12:19:59.625706+00:00,87422.6,87510.0226,87335.1774,87422.6,1000.0,0,0
2025-12-27 12:21:00.770932+00:00,87433.6,87521.0336,87346.1664,87433.6,1000.0,0,0
2025-12-27 12:21:00.771383+00:00,87433.6,87521.0336,87346.1664,87433.6,1000.0,0,0
2025-12-27 12:22:00.893373+00:00,87433.6,87521.0336,87346.1664,87433.6,1000.0,0,0
2025-12-27 12:22:00.893682+00:00,87433.6,87521.0336,87346.1664,87433.6,1000.0,0,0
2025-12-27 12:23:01.507063+00:00,87420.9,87508.32089999999,87333.4791,87420.9,1000.0,0,0
2025-12-27 12:23:01.507447+00:00,87420.9,87508.32089999999,87333.4791,87420.9,1000.0,0,0
2025-12-27 12:24:01.611045+00:00,87410.2,87497.61019999998,87322.7898,87410.2,1000.0,0,0
2025-12-27 12:24:01.614122+00:00,87410.2,87497.61019999998,87322.7898,87410.2,1000.0,0,0
2025-12-27 12:25:02.353192+00:00,87418.2,87505.61819999998,87330.7818,87418.2,1000.0,0,0
2025-12-27 12:25:02.353804+00:00,87418.2,87505.61819999998,87330.7818,87418.2,1000.0,0,0
2025-12-27 12:26:02.817775+00:00,87418.3,87505.7183,87330.8817,87418.3,1000.0,0,0
2025-12-27 12:26:02.818287+00:00,87418.3,87505.7183,87330.8817,87418.3,1000.0,0,0
2025-12-27 12:27:03.167897+00:00,87433.6,87521.0336,87346.1664,87433.6,1000.0,0,0
2025-12-27 12:27:03.170472+00:00,87433.6,87521.0336,87346.1664,87433.6,1000.0,0,0
2025-12-27 12:28:03.682507+00:00,87458.5,87545.9585,87371.0415,87458.5,1000.0,0,0
2025-12-27 12:28:03.682878+00:00,87458.5,87545.9585,87371.0415,87458.5,1000.0,0,0
2025-12-27 12:29:04.938434+00:00,87453.3,87540.7533,87365.84670000001,87453.3,1000.0,0,0
2025-12-27 12:29:04.938739+00:00,87453.3,87540.7533,87365.84670000001,87453.3,1000.0,0,0
2025-12-27 12:30:05.217928+00:00,87442.2,87529.64219999999,87354.75779999999,87442.2,1000.0,0,0
2025-12-27 12:30:05.218416+00:00,87442.2,87529.64219999999,87354.75779999999,87442.2,1000.0,0,0
2025-12-27 12:31:05.373522+00:00,87442.2,87529.64219999999,87354.75779999999,87442.2,1000.0,0,0
2025-12-27 12:31:05.373989+00:00,87442.2,87529.64219999999,87354.75779999999,87442.2,1000.0,0,0
2025-12-27 12:32:07.444324+00:00,87442.2,87529.64219999999,87354.75779999999,87442.2,1000.0,0,0
2025-12-27 12:32:07.444767+00:00,87442.2,87529.64219999999,87354.75779999999,87442.2,1000.0,0,0
2025-12-27 12:33:08.139280+00:00,87448.2,87535.64819999998,87360.7518,87448.2,1000.0,0,0
2025-12-27 12:33:08.139623+00:00,87448.2,87535.64819999998,87360.7518,87448.2,1000.0,0,0
2025-12-27 12:34:08.350058+00:00,87448.3,87535.74829999999,87360.8517,87448.3,1000.0,0,0
2025-12-27 12:34:08.350516+00:00,87448.3,87535.74829999999,87360.8517,87448.3,1000.0,0,0
2025-12-27 12:35:08.716405+00:00,87449.9,87537.34989999999,87362.45009999999,87449.9,1000.0,0,0
2025-12-27 12:35:08.716728+00:00,87449.9,87537.34989999999,87362.45009999999,87449.9,1000.0,0,0
2025-12-27 12:36:08.833548+00:00,87460.0,87547.45999999999,87372.54,87460.0,1000.0,0,0
2025-12-27 12:36:08.833993+00:00,87460.0,87547.45999999999,87372.54,87460.0,1000.0,0,0
2025-12-27 12:37:09.095039+00:00,87460.0,87547.45999999999,87372.54,87460.0,1000.0,0,0
2025-12-27 12:37:09.095557+00:00,87460.0,87547.45999999999,87372.54,87460.0,1000.0,0,0
2025-12-27 12:38:10.849459+00:00,87476.4,87563.87639999998,87388.9236,87476.4,1000.0,0,0
2025-12-27 12:38:10.849801+00:00,87476.4,87563.87639999998,87388.9236,87476.4,1000.0,0,0
2025-12-27 12:39:11.184144+00:00,87452.1,87539.5521,87364.64790000001,87452.1,1000.0,0,0
2025-12-27 12:39:11.184484+00:00,87452.1,87539.5521,87364.64790000001,87452.1,1000.0,0,0
2025-12-27 12:40:11.556232+00:00,87451.4,87538.85139999999,87363.94859999999,87451.4,1000.0,0,0
2025-12-27 12:40:11.556564+00:00,87451.4,87538.85139999999,87363.94859999999,87451.4,1000.0,0,0
2025-12-27 12:41:11.629506+00:00,87448.3,87535.74829999999,87360.8517,87448.3,1000.0,0,0
2025-12-27 12:41:11.629813+00:00,87448.3,87535.74829999999,87360.8517,87448.3,1000.0,0,0
2025-12-27 12:42:12.662934+00:00,87448.4,87535.84839999999,87360.9516,87448.4,1000.0,0,0
2025-12-27 12:42:12.663404+00:00,87448.4,87535.84839999999,87360.9516,87448.4,1000.0,0,0
2025-12-27 12:43:12.907463+00:00,87454.6,87542.0546,87367.14540000001,87454.6,1000.0,0,0
2025-12-27 12:43:12.907780+00:00,87454.6,87542.0546,87367.14540000001,87454.6,1000.0,0,0
2025-12-27 12:44:14.208021+00:00,87458.7,87546.15869999999,87371.2413,87458.7,1000.0,0,0
2025-12-27 12:44:14.209520+00:00,87458.7,87546.15869999999,87371.2413,87458.7,1000.0,0,0
2025-12-27 12:45:15.524453+00:00,87474.4,87561.87439999999,87386.92559999999,87474.4,1000.0,0,0
2025-12-27 12:45:15.524861+00:00,87474.4,87561.87439999999,87386.92559999999,87474.4,1000.0,0,0
2025-12-27 12:46:15.952371+00:00,87458.8,87546.2588,87371.34120000001,87458.8,1000.0,0,0
2025-12-27 12:46:15.952812+00:00,87458.8,87546.2588,87371.34120000001,87458.8,1000.0,0,0
2025-12-27 12:47:16.542908+00:00,87458.7,87546.15869999999,87371.2413,87458.7,1000.0,0,0
2025-12-27 12:47:16.543318+00:00,87458.7,87546.15869999999,87371.2413,87458.7,1000.0,0,0
2025-12-27 12:48:18.167624+00:00,87458.7,87546.15869999999,87371.2413,87458.7,1000.0,0,0
2025-12-27 12:48:18.167960+00:00,87458.7,87546.15869999999,87371.2413,87458.7,1000.0,0,0
2025-12-27 12:49:18.208985+00:00,87458.7,87546.15869999999,87371.2413,87458.7,1000.0,0,0
2025-12-27 12:49:18.209351+00:00,87458.7,87546.15869999999,87371.2413,87458.7,1000.0,0,0
2025-12-27 12:50:20.521809+00:00,87458.8,87546.2588,87371.34120000001,87458.8,1000.0,0,0
2025-12-27 12:50:20.522225+00:00,87458.8,87546.2588,87371.34120000001,87458.8,1000.0,0,0
2025-12-27 12:51:21.381316+00:00,87411.3,87498.7113,87323.8887,87411.3,1000.0,0,0
2025-12-27 12:51:21.381658+00:00,87411.3,87498.7113,87323.8887,87411.3,1000.0,0,0
2025-12-27 12:52:21.817988+00:00,87424.1,87511.5241,87336.6759,87424.1,1000.0,0,0
2025-12-27 12:52:21.818475+00:00,87424.1,87511.5241,87336.6759,87424.1,1000.0,0,0
2025-12-27 12:53:22.157802+00:00,87429.9,87517.32989999998,87342.47009999999,87429.9,1000.0,0,0
2025-12-27 12:53:22.158424+00:00,87429.9,87517.32989999998,87342.47009999999,87429.9,1000.0,0,0
2025-12-27 12:54:22.419804+00:00,87430.0,87517.43,87342.57,87430.0,1000.0,0,0
2025-12-27 12:54:22.420261+00:00,87430.0,87517.43,87342.57,87430.0,1000.0,0,0
2025-12-27 12:55:23.121791+00:00,87430.0,87517.43,87342.57,87430.0,1000.0,0,0
2025-12-27 12:55:23.122158+00:00,87430.0,87517.43,87342.57,87430.0,1000.0,0,0
2025-12-27 12:56:23.317344+00:00,87430.0,87517.43,87342.57,87430.0,1000.0,0,0
2025-12-27 12:56:23.317685+00:00,87430.0,87517.43,87342.57,87430.0,1000.0,0,0
2025-12-27 12:57:23.695994+00:00,87429.9,87517.32989999998,87342.47009999999,87429.9,1000.0,0,0
2025-12-27 12:57:23.696311+00:00,87429.9,87517.32989999998,87342.47009999999,87429.9,1000.0,0,0
2025-12-27 12:58:23.706595+00:00,87431.4,87518.83139999998,87343.9686,87431.4,1000.0,0,0
2025-12-27 12:58:23.706917+00:00,87431.4,87518.83139999998,87343.9686,87431.4,1000.0,0,0
2025-12-27 12:59:23.786382+00:00,87431.9,87519.33189999999,87344.4681,87431.9,1000.0,0,0
2025-12-27 12:59:23.786721+00:00,87431.9,87519.33189999999,87344.4681,87431.9,1000.0,0,0
2025-12-27 13:00:24.391381+00:00,87440.0,87527.43999999999,87352.56,87440.0,1000.0,0,0
2025-12-27 13:00:24.391846+00:00,87440.0,87527.43999999999,87352.56,87440.0,1000.0,0,0
2025-12-27 13:01:24.625183+00:00,87418.6,87506.0186,87331.1814,87418.6,1000.0,0,0
2025-12-27 13:01:24.625524+00:00,87418.6,87506.0186,87331.1814,87418.6,1000.0,0,0
2025-12-27 13:02:25.002022+00:00,87407.9,87495.30789999999,87320.49209999999,87407.9,1000.0,0,0
2025-12-27 13:02:25.002449+00:00,87407.9,87495.30789999999,87320.49209999999,87407.9,1000.0,0,0
2025-12-27 13:03:25.082507+00:00,87405.6,87493.00559999999,87318.19440000001,87405.6,1000.0,0,0
2025-12-27 13:03:25.082843+00:00,87405.6,87493.00559999999,87318.19440000001,87405.6,1000.0,0,0
2025-12-27 13:04:25.501194+00:00,87396.1,87483.49609999999,87308.70390000001,87396.1,1000.0,0,0
2025-12-27 13:04:25.502233+00:00,87396.1,87483.49609999999,87308.70390000001,87396.1,1000.0,0,0
2025-12-27 13:05:25.869591+00:00,87388.0,87475.38799999999,87300.612,87388.0,1000.0,0,0
2025-12-27 13:05:25.869873+00:00,87388.0,87475.38799999999,87300.612,87388.0,1000.0,0,0
2025-12-27 13:06:25.921848+00:00,87380.2,87467.58019999998,87292.8198,87380.2,1000.0,0,0
2025-12-27 13:06:25.922240+00:00,87380.2,87467.58019999998,87292.8198,87380.2,1000.0,0,0
2025-12-27 13:07:26.490436+00:00,87387.9,87475.28789999998,87300.51209999999,87387.9,1000.0,0,0
2025-12-27 13:07:26.490703+00:00,87387.9,87475.28789999998,87300.51209999999,87387.9,1000.0,0,0
2025-12-27 13:08:26.683730+00:00,87398.0,87485.39799999999,87310.602,87398.0,1000.0,0,0
2025-12-27 13:08:26.684009+00:00,87398.0,87485.39799999999,87310.602,87398.0,1000.0,0,0
2025-12-27 13:09:26.949933+00:00,87397.9,87485.29789999999,87310.5021,87397.9,1000.0,0,0
2025-12-27 13:09:26.950336+00:00,87397.9,87485.29789999999,87310.5021,87397.9,1000.0,0,0
2025-12-27 13:10:28.168906+00:00,87397.9,87485.29789999999,87310.5021,87397.9,1000.0,0,0
2025-12-27 13:10:28.169301+00:00,87397.9,87485.29789999999,87310.5021,87397.9,1000.0,0,0
2025-12-27 13:11:28.408487+00:00,87405.5,87492.9055,87318.0945,87405.5,1000.0,0,0
2025-12-27 13:11:28.408824+00:00,87405.5,87492.9055,87318.0945,87405.5,1000.0,0,0
2025-12-27 13:12:28.800416+00:00,87420.2,87507.62019999999,87332.7798,87420.2,1000.0,0,0
2025-12-27 13:12:28.800895+00:00,87420.2,87507.62019999999,87332.7798,87420.2,1000.0,0,0
2025-12-27 13:13:29.142525+00:00,87429.9,87517.32989999998,87342.47009999999,87429.9,1000.0,0,0
2025-12-27 13:13:29.142854+00:00,87429.9,87517.32989999998,87342.47009999999,87429.9,1000.0,0,0
2025-12-27 13:14:30.361645+00:00,87426.2,87513.62619999998,87338.7738,87426.2,1000.0,0,0
2025-12-27 13:14:30.362137+00:00,87426.2,87513.62619999998,87338.7738,87426.2,1000.0,0,0
2025-12-27 13:15:30.402621+00:00,87380.0,87467.37999999999,87292.62,87380.0,1000.0,0,0
2025-12-27 13:15:30.402898+00:00,87380.0,87467.37999999999,87292.62,87380.0,1000.0,0,0
2025-12-27 13:16:31.166261+00:00,87389.6,87476.9896,87302.21040000001,87389.6,1000.0,0,0
2025-12-27 13:16:31.166595+00:00,87389.6,87476.9896,87302.21040000001,87389.6,1000.0,0,0
2025-12-27 13:17:32.063042+00:00,87397.9,87485.29789999999,87310.5021,87397.9,1000.0,0,0
2025-12-27 13:17:32.063496+00:00,87397.9,87485.29789999999,87310.5021,87397.9,1000.0,0,0
2025-12-27 13:18:32.396996+00:00,87408.9,87496.30889999999,87321.4911,87408.9,1000.0,0,0
2025-12-27 13:18:32.401577+00:00,87408.9,87496.30889999999,87321.4911,87408.9,1000.0,0,0
2025-12-27 13:19:32.512054+00:00,87397.0,87484.397,87309.603,87397.0,1000.0,0,0
2025-12-27 13:19:32.516622+00:00,87397.0,87484.397,87309.603,87397.0,1000.0,0,0
2025-12-27 13:20:32.459113+00:00,87390.7,87478.09069999999,87303.3093,87390.7,1000.0,0,0
2025-12-27 13:20:32.459451+00:00,87390.7,87478.09069999999,87303.3093,87390.7,1000.0,0,0
2025-12-27 13:21:32.576921+00:00,87360.8,87448.1608,87273.43920000001,87360.8,1000.0,0,0
2025-12-27 13:21:32.577210+00:00,87360.8,87448.1608,87273.43920000001,87360.8,1000.0,0,0
2025-12-27 13:22:33.072770+00:00,87357.1,87444.4571,87269.74290000001,87357.1,1000.0,0,0
2025-12-27 13:22:33.073045+00:00,87357.1,87444.4571,87269.74290000001,87357.1,1000.0,0,0
2025-12-27 13:23:34.057951+00:00,87355.8,87443.1558,87268.4442,87355.8,1000.0,0,0
2025-12-27 13:23:34.058250+00:00,87355.8,87443.1558,87268.4442,87355.8,1000.0,0,0
2025-12-27 13:24:34.447321+00:00,87355.9,87443.25589999999,87268.5441,87355.9,1000.0,0,0
2025-12-27 13:24:34.447663+00:00,87355.9,87443.25589999999,87268.5441,87355.9,1000.0,0,0
2025-12-27 13:25:34.969058+00:00,87381.3,87468.6813,87293.91870000001,87381.3,1000.0,0,0
2025-12-27 13:25:34.969350+00:00,87381.3,87468.6813,87293.91870000001,87381.3,1000.0,0,0
2025-12-27 13:26:39.246775+00:00,87364.0,87451.36399999999,87276.636,87364.0,1000.0,0,0
2025-12-27 13:26:39.247059+00:00,87364.0,87451.36399999999,87276.636,87364.0,1000.0,0,0
2025-12-27 13:27:39.655461+00:00,87371.0,87458.37099999998,87283.629,87371.0,1000.0,0,0
2025-12-27 13:27:39.655870+00:00,87371.0,87458.37099999998,87283.629,87371.0,1000.0,0,0
2025-12-27 13:28:40.128510+00:00,87362.3,87449.6623,87274.93770000001,87362.3,1000.0,0,0
2025-12-27 13:28:40.128778+00:00,87362.3,87449.6623,87274.93770000001,87362.3,1000.0,0,0
2025-12-27 13:29:40.268654+00:00,87358.6,87445.9586,87271.2414,87358.6,1000.0,0,0
2025-12-27 13:29:40.268929+00:00,87358.6,87445.9586,87271.2414,87358.6,1000.0,0,0
2025-12-27 13:30:40.565483+00:00,87361.7,87449.06169999999,87274.3383,87361.7,1000.0,0,0
2025-12-27 13:30:40.566564+00:00,87361.7,87449.06169999999,87274.3383,87361.7,1000.0,0,0
2025-12-27 13:31:41.070083+00:00,87365.9,87453.26589999998,87278.53409999999,87365.9,1000.0,0,0
2025-12-27 13:31:41.070379+00:00,87365.9,87453.26589999998,87278.53409999999,87365.9,1000.0,0,0
2025-12-27 13:32:41.867356+00:00,87368.9,87456.26889999998,87281.5311,87368.9,1000.0,0,0
2025-12-27 13:32:41.873332+00:00,87368.9,87456.26889999998,87281.5311,87368.9,1000.0,0,0
2025-12-27 13:33:42.106029+00:00,87373.4,87460.77339999999,87286.0266,87373.4,1000.0,0,0
2025-12-27 13:33:42.106416+00:00,87373.4,87460.77339999999,87286.0266,87373.4,1000.0,0,0
2025-12-27 13:34:42.170911+00:00,87283.9,87371.18389999999,87196.6161,87283.9,1000.0,0,0
2025-12-27 13:34:42.171227+00:00,87283.9,87371.18389999999,87196.6161,87283.9,1000.0,0,0
2025-12-27 13:35:42.491143+00:00,87341.1,87428.4411,87253.7589,87341.1,1000.0,0,0
2025-12-27 13:36:42.765707+00:00,87421.5,87508.9215,87334.0785,87421.5,1000.0,0,0
2025-12-27 13:37:43.115426+00:00,87427.4,87514.82739999998,87339.9726,87427.4,1000.0,0,0
2025-12-27 13:37:43.115866+00:00,87427.4,87514.82739999998,87339.9726,87427.4,1000.0,0,0
2025-12-27 13:38:43.277341+00:00,87426.7,87514.1267,87339.2733,87426.7,1000.0,0,0
2025-12-27 13:38:43.277859+00:00,87426.7,87514.1267,87339.2733,87426.7,1000.0,0,0
2025-12-27 13:39:43.985410+00:00,87409.5,87496.9095,87322.0905,87409.5,1000.0,0,0
2025-12-27 13:39:43.985760+00:00,87409.5,87496.9095,87322.0905,87409.5,1000.0,0,0
2025-12-27 13:40:44.219128+00:00,87411.3,87498.7113,87323.8887,87411.3,1000.0,0,0
2025-12-27 13:40:44.219468+00:00,87411.3,87498.7113,87323.8887,87411.3,1000.0,0,0
2025-12-27 13:41:45.950414+00:00,87411.3,87498.7113,87323.8887,87411.3,1000.0,0,0
2025-12-27 13:41:45.950739+00:00,87411.3,87498.7113,87323.8887,87411.3,1000.0,0,0
2025-12-27 13:42:46.524549+00:00,87414.3,87501.71429999999,87326.8857,87414.3,1000.0,0,0
2025-12-27 13:42:46.524919+00:00,87414.3,87501.71429999999,87326.8857,87414.3,1000.0,0,0
2025-12-27 13:43:46.692745+00:00,87434.2,87521.63419999999,87346.7658,87434.2,1000.0,0,0
2025-12-27 13:43:46.693107+00:00,87434.2,87521.63419999999,87346.7658,87434.2,1000.0,0,0
2025-12-27 13:44:47.214483+00:00,87431.2,87518.63119999999,87343.76879999999,87431.2,1000.0,0,0
2025-12-27 13:44:47.214967+00:00,87431.2,87518.63119999999,87343.76879999999,87431.2,1000.0,0,0
2025-12-27 13:45:47.351487+00:00,87431.2,87518.63119999999,87343.76879999999,87431.2,1000.0,0,0
2025-12-27 13:45:47.351816+00:00,87431.2,87518.63119999999,87343.76879999999,87431.2,1000.0,0,0
2025-12-27 13:46:47.883811+00:00,87431.3,87518.7313,87343.8687,87431.3,1000.0,0,0
2025-12-27 13:46:47.884161+00:00,87431.3,87518.7313,87343.8687,87431.3,1000.0,0,0
2025-12-27 13:47:48.179297+00:00,87421.7,87509.12169999999,87334.27829999999,87421.7,1000.0,0,0
2025-12-27 13:47:48.179637+00:00,87421.7,87509.12169999999,87334.27829999999,87421.7,1000.0,0,0
2025-12-27 13:48:50.276087+00:00,87414.7,87502.11469999999,87327.2853,87414.7,1000.0,0,0
2025-12-27 13:48:50.276442+00:00,87414.7,87502.11469999999,87327.2853,87414.7,1000.0,0,0
2025-12-27 13:49:51.199698+00:00,87418.8,87506.21879999999,87331.3812,87418.8,1000.0,0,0
2025-12-27 13:49:51.200087+00:00,87418.8,87506.21879999999,87331.3812,87418.8,1000.0,0,0
2025-12-27 13:50:51.789112+00:00,87424.6,87512.02459999999,87337.17540000001,87424.6,1000.0,0,0
2025-12-27 13:50:51.789463+00:00,87424.6,87512.02459999999,87337.17540000001,87424.6,1000.0,0,0
2025-12-27 13:51:52.036894+00:00,87424.6,87512.02459999999,87337.17540000001,87424.6,1000.0,0,0
2025-12-27 13:51:52.037263+00:00,87424.6,87512.02459999999,87337.17540000001,87424.6,1000.0,0,0
2025-12-27 13:52:53.350490+00:00,87424.6,87512.02459999999,87337.17540000001,87424.6,1000.0,0,0
2025-12-27 13:52:53.350806+00:00,87424.6,87512.02459999999,87337.17540000001,87424.6,1000.0,0,0
2025-12-27 13:53:53.381967+00:00,87424.6,87512.02459999999,87337.17540000001,87424.6,1000.0,0,0
2025-12-27 13:53:53.382329+00:00,87424.6,87512.02459999999,87337.17540000001,87424.6,1000.0,0,0
2025-12-27 13:54:53.705564+00:00,87424.5,87511.9245,87337.0755,87424.5,1000.0,0,0
2025-12-27 13:54:53.705991+00:00,87424.5,87511.9245,87337.0755,87424.5,1000.0,0,0
2025-12-27 13:55:54.012705+00:00,87424.8,87512.2248,87337.37520000001,87424.8,1000.0,0,0
2025-12-27 13:55:54.013034+00:00,87424.8,87512.2248,87337.37520000001,87424.8,1000.0,0,0
2025-12-27 13:56:54.165997+00:00,87434.1,87521.53409999999,87346.6659,87434.1,1000.0,0,0
2025-12-27 13:56:54.166365+00:00,87434.1,87521.53409999999,87346.6659,87434.1,1000.0,0,0
2025-12-27 13:57:55.206620+00:00,87434.1,87521.53409999999,87346.6659,87434.1,1000.0,0,0
2025-12-27 13:57:55.206959+00:00,87434.1,87521.53409999999,87346.6659,87434.1,1000.0,0,0
2025-12-27 13:58:55.943770+00:00,87429.4,87516.82939999999,87341.9706,87429.4,1000.0,0,0
2025-12-27 13:58:55.944212+00:00,87429.4,87516.82939999999,87341.9706,87429.4,1000.0,0,0
2025-12-27 13:59:56.393787+00:00,87410.7,87498.11069999999,87323.2893,87410.7,1000.0,0,0
2025-12-27 13:59:56.394270+00:00,87410.7,87498.11069999999,87323.2893,87410.7,1000.0,0,0
2025-12-27 14:00:56.362088+00:00,87415.1,87502.51509999999,87327.68490000001,87415.1,1000.0,0,0
2025-12-27 14:00:56.362529+00:00,87415.1,87502.51509999999,87327.68490000001,87415.1,1000.0,0,0
2025-12-27 14:01:57.326324+00:00,87415.2,87502.61519999999,87327.7848,87415.2,1000.0,0,0
2025-12-27 14:01:57.326676+00:00,87415.2,87502.61519999999,87327.7848,87415.2,1000.0,0,0
2025-12-27 14:02:58.508412+00:00,87415.2,87502.61519999999,87327.7848,87415.2,1000.0,0,0
2025-12-27 14:02:58.508705+00:00,87415.2,87502.61519999999,87327.7848,87415.2,1000.0,0,0
2025-12-27 14:03:59.595001+00:00,87396.5,87483.89649999999,87309.1035,87396.5,1000.0,0,0
2025-12-27 14:03:59.595464+00:00,87396.5,87483.89649999999,87309.1035,87396.5,1000.0,0,0
2025-12-27 14:05:00.190726+00:00,87396.5,87483.89649999999,87309.1035,87396.5,1000.0,0,0
2025-12-27 14:05:00.191250+00:00,87396.5,87483.89649999999,87309.1035,87396.5,1000.0,0,0
2025-12-27 14:06:00.458642+00:00,87408.5,87495.90849999999,87321.0915,87408.5,1000.0,0,0
2025-12-27 14:06:00.459076+00:00,87408.5,87495.90849999999,87321.0915,87408.5,1000.0,0,0
2025-12-27 14:07:00.432847+00:00,87390.1,87477.4901,87302.7099,87390.1,1000.0,0,0
2025-12-27 14:07:00.433204+00:00,87390.1,87477.4901,87302.7099,87390.1,1000.0,0,0
2025-12-27 14:08:00.441739+00:00,87388.3,87475.6883,87300.9117,87388.3,1000.0,0,0
2025-12-27 14:08:00.442109+00:00,87388.3,87475.6883,87300.9117,87388.3,1000.0,0,0
2025-12-27 14:09:00.494439+00:00,87390.5,87477.8905,87303.1095,87390.5,1000.0,0,0
2025-12-27 14:09:00.494862+00:00,87390.5,87477.8905,87303.1095,87390.5,1000.0,0,0
2025-12-27 14:10:01.200806+00:00,87407.9,87495.30789999999,87320.49209999999,87407.9,1000.0,0,0
2025-12-27 14:10:01.201169+00:00,87407.9,87495.30789999999,87320.49209999999,87407.9,1000.0,0,0
2025-12-27 14:11:01.882183+00:00,87410.0,87497.40999999999,87322.59,87410.0,1000.0,0,0
2025-12-27 14:11:01.882529+00:00,87410.0,87497.40999999999,87322.59,87410.0,1000.0,0,0
2025-12-27 14:12:02.979297+00:00,87406.5,87493.9065,87319.0935,87406.5,1000.0,0,0
2025-12-27 14:12:02.979619+00:00,87406.5,87493.9065,87319.0935,87406.5,1000.0,0,0
2025-12-27 14:13:03.709396+00:00,87416.6,87504.0166,87329.18340000001,87416.6,1000.0,0,0
2025-12-27 14:13:03.709727+00:00,87416.6,87504.0166,87329.18340000001,87416.6,1000.0,0,0
2025-12-27 14:14:04.141551+00:00,87424.3,87511.72429999999,87336.8757,87424.3,1000.0,0,0
2025-12-27 14:14:04.142022+00:00,87424.3,87511.72429999999,87336.8757,87424.3,1000.0,0,0
2025-12-27 14:15:04.237760+00:00,87418.8,87506.21879999999,87331.3812,87418.8,1000.0,0,0
2025-12-27 14:15:04.238111+00:00,87418.8,87506.21879999999,87331.3812,87418.8,1000.0,0,0
2025-12-27 14:16:06.867339+00:00,87418.9,87506.31889999998,87331.48109999999,87418.9,1000.0,0,0
2025-12-27 14:16:06.867674+00:00,87418.9,87506.31889999998,87331.48109999999,87418.9,1000.0,0,0
2025-12-27 14:17:07.145410+00:00,87424.2,87511.62419999999,87336.7758,87424.2,1000.0,0,0
2025-12-27 14:17:07.145888+00:00,87424.2,87511.62419999999,87336.7758,87424.2,1000.0,0,0
2025-12-27 14:18:07.186520+00:00,87419.8,87507.21979999999,87332.3802,87419.8,1000.0,0,0
2025-12-27 14:19:07.323942+00:00,87416.5,87503.91649999999,87329.0835,87416.5,1000.0,0,0
2025-12-27 14:20:07.437972+00:00,87416.5,87503.91649999999,87329.0835,87416.5,1000.0,0,0
2025-12-27 14:21:08.269046+00:00,87403.4,87490.80339999999,87315.9966,87403.4,1000.0,0,0
2025-12-27 14:22:08.532970+00:00,87401.0,87488.40099999998,87313.599,87401.0,1000.0,0,0
2025-12-27 14:23:08.627393+00:00,87406.0,87493.40599999999,87318.594,87406.0,1000.0,0,0
2025-12-27 14:24:09.907499+00:00,87387.3,87474.68729999999,87299.9127,87387.3,1000.0,0,0
2025-12-27 14:24:09.907836+00:00,87387.3,87474.68729999999,87299.9127,87387.3,1000.0,0,0
2025-12-27 14:25:10.718419+00:00,87392.7,87480.0927,87305.3073,87392.7,1000.0,0,0
2025-12-27 14:25:10.718802+00:00,87392.7,87480.0927,87305.3073,87392.7,1000.0,0,0
2025-12-27 14:26:11.806251+00:00,87386.6,87473.98659999999,87299.21340000001,87386.6,1000.0,0,0
2025-12-27 14:26:11.806608+00:00,87386.6,87473.98659999999,87299.21340000001,87386.6,1000.0,0,0
2025-12-27 14:27:11.931357+00:00,87390.7,87478.09069999999,87303.3093,87390.7,1000.0,0,0
2025-12-27 14:27:11.931690+00:00,87390.7,87478.09069999999,87303.3093,87390.7,1000.0,0,0
2025-12-27 14:28:11.972426+00:00,87385.6,87472.9856,87298.21440000001,87385.6,1000.0,0,0
2025-12-27 14:28:11.972763+00:00,87385.6,87472.9856,87298.21440000001,87385.6,1000.0,0,0
2025-12-27 14:29:13.192231+00:00,87387.2,87474.5872,87299.8128,87387.2,1000.0,0,0
2025-12-27 14:29:13.192589+00:00,87387.2,87474.5872,87299.8128,87387.2,1000.0,0,0
2025-12-27 14:30:13.337243+00:00,87384.1,87471.4841,87296.71590000001,87384.1,1000.0,0,0
2025-12-27 14:30:13.337718+00:00,87384.1,87471.4841,87296.71590000001,87384.1,1000.0,0,0
2025-12-27 14:31:13.969382+00:00,87397.3,87484.6973,87309.9027,87397.3,1000.0,0,0
2025-12-27 14:31:13.969679+00:00,87397.3,87484.6973,87309.9027,87397.3,1000.0,0,0
2025-12-27 14:32:14.111688+00:00,87409.1,87496.5091,87321.6909,87409.1,1000.0,0,0
2025-12-27 14:32:14.112018+00:00,87409.1,87496.5091,87321.6909,87409.1,1000.0,0,0
2025-12-27 14:33:15.733257+00:00,87425.2,87512.62519999998,87337.7748,87425.2,1000.0,0,0
2025-12-27 14:33:15.733596+00:00,87425.2,87512.62519999998,87337.7748,87425.2,1000.0,0,0
2025-12-27 14:34:16.307755+00:00,87429.9,87517.32989999998,87342.47009999999,87429.9,1000.0,0,0
2025-12-27 14:34:16.313345+00:00,87429.9,87517.32989999998,87342.47009999999,87429.9,1000.0,0,0
2025-12-27 14:35:16.427609+00:00,87442.5,87529.94249999999,87355.0575,87442.5,1000.0,0,0
2025-12-27 14:35:16.428042+00:00,87442.5,87529.94249999999,87355.0575,87442.5,1000.0,0,0
2025-12-27 14:36:18.030045+00:00,87442.6,87530.0426,87355.15740000001,87442.6,1000.0,0,0
2025-12-27 14:36:18.030423+00:00,87442.6,87530.0426,87355.15740000001,87442.6,1000.0,0,0
2025-12-27 14:37:19.243503+00:00,87436.7,87524.13669999999,87349.26329999999,87436.7,1000.0,0,0
2025-12-27 14:37:19.243827+00:00,87436.7,87524.13669999999,87349.26329999999,87436.7,1000.0,0,0
2025-12-27 14:38:20.483123+00:00,87436.7,87524.13669999999,87349.26329999999,87436.7,1000.0,0,0
2025-12-27 14:38:20.483569+00:00,87436.7,87524.13669999999,87349.26329999999,87436.7,1000.0,0,0
2025-12-27 14:39:20.750485+00:00,87436.8,87524.2368,87349.3632,87436.8,1000.0,0,0
2025-12-27 14:39:20.750835+00:00,87436.8,87524.2368,87349.3632,87436.8,1000.0,0,0
2025-12-27 14:40:22.443880+00:00,87436.7,87524.13669999999,87349.26329999999,87436.7,1000.0,0,0
2025-12-27 14:40:22.444365+00:00,87436.7,87524.13669999999,87349.26329999999,87436.7,1000.0,0,0
2025-12-27 14:41:23.766604+00:00,87440.0,87527.43999999999,87352.56,87440.0,1000.0,0,0
2025-12-27 14:41:23.766898+00:00,87440.0,87527.43999999999,87352.56,87440.0,1000.0,0,0
2025-12-27 14:42:24.061551+00:00,87440.0,87527.43999999999,87352.56,87440.0,1000.0,0,0
2025-12-27 14:42:24.062039+00:00,87440.0,87527.43999999999,87352.56,87440.0,1000.0,0,0
2025-12-27 14:43:25.245517+00:00,87442.3,87529.7423,87354.85770000001,87442.3,1000.0,0,0
2025-12-27 14:43:25.245981+00:00,87442.3,87529.7423,87354.85770000001,87442.3,1000.0,0,0
2025-12-27 14:44:25.996986+00:00,87442.9,87530.34289999999,87355.4571,87442.9,1000.0,1,0
2025-12-27 14:44:25.997296+00:00,87442.9,87530.34289999999,87355.4571,87442.9,1000.0,0,0
2025-12-27 14:45:26.823956+00:00,87470.1,87557.5701,87382.6299,87470.1,1000.0,0,0
2025-12-27 14:45:26.824246+00:00,87470.1,87557.5701,87382.6299,87470.1,1000.0,0,0
2025-12-27 14:46:27.208479+00:00,87481.6,87569.08159999999,87394.1184,87481.6,1000.0,0,0
2025-12-27 14:46:27.208850+00:00,87481.6,87569.08159999999,87394.1184,87481.6,1000.0,0,0
2025-12-27 14:47:27.263197+00:00,87503.1,87590.6031,87415.5969,87503.1,1000.0,0,0
2025-12-27 14:47:27.263481+00:00,87503.1,87590.6031,87415.5969,87503.1,1000.0,0,0
2025-12-27 14:48:27.872565+00:00,87498.8,87586.29879999999,87411.3012,87498.8,1000.0,0,0
2025-12-27 14:48:27.872844+00:00,87498.8,87586.29879999999,87411.3012,87498.8,1000.0,0,0
2025-12-27 14:49:28.229067+00:00,87495.2,87582.69519999999,87407.70479999999,87495.2,1000.0,0,0
2025-12-27 14:49:28.229359+00:00,87495.2,87582.69519999999,87407.70479999999,87495.2,1000.0,0,0
2025-12-27 14:50:28.929587+00:00,87500.0,87587.49999999999,87412.5,87500.0,1000.0,0,0
2025-12-27 14:50:28.929875+00:00,87500.0,87587.49999999999,87412.5,87500.0,1000.0,0,0
2025-12-27 14:51:28.997505+00:00,87492.8,87580.2928,87405.3072,87492.8,1000.0,0,0
2025-12-27 14:51:28.997800+00:00,87492.8,87580.2928,87405.3072,87492.8,1000.0,0,0
2025-12-27 14:52:29.475782+00:00,87471.6,87559.0716,87384.1284,87471.6,1000.0,0,0
2025-12-27 14:52:29.476027+00:00,87471.6,87559.0716,87384.1284,87471.6,1000.0,0,0
2025-12-27 14:53:30.256627+00:00,87477.0,87564.47699999998,87389.523,87477.0,1000.0,0,0
2025-12-27 14:53:30.257018+00:00,87477.0,87564.47699999998,87389.523,87477.0,1000.0,0,0
2025-12-27 14:54:30.840192+00:00,87477.0,87564.47699999998,87389.523,87477.0,1000.0,0,0
2025-12-27 14:54:30.840481+00:00,87477.0,87564.47699999998,87389.523,87477.0,1000.0,0,0
2025-12-27 14:55:31.470882+00:00,87502.0,87589.502,87414.498,87502.0,1000.0,0,0
2025-12-27 14:55:31.471183+00:00,87502.0,87589.502,87414.498,87502.0,1000.0,0,0
2025-12-27 14:56:31.770741+00:00,87502.1,87589.60209999999,87414.59790000001,87502.1,1000.0,0,0
2025-12-27 14:56:31.771151+00:00,87502.1,87589.60209999999,87414.59790000001,87502.1,1000.0,0,0
2025-12-27 14:57:31.845799+00:00,87506.6,87594.1066,87419.09340000001,87506.6,1000.0,0,0
2025-12-27 14:57:31.846234+00:00,87506.6,87594.1066,87419.09340000001,87506.6,1000.0,0,0
2025-12-27 14:58:32.437338+00:00,87517.8,87605.31779999999,87430.2822,87517.8,1000.0,0,0
2025-12-27 14:58:32.437719+00:00,87517.8,87605.31779999999,87430.2822,87517.8,1000.0,0,0
2025-12-27 14:59:32.474921+00:00,87500.6,87588.10059999999,87413.0994,87500.6,1000.0,0,0
2025-12-27 14:59:32.475211+00:00,87500.6,87588.10059999999,87413.0994,87500.6,1000.0,0,0
2025-12-27 15:00:33.226620+00:00,87500.6,87588.10059999999,87413.0994,87500.6,1000.0,0,0
2025-12-27 15:00:33.226893+00:00,87500.6,87588.10059999999,87413.0994,87500.6,1000.0,0,0
2025-12-27 15:01:33.238619+00:00,87484.2,87571.68419999999,87396.71579999999,87484.2,1000.0,0,0
2025-12-27 15:01:33.238896+00:00,87484.2,87571.68419999999,87396.71579999999,87484.2,1000.0,0,0
2025-12-27 15:02:34.062379+00:00,87489.9,87577.38989999998,87402.4101,87489.9,1000.0,0,0
2025-12-27 15:02:34.062793+00:00,87489.9,87577.38989999998,87402.4101,87489.9,1000.0,0,0
2025-12-27 15:03:36.387878+00:00,87484.3,87571.7843,87396.8157,87484.3,1000.0,0,0
2025-12-27 15:03:36.388278+00:00,87484.3,87571.7843,87396.8157,87484.3,1000.0,0,0
2025-12-27 15:04:36.354285+00:00,87486.9,87574.38689999998,87399.41309999999,87486.9,1000.0,0,0
2025-12-27 15:04:36.354550+00:00,87486.9,87574.38689999998,87399.41309999999,87486.9,1000.0,0,0
2025-12-27 15:05:37.029563+00:00,87479.2,87566.67919999998,87391.7208,87479.2,1000.0,0,0
2025-12-27 15:05:37.029885+00:00,87479.2,87566.67919999998,87391.7208,87479.2,1000.0,0,0
2025-12-27 15:06:37.606635+00:00,87485.3,87572.78529999999,87397.8147,87485.3,1000.0,0,0
2025-12-27 15:06:37.607032+00:00,87485.3,87572.78529999999,87397.8147,87485.3,1000.0,0,0
2025-12-27 15:07:38.550334+00:00,87513.2,87600.71319999998,87425.6868,87513.2,1000.0,0,0
2025-12-27 15:07:38.550693+00:00,87513.2,87600.71319999998,87425.6868,87513.2,1000.0,0,0
2025-12-27 15:08:39.855704+00:00,87509.6,87597.1096,87422.0904,87509.6,1000.0,0,0
2025-12-27 15:08:39.855992+00:00,87509.6,87597.1096,87422.0904,87509.6,1000.0,0,0
2025-12-27 15:09:41.679435+00:00,87482.1,87569.5821,87394.61790000001,87482.1,1000.0,0,0
2025-12-27 15:09:41.679710+00:00,87482.1,87569.5821,87394.61790000001,87482.1,1000.0,0,0
2025-12-27 15:10:41.697749+00:00,87487.2,87574.68719999999,87399.7128,87487.2,1000.0,0,0
2025-12-27 15:10:41.698165+00:00,87487.2,87574.68719999999,87399.7128,87487.2,1000.0,0,0
2025-12-27 15:11:42.045257+00:00,87497.7,87585.19769999999,87410.20229999999,87497.7,1000.0,0,0
2025-12-27 15:11:42.045536+00:00,87497.7,87585.19769999999,87410.20229999999,87497.7,1000.0,0,0
2025-12-27 15:12:42.166228+00:00,87508.2,87595.7082,87420.6918,87508.2,1000.0,0,0
2025-12-27 15:12:42.166527+00:00,87508.2,87595.7082,87420.6918,87508.2,1000.0,0,0
2025-12-27 15:13:42.638587+00:00,87505.4,87592.90539999999,87417.8946,87505.4,1000.0,0,0
2025-12-27 15:13:42.638847+00:00,87505.4,87592.90539999999,87417.8946,87505.4,1000.0,0,0
2025-12-27 15:14:45.543548+00:00,87508.3,87595.80829999999,87420.7917,87508.3,1000.0,0,0
2025-12-27 15:14:45.543940+00:00,87508.3,87595.80829999999,87420.7917,87508.3,1000.0,0,0
2025-12-27 15:15:45.533897+00:00,87511.0,87598.51099999998,87423.489,87511.0,1000.0,0,0
2025-12-27 15:15:45.534215+00:00,87511.0,87598.51099999998,87423.489,87511.0,1000.0,0,0
2025-12-27 15:16:45.911628+00:00,87499.0,87586.499,87411.501,87499.0,1000.0,0,0
2025-12-27 15:16:45.911891+00:00,87499.0,87586.499,87411.501,87499.0,1000.0,0,0
2025-12-27 15:17:46.555419+00:00,87481.3,87568.78129999999,87393.8187,87481.3,1000.0,0,0
2025-12-27 15:17:46.555688+00:00,87481.3,87568.78129999999,87393.8187,87481.3,1000.0,0,0
2025-12-27 15:18:47.225439+00:00,87481.2,87568.68119999999,87393.7188,87481.2,1000.0,0,0
2025-12-27 15:18:47.225900+00:00,87481.2,87568.68119999999,87393.7188,87481.2,1000.0,0,0
2025-12-27 15:19:47.430238+00:00,87481.2,87568.68119999999,87393.7188,87481.2,1000.0,0,0
2025-12-27 15:19:47.430610+00:00,87481.2,87568.68119999999,87393.7188,87481.2,1000.0,0,0
2025-12-27 15:20:48.137688+00:00,87476.6,87564.0766,87389.12340000001,87476.6,1000.0,0,0
2025-12-27 15:20:48.138065+00:00,87476.6,87564.0766,87389.12340000001,87476.6,1000.0,0,0
2025-12-27 15:21:50.028803+00:00,87478.0,87565.47799999999,87390.522,87478.0,1000.0,0,0
2025-12-27 15:21:50.029157+00:00,87478.0,87565.47799999999,87390.522,87478.0,1000.0,0,0
2025-12-27 15:22:51.493336+00:00,87473.7,87561.17369999998,87386.2263,87473.7,1000.0,0,0
2025-12-27 15:22:51.493790+00:00,87473.7,87561.17369999998,87386.2263,87473.7,1000.0,0,0
2025-12-27 15:23:52.282268+00:00,87484.3,87571.7843,87396.8157,87484.3,1000.0,0,0
2025-12-27 15:23:52.282608+00:00,87484.3,87571.7843,87396.8157,87484.3,1000.0,0,0
2025-12-27 15:24:53.414781+00:00,87492.0,87579.49199999998,87404.508,87492.0,1000.0,0,0
2025-12-27 15:24:53.415171+00:00,87492.0,87579.49199999998,87404.508,87492.0,1000.0,0,0
2025-12-27 15:25:53.579063+00:00,87492.0,87579.49199999998,87404.508,87492.0,1000.0,0,0
2025-12-27 15:25:53.579363+00:00,87492.0,87579.49199999998,87404.508,87492.0,1000.0,0,0
2025-12-27 15:26:53.647628+00:00,87492.0,87579.49199999998,87404.508,87492.0,1000.0,0,0
2025-12-27 15:26:53.647909+00:00,87492.0,87579.49199999998,87404.508,87492.0,1000.0,0,0
2025-12-27 15:27:54.180538+00:00,87492.0,87579.49199999998,87404.508,87492.0,1000.0,0,0
2025-12-27 15:27:54.180913+00:00,87492.0,87579.49199999998,87404.508,87492.0,1000.0,0,0
2025-12-27 15:28:54.974957+00:00,87481.8,87569.2818,87394.31820000001,87481.8,1000.0,0,0
2025-12-27 15:28:54.975332+00:00,87481.8,87569.2818,87394.31820000001,87481.8,1000.0,0,0
2025-12-27 15:29:55.536678+00:00,87493.0,87580.49299999999,87405.507,87493.0,1000.0,0,0
2025-12-27 15:29:55.536953+00:00,87493.0,87580.49299999999,87405.507,87493.0,1000.0,0,0
2025-12-27 15:30:56.619558+00:00,87510.1,87597.61009999999,87422.5899,87510.1,1000.0,0,0
2025-12-27 15:30:56.620404+00:00,87510.1,87597.61009999999,87422.5899,87510.1,1000.0,0,0
2025-12-27 15:31:57.657487+00:00,87524.1,87611.6241,87436.57590000001,87524.1,1000.0,0,0
2025-12-27 15:31:57.657863+00:00,87524.1,87611.6241,87436.57590000001,87524.1,1000.0,0,0
2025-12-27 15:32:58.196340+00:00,87521.0,87608.521,87433.479,87521.0,1000.0,0,0
2025-12-27 15:32:58.196603+00:00,87521.0,87608.521,87433.479,87521.0,1000.0,0,0
2025-12-27 15:33:58.387866+00:00,87526.8,87614.3268,87439.2732,87526.8,1000.0,0,0
2025-12-27 15:33:58.388176+00:00,87526.8,87614.3268,87439.2732,87526.8,1000.0,0,0
2025-12-27 15:34:58.682817+00:00,87530.6,87618.13059999999,87443.06940000001,87530.6,1000.0,0,0
2025-12-27 15:34:58.683080+00:00,87530.6,87618.13059999999,87443.06940000001,87530.6,1000.0,0,0
2025-12-27 15:35:59.006375+00:00,87530.6,87618.13059999999,87443.06940000001,87530.6,1000.0,0,0
2025-12-27 15:35:59.006616+00:00,87530.6,87618.13059999999,87443.06940000001,87530.6,1000.0,0,0
2025-12-27 15:36:59.276127+00:00,87525.9,87613.42589999999,87438.3741,87525.9,1000.0,0,0
2025-12-27 15:36:59.276520+00:00,87525.9,87613.42589999999,87438.3741,87525.9,1000.0,0,0
2025-12-27 15:37:59.550329+00:00,87530.0,87617.52999999998,87442.47,87530.0,1000.0,0,0
2025-12-27 15:37:59.550606+00:00,87530.0,87617.52999999998,87442.47,87530.0,1000.0,0,0
2025-12-27 15:38:59.732329+00:00,87530.1,87617.6301,87442.5699,87530.1,1000.0,0,0
2025-12-27 15:38:59.732595+00:00,87530.1,87617.6301,87442.5699,87530.1,1000.0,0,0
2025-12-27 15:40:00.209237+00:00,87541.8,87629.3418,87454.2582,87541.8,1000.0,0,0
2025-12-27 15:40:00.209522+00:00,87541.8,87629.3418,87454.2582,87541.8,1000.0,0,0
2025-12-27 15:41:01.030501+00:00,87534.7,87622.23469999999,87447.1653,87534.7,1000.0,0,0
2025-12-27 15:41:01.030863+00:00,87534.7,87622.23469999999,87447.1653,87534.7,1000.0,0,0
2025-12-27 15:42:01.625372+00:00,87534.7,87622.23469999999,87447.1653,87534.7,1000.0,0,0
2025-12-27 15:42:01.629411+00:00,87534.7,87622.23469999999,87447.1653,87534.7,1000.0,0,0
2025-12-27 15:43:02.462841+00:00,87534.8,87622.3348,87447.26520000001,87534.8,1000.0,0,0
2025-12-27 15:43:02.463148+00:00,87534.8,87622.3348,87447.26520000001,87534.8,1000.0,0,0
2025-12-27 15:44:02.685805+00:00,87551.5,87639.05149999999,87463.9485,87551.5,1000.0,0,0
2025-12-27 15:44:02.686088+00:00,87551.5,87639.05149999999,87463.9485,87551.5,1000.0,0,0
2025-12-27 15:45:03.138296+00:00,87551.6,87639.1516,87464.0484,87551.6,1000.0,0,0
2025-12-27 15:45:03.138695+00:00,87551.6,87639.1516,87464.0484,87551.6,1000.0,0,0
2025-12-27 15:46:03.544597+00:00,87553.9,87641.45389999998,87466.3461,87553.9,1000.0,0,0
2025-12-27 15:46:03.545257+00:00,87553.9,87641.45389999998,87466.3461,87553.9,1000.0,0,0
2025-12-27 15:47:03.748906+00:00,87549.5,87637.0495,87461.9505,87549.5,1000.0,0,0
2025-12-27 15:47:03.749309+00:00,87549.5,87637.0495,87461.9505,87549.5,1000.0,0,0
2025-12-27 15:48:03.766832+00:00,87544.7,87632.24469999998,87457.1553,87544.7,1000.0,0,0
2025-12-27 15:48:03.767138+00:00,87544.7,87632.24469999998,87457.1553,87544.7,1000.0,0,0
2025-12-27 15:49:05.248750+00:00,87534.2,87621.73419999999,87446.6658,87534.2,1000.0,0,0
2025-12-27 15:49:05.248997+00:00,87534.2,87621.73419999999,87446.6658,87534.2,1000.0,0,0
2025-12-27 15:50:05.364918+00:00,87537.4,87624.93739999998,87449.8626,87537.4,1000.0,0,0
2025-12-27 15:50:05.365206+00:00,87537.4,87624.93739999998,87449.8626,87537.4,1000.0,0,0
2025-12-27 15:51:06.076556+00:00,87539.4,87626.93939999999,87451.8606,87539.4,1000.0,0,0
2025-12-27 15:51:06.076956+00:00,87539.4,87626.93939999999,87451.8606,87539.4,1000.0,0,0
2025-12-27 15:52:05.950696+00:00,87521.4,87608.92139999998,87433.8786,87521.4,1000.0,0,0
2025-12-27 15:52:05.951117+00:00,87521.4,87608.92139999998,87433.8786,87521.4,1000.0,0,0
2025-12-27 15:53:06.537999+00:00,87525.5,87613.02549999999,87437.9745,87525.5,1000.0,0,0
2025-12-27 15:53:06.538443+00:00,87525.5,87613.02549999999,87437.9745,87525.5,1000.0,0,0
2025-12-27 15:54:07.449359+00:00,87525.4,87612.92539999998,87437.8746,87525.4,1000.0,0,0
2025-12-27 15:54:07.449626+00:00,87525.4,87612.92539999998,87437.8746,87525.4,1000.0,0,0
2025-12-27 15:55:08.848569+00:00,87525.4,87612.92539999998,87437.8746,87525.4,1000.0,0,0
2025-12-27 15:55:08.848852+00:00,87525.4,87612.92539999998,87437.8746,87525.4,1000.0,0,0
2025-12-27 15:56:09.447278+00:00,87525.5,87613.02549999999,87437.9745,87525.5,1000.0,0,0
2025-12-27 15:56:09.447641+00:00,87525.5,87613.02549999999,87437.9745,87525.5,1000.0,0,0
2025-12-27 15:57:09.930377+00:00,87525.5,87613.02549999999,87437.9745,87525.5,1000.0,0,0
2025-12-27 15:57:09.930708+00:00,87525.5,87613.02549999999,87437.9745,87525.5,1000.0,0,0
2025-12-27 15:58:10.174398+00:00,87525.5,87613.02549999999,87437.9745,87525.5,1000.0,0,0
2025-12-27 15:58:10.174661+00:00,87525.5,87613.02549999999,87437.9745,87525.5,1000.0,0,0
2025-12-27 15:59:10.508030+00:00,87494.9,87582.39489999998,87407.40509999999,87494.9,1000.0,0,0
2025-12-27 15:59:10.508428+00:00,87494.9,87582.39489999998,87407.40509999999,87494.9,1000.0,0,0
2025-12-27 16:00:11.012452+00:00,87513.0,87600.51299999999,87425.487,87513.0,1000.0,0,0
2025-12-27 16:00:11.012886+00:00,87513.0,87600.51299999999,87425.487,87513.0,1000.0,0,0
2025-12-27 16:01:11.352616+00:00,87538.9,87626.43889999998,87451.3611,87538.9,1000.0,0,0
2025-12-27 16:01:11.352885+00:00,87538.9,87626.43889999998,87451.3611,87538.9,1000.0,0,0
2025-12-27 16:02:11.834052+00:00,87539.0,87626.53899999999,87451.461,87539.0,1000.0,0,0
2025-12-27 16:02:11.834354+00:00,87539.0,87626.53899999999,87451.461,87539.0,1000.0,0,0
2025-12-27 16:03:15.018857+00:00,87520.0,87607.51999999999,87432.48,87520.0,1000.0,0,0
2025-12-27 16:03:15.019265+00:00,87520.0,87607.51999999999,87432.48,87520.0,1000.0,0,0
2025-12-27 16:04:15.386639+00:00,87533.3,87620.8333,87445.76670000001,87533.3,1000.0,0,0
2025-12-27 16:04:15.386911+00:00,87533.3,87620.8333,87445.76670000001,87533.3,1000.0,0,0
2025-12-27 16:05:16.935817+00:00,87513.2,87600.71319999998,87425.6868,87513.2,1000.0,0,0
2025-12-27 16:05:16.936291+00:00,87513.2,87600.71319999998,87425.6868,87513.2,1000.0,0,0
2025-12-27 16:06:18.045358+00:00,87513.2,87600.71319999998,87425.6868,87513.2,1000.0,0,0
2025-12-27 16:06:18.045916+00:00,87513.2,87600.71319999998,87425.6868,87513.2,1000.0,0,0
2025-12-27 16:07:18.101292+00:00,87500.1,87587.6001,87412.5999,87500.1,1000.0,0,0
2025-12-27 16:07:18.101764+00:00,87500.1,87587.6001,87412.5999,87500.1,1000.0,0,0
2025-12-27 16:08:19.478169+00:00,87493.5,87580.9935,87406.0065,87493.5,1000.0,0,0
2025-12-27 16:08:19.478586+00:00,87493.5,87580.9935,87406.0065,87493.5,1000.0,0,0
2025-12-27 16:09:20.023041+00:00,87493.5,87580.9935,87406.0065,87493.5,1000.0,0,0
2025-12-27 16:09:20.023397+00:00,87493.5,87580.9935,87406.0065,87493.5,1000.0,0,0
2025-12-27 16:10:20.239910+00:00,87468.7,87556.1687,87381.2313,87468.7,1000.0,0,0
2025-12-27 16:10:20.240271+00:00,87468.7,87556.1687,87381.2313,87468.7,1000.0,0,0
2025-12-27 16:11:21.163402+00:00,87468.8,87556.26879999999,87381.3312,87468.8,1000.0,0,1
2025-12-27 16:11:21.163839+00:00,87468.8,87556.26879999999,87381.3312,87468.8,1000.0,0,0
2025-12-27 16:12:22.836254+00:00,87490.7,87578.19069999999,87403.2093,87490.7,1000.0,1,0
2025-12-27 16:12:22.836743+00:00,87490.7,87578.19069999999,87403.2093,87490.7,1000.0,0,0
2025-12-27 16:13:22.910417+00:00,87486.2,87573.68619999998,87398.7138,87486.2,1000.0,0,0
2025-12-27 16:13:22.910771+00:00,87486.2,87573.68619999998,87398.7138,87486.2,1000.0,0,0
2025-12-27 16:14:23.475270+00:00,87478.5,87565.9785,87391.0215,87478.5,1000.0,0,0
2025-12-27 16:14:23.475603+00:00,87478.5,87565.9785,87391.0215,87478.5,1000.0,0,0
2025-12-27 16:15:23.541825+00:00,87454.9,87542.35489999999,87367.4451,87454.9,1000.0,0,1
2025-12-27 16:15:23.542190+00:00,87454.9,87542.35489999999,87367.4451,87454.9,1000.0,0,0
2025-12-27 16:16:23.637862+00:00,87455.1,87542.5551,87367.6449,87455.1,1000.0,0,0
2025-12-27 16:16:23.638329+00:00,87455.1,87542.5551,87367.6449,87455.1,1000.0,0,0
2025-12-27 16:17:24.482895+00:00,87460.0,87547.45999999999,87372.54,87460.0,1000.0,0,0
2025-12-27 16:17:24.483428+00:00,87460.0,87547.45999999999,87372.54,87460.0,1000.0,0,0
2025-12-27 16:18:24.677814+00:00,87469.4,87556.86939999998,87381.93059999999,87469.4,1000.0,0,0
2025-12-27 16:18:24.678172+00:00,87469.4,87556.86939999998,87381.93059999999,87469.4,1000.0,0,0
2025-12-27 16:19:25.002777+00:00,87477.7,87565.17769999999,87390.2223,87477.7,1000.0,1,0
2025-12-27 16:19:25.003153+00:00,87477.7,87565.17769999999,87390.2223,87477.7,1000.0,0,0
2025-12-27 16:20:25.154104+00:00,87423.4,87510.82339999998,87335.9766,87423.4,1000.0,0,1
2025-12-27 16:20:25.154515+00:00,87423.4,87510.82339999998,87335.9766,87423.4,1000.0,0,0
2025-12-27 16:21:25.245389+00:00,87454.3,87541.7543,87366.8457,87454.3,1000.0,0,0
2025-12-27 16:21:25.245742+00:00,87454.3,87541.7543,87366.8457,87454.3,1000.0,0,0
2025-12-27 16:22:25.348722+00:00,87424.9,87512.32489999998,87337.4751,87424.9,1000.0,0,0
2025-12-27 16:22:25.348997+00:00,87424.9,87512.32489999998,87337.4751,87424.9,1000.0,0,0
2025-12-27 16:23:25.649207+00:00,87440.6,87528.0406,87353.1594,87440.6,1000.0,0,0
2025-12-27 16:23:25.649592+00:00,87440.6,87528.0406,87353.1594,87440.6,1000.0,0,0
2025-12-27 16:24:26.092254+00:00,87449.9,87537.34989999999,87362.45009999999,87449.9,1000.0,0,0
2025-12-27 16:24:26.092587+00:00,87449.9,87537.34989999999,87362.45009999999,87449.9,1000.0,0,0
2025-12-27 16:25:28.010545+00:00,87444.9,87532.34489999998,87357.45509999999,87444.9,1000.0,0,0
2025-12-27 16:25:28.010791+00:00,87444.9,87532.34489999998,87357.45509999999,87444.9,1000.0,0,0
2025-12-27 16:26:28.629268+00:00,87444.9,87532.34489999998,87357.45509999999,87444.9,1000.0,0,0
2025-12-27 16:26:28.629728+00:00,87444.9,87532.34489999998,87357.45509999999,87444.9,1000.0,0,0
2025-12-27 16:27:29.385367+00:00,87444.8,87532.2448,87357.3552,87444.8,1000.0,0,0
2025-12-27 16:27:29.385637+00:00,87444.8,87532.2448,87357.3552,87444.8,1000.0,0,0
2025-12-27 16:28:29.412315+00:00,87399.2,87486.59919999998,87311.8008,87399.2,1000.0,0,0
2025-12-27 16:28:29.412585+00:00,87399.2,87486.59919999998,87311.8008,87399.2,1000.0,0,0
2025-12-27 16:29:29.835656+00:00,87424.0,87511.42399999998,87336.576,87424.0,1000.0,0,0
2025-12-27 16:29:29.836080+00:00,87424.0,87511.42399999998,87336.576,87424.0,1000.0,0,0
2025-12-27 16:30:30.658590+00:00,87455.4,87542.85539999999,87367.94459999999,87455.4,1000.0,0,0
2025-12-27 16:30:30.658941+00:00,87455.4,87542.85539999999,87367.94459999999,87455.4,1000.0,0,0
2025-12-27 16:31:31.081875+00:00,87466.6,87554.06659999999,87379.1334,87466.6,1000.0,0,0
2025-12-27 16:31:31.082240+00:00,87466.6,87554.06659999999,87379.1334,87466.6,1000.0,0,0
2025-12-27 16:32:31.227495+00:00,87466.6,87554.06659999999,87379.1334,87466.6,1000.0,0,0
2025-12-27 16:32:31.227940+00:00,87466.6,87554.06659999999,87379.1334,87466.6,1000.0,0,0
2025-12-27 16:33:31.235899+00:00,87472.5,87559.97249999999,87385.0275,87472.5,1000.0,1,0
2025-12-27 16:33:31.236392+00:00,87472.5,87559.97249999999,87385.0275,87472.5,1000.0,0,0
2025-12-27 16:34:32.083442+00:00,87462.6,87550.06259999999,87375.1374,87462.6,1000.0,0,1
2025-12-27 16:34:32.083766+00:00,87462.6,87550.06259999999,87375.1374,87462.6,1000.0,0,0
2025-12-27 16:35:33.767476+00:00,87470.1,87557.5701,87382.6299,87470.1,1000.0,1,0
2025-12-27 16:35:33.767802+00:00,87470.1,87557.5701,87382.6299,87470.1,1000.0,0,0
2025-12-27 16:36:34.202496+00:00,87470.0,87557.46999999999,87382.53,87470.0,1000.0,0,0
2025-12-27 16:36:34.202932+00:00,87470.0,87557.46999999999,87382.53,87470.0,1000.0,0,0
2025-12-27 16:37:35.991766+00:00,87470.1,87557.5701,87382.6299,87470.1,1000.0,0,0
2025-12-27 16:37:35.992080+00:00,87470.1,87557.5701,87382.6299,87470.1,1000.0,0,0
2025-12-27 16:38:37.040105+00:00,87500.0,87587.49999999999,87412.5,87500.0,1000.0,0,0
2025-12-27 16:38:37.040456+00:00,87500.0,87587.49999999999,87412.5,87500.0,1000.0,0,0
2025-12-27 16:39:37.323917+00:00,87500.3,87587.80029999999,87412.7997,87500.3,1000.0,0,0
2025-12-27 16:39:37.324275+00:00,87500.3,87587.80029999999,87412.7997,87500.3,1000.0,0,0
2025-12-27 16:40:37.409425+00:00,87512.7,87600.21269999999,87425.18729999999,87512.7,1000.0,0,0
2025-12-27 16:40:37.409788+00:00,87512.7,87600.21269999999,87425.18729999999,87512.7,1000.0,0,0
2025-12-27 16:41:37.733783+00:00,87521.6,87609.1216,87434.0784,87521.6,1000.0,0,0
2025-12-27 16:41:37.734226+00:00,87521.6,87609.1216,87434.0784,87521.6,1000.0,0,0
2025-12-27 16:42:38.084964+00:00,87496.3,87583.79629999999,87408.8037,87496.3,1000.0,0,0
2025-12-27 16:42:38.085308+00:00,87496.3,87583.79629999999,87408.8037,87496.3,1000.0,0,0
2025-12-27 16:43:38.987301+00:00,87503.2,87590.70319999999,87415.69679999999,87503.2,1000.0,0,0
2025-12-27 16:43:38.987755+00:00,87503.2,87590.70319999999,87415.69679999999,87503.2,1000.0,0,0
2025-12-27 16:44:39.469789+00:00,87494.2,87581.69419999998,87406.7058,87494.2,1000.0,0,0
2025-12-27 16:44:39.470124+00:00,87494.2,87581.69419999998,87406.7058,87494.2,1000.0,0,0
2025-12-27 16:45:42.092481+00:00,87498.5,87585.99849999999,87411.0015,87498.5,1000.0,0,0
2025-12-27 16:45:42.092816+00:00,87498.5,87585.99849999999,87411.0015,87498.5,1000.0,0,0
2025-12-27 16:46:42.133530+00:00,87498.5,87585.99849999999,87411.0015,87498.5,1000.0,0,0
2025-12-27 16:46:42.133977+00:00,87498.5,87585.99849999999,87411.0015,87498.5,1000.0,0,0
2025-12-27 16:47:42.640142+00:00,87450.0,87537.45,87362.55,87450.0,1000.0,0,1
2025-12-27 16:47:42.640488+00:00,87450.0,87537.45,87362.55,87450.0,1000.0,0,0
2025-12-27 16:48:44.062873+00:00,87485.0,87572.48499999999,87397.515,87485.0,1000.0,1,0
2025-12-27 16:48:44.063268+00:00,87485.0,87572.48499999999,87397.515,87485.0,1000.0,0,0
2025-12-27 16:49:45.593032+00:00,87474.8,87562.2748,87387.3252,87474.8,1000.0,0,0
2025-12-27 16:49:45.594554+00:00,87474.8,87562.2748,87387.3252,87474.8,1000.0,0,0
2025-12-27 16:50:46.837497+00:00,87466.6,87554.06659999999,87379.1334,87466.6,1000.0,0,1
2025-12-27 16:50:46.837875+00:00,87466.6,87554.06659999999,87379.1334,87466.6,1000.0,0,0
2025-12-27 16:51:47.365217+00:00,87472.9,87560.37289999999,87385.4271,87472.9,1000.0,1,0
2025-12-27 16:51:47.365545+00:00,87472.9,87560.37289999999,87385.4271,87472.9,1000.0,0,0
2025-12-27 16:52:48.134170+00:00,87473.0,87560.47299999998,87385.527,87473.0,1000.0,0,0
2025-12-27 16:52:48.134515+00:00,87473.0,87560.47299999998,87385.527,87473.0,1000.0,0,0
2025-12-27 16:53:49.514403+00:00,87472.9,87560.37289999999,87385.4271,87472.9,1000.0,0,0
2025-12-27 16:53:49.514745+00:00,87472.9,87560.37289999999,87385.4271,87472.9,1000.0,0,0
2025-12-27 16:54:50.735199+00:00,87451.5,87538.9515,87364.0485,87451.5,1000.0,0,1
2025-12-27 16:54:50.735533+00:00,87451.5,87538.9515,87364.0485,87451.5,1000.0,0,0
2025-12-27 16:55:51.366204+00:00,87465.1,87552.56509999999,87377.6349,87465.1,1000.0,0,0
2025-12-27 16:55:51.366556+00:00,87465.1,87552.56509999999,87377.6349,87465.1,1000.0,0,0
2025-12-27 16:56:51.909488+00:00,87451.2,87538.6512,87363.7488,87451.2,1000.0,0,0
2025-12-27 16:56:51.909861+00:00,87451.2,87538.6512,87363.7488,87451.2,1000.0,0,0
2025-12-27 16:57:52.165885+00:00,87445.3,87532.7453,87357.8547,87445.3,1000.0,0,0
2025-12-27 16:57:52.166328+00:00,87445.3,87532.7453,87357.8547,87445.3,1000.0,0,0
2025-12-27 16:58:52.486424+00:00,87449.9,87537.34989999999,87362.45009999999,87449.9,1000.0,0,0
2025-12-27 16:58:52.486810+00:00,87449.9,87537.34989999999,87362.45009999999,87449.9,1000.0,0,0
2025-12-27 16:59:52.638602+00:00,87454.2,87541.65419999999,87366.7458,87454.2,1000.0,0,0
2025-12-27 16:59:52.639029+00:00,87454.2,87541.65419999999,87366.7458,87454.2,1000.0,0,0
2025-12-27 17:00:53.002804+00:00,87461.8,87549.2618,87374.3382,87461.8,1000.0,0,0
2025-12-27 17:00:53.003253+00:00,87461.8,87549.2618,87374.3382,87461.8,1000.0,0,0
2025-12-27 17:01:55.095015+00:00,87460.2,87547.66019999998,87372.7398,87460.2,1000.0,0,0
2025-12-27 17:01:55.095377+00:00,87460.2,87547.66019999998,87372.7398,87460.2,1000.0,0,0
2025-12-27 17:02:55.166812+00:00,87460.2,87547.66019999998,87372.7398,87460.2,1000.0,0,0
2025-12-27 17:02:55.167181+00:00,87460.2,87547.66019999998,87372.7398,87460.2,1000.0,0,0
2025-12-27 17:03:55.201960+00:00,87460.2,87547.66019999998,87372.7398,87460.2,1000.0,0,0
2025-12-27 17:03:55.202419+00:00,87460.2,87547.66019999998,87372.7398,87460.2,1000.0,0,0
2025-12-27 17:04:56.051210+00:00,87455.2,87542.6552,87367.7448,87455.2,1000.0,0,0
2025-12-27 17:04:56.051611+00:00,87455.2,87542.6552,87367.7448,87455.2,1000.0,0,0
2025-12-27 17:05:56.109930+00:00,87463.7,87551.16369999999,87376.2363,87463.7,1000.0,0,0
2025-12-27 17:05:56.110289+00:00,87463.7,87551.16369999999,87376.2363,87463.7,1000.0,0,0
2025-12-27 17:06:56.351799+00:00,87467.4,87554.86739999999,87379.9326,87467.4,1000.0,0,0
2025-12-27 17:06:56.352208+00:00,87467.4,87554.86739999999,87379.9326,87467.4,1000.0,0,0
2025-12-27 17:07:57.081670+00:00,87460.9,87548.36089999999,87373.43909999999,87460.9,1000.0,0,0
2025-12-27 17:07:57.082025+00:00,87460.9,87548.36089999999,87373.43909999999,87460.9,1000.0,0,0
2025-12-27 17:08:57.328814+00:00,87467.8,87555.26779999999,87380.3322,87467.8,1000.0,0,0
2025-12-27 17:08:57.329173+00:00,87467.8,87555.26779999999,87380.3322,87467.8,1000.0,0,0
2025-12-27 17:09:57.606785+00:00,87426.0,87513.42599999999,87338.574,87426.0,1000.0,0,0
2025-12-27 17:09:57.607056+00:00,87426.0,87513.42599999999,87338.574,87426.0,1000.0,0,0
2025-12-27 17:10:58.259643+00:00,87446.5,87533.94649999999,87359.0535,87446.5,1000.0,0,0
2025-12-27 17:10:58.260140+00:00,87446.5,87533.94649999999,87359.0535,87446.5,1000.0,0,0
2025-12-27 17:11:58.626997+00:00,87436.5,87523.9365,87349.0635,87436.5,1000.0,0,0
2025-12-27 17:11:58.627771+00:00,87436.5,87523.9365,87349.0635,87436.5,1000.0,0,0
2025-12-27 17:12:59.488474+00:00,87449.1,87536.54909999999,87361.65090000001,87449.1,1000.0,0,0
2025-12-27 17:12:59.488962+00:00,87449.1,87536.54909999999,87361.65090000001,87449.1,1000.0,0,0
2025-12-27 17:13:59.820385+00:00,87452.9,87540.35289999998,87365.44709999999,87452.9,1000.0,0,0
2025-12-27 17:13:59.820716+00:00,87452.9,87540.35289999998,87365.44709999999,87452.9,1000.0,0,0
2025-12-27 17:15:00.317746+00:00,87477.2,87564.67719999999,87389.7228,87477.2,1000.0,1,0
2025-12-27 17:15:00.318238+00:00,87477.2,87564.67719999999,87389.7228,87477.2,1000.0,0,0
2025-12-27 17:16:00.530290+00:00,87477.2,87564.67719999999,87389.7228,87477.2,1000.0,0,0
2025-12-27 17:16:00.530628+00:00,87477.2,87564.67719999999,87389.7228,87477.2,1000.0,0,0
2025-12-27 17:17:00.835462+00:00,87481.6,87569.08159999999,87394.1184,87481.6,1000.0,0,0
2025-12-27 17:17:00.835803+00:00,87481.6,87569.08159999999,87394.1184,87481.6,1000.0,0,0
2025-12-27 17:18:01.226706+00:00,87481.5,87568.9815,87394.0185,87481.5,1000.0,0,0
2025-12-27 17:18:01.227173+00:00,87481.5,87568.9815,87394.0185,87481.5,1000.0,0,0
2025-12-27 17:19:01.541667+00:00,87452.7,87540.15269999999,87365.2473,87452.7,1000.0,0,1
2025-12-27 17:19:01.542180+00:00,87452.7,87540.15269999999,87365.2473,87452.7,1000.0,0,0
2025-12-27 17:20:01.695655+00:00,87453.2,87540.65319999999,87365.7468,87453.2,1000.0,0,0
2025-12-27 17:20:01.696135+00:00,87453.2,87540.65319999999,87365.7468,87453.2,1000.0,0,0
2025-12-27 17:21:02.135421+00:00,87479.8,87567.27979999999,87392.3202,87479.8,1000.0,1,0
2025-12-27 17:21:02.135779+00:00,87479.8,87567.27979999999,87392.3202,87479.8,1000.0,0,0
2025-12-27 17:22:02.781929+00:00,87479.8,87567.27979999999,87392.3202,87479.8,1000.0,0,0
2025-12-27 17:22:02.782314+00:00,87479.8,87567.27979999999,87392.3202,87479.8,1000.0,0,0
2025-12-27 17:23:03.119536+00:00,87478.9,87566.37889999998,87391.42109999999,87478.9,1000.0,0,0
2025-12-27 17:23:03.120010+00:00,87478.9,87566.37889999998,87391.42109999999,87478.9,1000.0,0,0
2025-12-27 17:24:03.127735+00:00,87488.8,87576.2888,87401.3112,87488.8,1000.0,0,0
2025-12-27 17:24:03.128184+00:00,87488.8,87576.2888,87401.3112,87488.8,1000.0,0,0
2025-12-27 17:25:03.538747+00:00,87496.1,87583.5961,87408.6039,87496.1,1000.0,0,0
2025-12-27 17:25:03.539221+00:00,87496.1,87583.5961,87408.6039,87496.1,1000.0,0,0
2025-12-27 17:26:03.470646+00:00,87496.1,87583.5961,87408.6039,87496.1,1000.0,0,0
2025-12-27 17:26:03.470986+00:00,87496.1,87583.5961,87408.6039,87496.1,1000.0,0,0
2025-12-27 17:27:03.648245+00:00,87496.0,87583.49599999998,87408.504,87496.0,1000.0,0,0
2025-12-27 17:27:03.648577+00:00,87496.0,87583.49599999998,87408.504,87496.0,1000.0,0,0
2025-12-27 17:28:03.731485+00:00,87482.8,87570.28279999999,87395.3172,87482.8,1000.0,0,0
2025-12-27 17:28:03.731903+00:00,87482.8,87570.28279999999,87395.3172,87482.8,1000.0,0,0
2025-12-27 17:29:03.724807+00:00,87482.9,87570.38289999998,87395.41709999999,87482.9,1000.0,0,0
2025-12-27 17:29:03.725177+00:00,87482.9,87570.38289999998,87395.41709999999,87482.9,1000.0,0,0
2025-12-27 17:30:03.931512+00:00,87492.6,87580.09259999999,87405.10740000001,87492.6,1000.0,0,0
2025-12-27 17:30:03.931965+00:00,87492.6,87580.09259999999,87405.10740000001,87492.6,1000.0,0,0
2025-12-27 17:31:06.264495+00:00,87482.8,87570.28279999999,87395.3172,87482.8,1000.0,0,0
2025-12-27 17:31:06.264996+00:00,87482.8,87570.28279999999,87395.3172,87482.8,1000.0,0,0
2025-12-27 17:32:06.408579+00:00,87482.8,87570.28279999999,87395.3172,87482.8,1000.0,0,0
2025-12-27 17:32:06.408903+00:00,87482.8,87570.28279999999,87395.3172,87482.8,1000.0,0,0
2025-12-27 17:33:06.549771+00:00,87471.1,87558.5711,87383.62890000001,87471.1,1000.0,0,0
2025-12-27 17:33:06.550244+00:00,87471.1,87558.5711,87383.62890000001,87471.1,1000.0,0,0
2025-12-27 17:34:07.523505+00:00,87477.9,87565.37789999998,87390.4221,87477.9,1000.0,0,0
2025-12-27 17:34:07.523833+00:00,87477.9,87565.37789999998,87390.4221,87477.9,1000.0,0,0
2025-12-27 17:35:08.133909+00:00,87470.4,87557.87039999999,87382.92959999999,87470.4,1000.0,0,0
2025-12-27 17:35:08.134267+00:00,87470.4,87557.87039999999,87382.92959999999,87470.4,1000.0,0,0
2025-12-27 17:36:09.291777+00:00,87482.8,87570.28279999999,87395.3172,87482.8,1000.0,0,0
2025-12-27 17:36:09.292257+00:00,87482.8,87570.28279999999,87395.3172,87482.8,1000.0,0,0
2025-12-27 17:37:09.533933+00:00,87497.6,87585.0976,87410.1024,87497.6,1000.0,0,0
2025-12-27 17:37:09.534448+00:00,87497.6,87585.0976,87410.1024,87497.6,1000.0,0,0
2025-12-27 17:38:09.372054+00:00,87497.6,87585.0976,87410.1024,87497.6,1000.0,0,0
2025-12-27 17:38:09.372423+00:00,87497.6,87585.0976,87410.1024,87497.6,1000.0,0,0
2025-12-27 17:39:09.868408+00:00,87492.7,87580.19269999999,87405.2073,87492.7,1000.0,0,0
2025-12-27 17:39:09.868762+00:00,87492.7,87580.19269999999,87405.2073,87492.7,1000.0,0,0
2025-12-27 17:40:10.155643+00:00,87492.7,87580.19269999999,87405.2073,87492.7,1000.0,0,0
2025-12-27 17:40:10.155991+00:00,87492.7,87580.19269999999,87405.2073,87492.7,1000.0,0,0
2025-12-27 17:41:10.180752+00:00,87487.9,87575.38789999999,87400.4121,87487.9,1000.0,0,0
2025-12-27 17:41:10.181084+00:00,87487.9,87575.38789999999,87400.4121,87487.9,1000.0,0,0
2025-12-27 17:42:11.714531+00:00,87488.0,87575.488,87400.512,87488.0,1000.0,0,0
2025-12-27 17:42:11.714922+00:00,87488.0,87575.488,87400.512,87488.0,1000.0,0,0
2025-12-27 17:43:11.742410+00:00,87488.0,87575.488,87400.512,87488.0,1000.0,0,0
2025-12-27 17:43:11.742746+00:00,87488.0,87575.488,87400.512,87488.0,1000.0,0,0
2025-12-27 17:44:11.792982+00:00,87491.1,87578.59109999999,87403.6089,87491.1,1000.0,0,0
2025-12-27 17:44:11.793342+00:00,87491.1,87578.59109999999,87403.6089,87491.1,1000.0,0,0
2025-12-27 17:45:12.435632+00:00,87502.4,87589.90239999999,87414.8976,87502.4,1000.0,0,0
2025-12-27 17:45:12.435960+00:00,87502.4,87589.90239999999,87414.8976,87502.4,1000.0,0,0
2025-12-27 17:46:12.655008+00:00,87505.0,87592.50499999999,87417.495,87505.0,1000.0,0,0
2025-12-27 17:46:12.655465+00:00,87505.0,87592.50499999999,87417.495,87505.0,1000.0,0,0
2025-12-27 17:47:14.079176+00:00,87514.8,87602.3148,87427.2852,87514.8,1000.0,0,0
2025-12-27 17:47:14.079446+00:00,87514.8,87602.3148,87427.2852,87514.8,1000.0,0,0
2025-12-27 17:48:15.136157+00:00,87504.6,87592.10459999999,87417.0954,87504.6,1000.0,0,0
2025-12-27 17:48:15.136508+00:00,87504.6,87592.10459999999,87417.0954,87504.6,1000.0,0,0
2025-12-27 17:49:15.408403+00:00,87518.5,87606.01849999999,87430.9815,87518.5,1000.0,0,0
2025-12-27 17:49:15.408682+00:00,87518.5,87606.01849999999,87430.9815,87518.5,1000.0,0,0
2025-12-27 17:50:16.087865+00:00,87518.5,87606.01849999999,87430.9815,87518.5,1000.0,0,0
2025-12-27 17:50:16.088282+00:00,87518.5,87606.01849999999,87430.9815,87518.5,1000.0,0,0
2025-12-27 17:51:16.098988+00:00,87518.6,87606.1186,87431.08140000001,87518.6,1000.0,0,0
2025-12-27 17:51:16.099271+00:00,87518.6,87606.1186,87431.08140000001,87518.6,1000.0,0,0
2025-12-27 17:52:17.668748+00:00,87518.5,87606.01849999999,87430.9815,87518.5,1000.0,0,0
2025-12-27 17:52:17.669184+00:00,87518.5,87606.01849999999,87430.9815,87518.5,1000.0,0,0
2025-12-27 17:53:17.808586+00:00,87518.6,87606.1186,87431.08140000001,87518.6,1000.0,0,0
2025-12-27 17:53:17.808869+00:00,87518.6,87606.1186,87431.08140000001,87518.6,1000.0,0,0
2025-12-27 17:54:18.295244+00:00,87504.1,87591.6041,87416.5959,87504.1,1000.0,0,0
2025-12-27 17:54:18.295692+00:00,87504.1,87591.6041,87416.5959,87504.1,1000.0,0,0
2025-12-27 17:55:19.106598+00:00,87515.1,87602.6151,87427.5849,87515.1,1000.0,0,0
2025-12-27 17:55:19.106870+00:00,87515.1,87602.6151,87427.5849,87515.1,1000.0,0,0
2025-12-27 17:56:19.441584+00:00,87514.0,87601.514,87426.486,87514.0,1000.0,0,0
2025-12-27 17:56:19.441876+00:00,87514.0,87601.514,87426.486,87514.0,1000.0,0,0
2025-12-27 17:57:19.997744+00:00,87513.9,87601.41389999999,87426.38609999999,87513.9,1000.0,0,0
2025-12-27 17:57:19.998135+00:00,87513.9,87601.41389999999,87426.38609999999,87513.9,1000.0,0,0
2025-12-27 17:58:20.078866+00:00,87520.4,87607.92039999999,87432.8796,87520.4,1000.0,0,0
2025-12-27 17:58:20.079288+00:00,87520.4,87607.92039999999,87432.8796,87520.4,1000.0,0,0
2025-12-27 17:59:20.213296+00:00,87515.4,87602.91539999998,87427.88459999999,87515.4,1000.0,0,0
2025-12-27 17:59:20.213565+00:00,87515.4,87602.91539999998,87427.88459999999,87515.4,1000.0,0,0
2025-12-27 18:00:21.032692+00:00,87528.2,87615.72819999998,87440.6718,87528.2,1000.0,0,0
2025-12-27 18:00:21.033134+00:00,87528.2,87615.72819999998,87440.6718,87528.2,1000.0,0,0
2025-12-27 18:01:21.531318+00:00,87511.8,87599.3118,87424.28820000001,87511.8,1000.0,0,0
2025-12-27 18:01:21.531689+00:00,87511.8,87599.3118,87424.28820000001,87511.8,1000.0,0,0
2025-12-27 18:02:22.390625+00:00,87505.4,87592.90539999999,87417.8946,87505.4,1000.0,0,0
2025-12-27 18:02:22.390942+00:00,87505.4,87592.90539999999,87417.8946,87505.4,1000.0,0,0
2025-12-27 18:03:22.431876+00:00,87512.0,87599.51199999999,87424.488,87512.0,1000.0,0,0
2025-12-27 18:03:22.432273+00:00,87512.0,87599.51199999999,87424.488,87512.0,1000.0,0,0
2025-12-27 18:04:24.049667+00:00,87511.9,87599.41189999998,87424.3881,87511.9,1000.0,0,0
2025-12-27 18:04:24.050066+00:00,87511.9,87599.41189999998,87424.3881,87511.9,1000.0,0,0
2025-12-27 18:05:24.429283+00:00,87508.8,87596.3088,87421.2912,87508.8,1000.0,0,0
2025-12-27 18:05:24.429532+00:00,87508.8,87596.3088,87421.2912,87508.8,1000.0,0,0
2025-12-27 18:06:24.808008+00:00,87493.0,87580.49299999999,87405.507,87493.0,1000.0,0,0
2025-12-27 18:06:24.808369+00:00,87493.0,87580.49299999999,87405.507,87493.0,1000.0,0,0
2025-12-27 18:07:24.987488+00:00,87485.9,87573.38589999998,87398.4141,87485.9,1000.0,0,0
2025-12-27 18:07:24.987986+00:00,87485.9,87573.38589999998,87398.4141,87485.9,1000.0,0,0
2025-12-27 18:08:27.315567+00:00,87484.9,87572.38489999999,87397.4151,87484.9,1000.0,0,0
2025-12-27 18:08:27.316006+00:00,87484.9,87572.38489999999,87397.4151,87484.9,1000.0,0,0
2025-12-27 18:09:28.137656+00:00,87491.2,87578.69119999999,87403.7088,87491.2,1000.0,0,0
2025-12-27 18:09:28.138118+00:00,87491.2,87578.69119999999,87403.7088,87491.2,1000.0,0,0
2025-12-27 18:10:28.275068+00:00,87488.4,87575.88839999998,87400.91159999999,87488.4,1000.0,0,0
2025-12-27 18:10:28.275438+00:00,87488.4,87575.88839999998,87400.91159999999,87488.4,1000.0,0,0
2025-12-27 18:11:31.010196+00:00,87488.4,87575.88839999998,87400.91159999999,87488.4,1000.0,0,0
2025-12-27 18:11:31.010640+00:00,87488.4,87575.88839999998,87400.91159999999,87488.4,1000.0,0,0
2025-12-27 18:12:31.080367+00:00,87488.4,87575.88839999998,87400.91159999999,87488.4,1000.0,0,0
2025-12-27 18:12:31.080764+00:00,87488.4,87575.88839999998,87400.91159999999,87488.4,1000.0,0,0
2025-12-27 18:13:31.539535+00:00,87475.5,87562.97549999999,87388.0245,87475.5,1000.0,0,0
2025-12-27 18:13:31.539966+00:00,87475.5,87562.97549999999,87388.0245,87475.5,1000.0,0,0
2025-12-27 18:14:31.368664+00:00,87479.6,87567.0796,87392.1204,87479.6,1000.0,0,0
2025-12-27 18:14:31.369007+00:00,87479.6,87567.0796,87392.1204,87479.6,1000.0,0,0
2025-12-27 18:15:33.690916+00:00,87474.2,87561.6742,87386.7258,87474.2,1000.0,0,0
2025-12-27 18:15:33.691284+00:00,87474.2,87561.6742,87386.7258,87474.2,1000.0,0,0
2025-12-27 18:16:38.382789+00:00,87470.0,87557.46999999999,87382.53,87470.0,1000.0,0,0
2025-12-27 18:16:38.383135+00:00,87470.0,87557.46999999999,87382.53,87470.0,1000.0,0,0
2025-12-27 18:17:39.779954+00:00,87477.5,87564.9775,87390.0225,87477.5,1000.0,0,0
2025-12-27 18:17:39.780319+00:00,87477.5,87564.9775,87390.0225,87477.5,1000.0,0,0
2025-12-27 18:18:40.371122+00:00,87477.6,87565.07759999999,87390.12240000001,87477.6,1000.0,0,0
2025-12-27 18:18:40.371560+00:00,87477.6,87565.07759999999,87390.12240000001,87477.6,1000.0,0,0
2025-12-27 18:19:40.931842+00:00,87474.0,87561.47399999999,87386.526,87474.0,1000.0,0,0
2025-12-27 18:19:40.932290+00:00,87474.0,87561.47399999999,87386.526,87474.0,1000.0,0,0
2025-12-27 18:20:41.222282+00:00,87464.4,87551.86439999999,87376.9356,87464.4,1000.0,0,1
2025-12-27 18:20:41.222600+00:00,87464.4,87551.86439999999,87376.9356,87464.4,1000.0,0,0
2025-12-27 18:21:41.857261+00:00,87470.2,87557.6702,87382.7298,87470.2,1000.0,1,0
2025-12-27 18:21:41.857728+00:00,87470.2,87557.6702,87382.7298,87470.2,1000.0,0,0
2025-12-27 18:22:42.660681+00:00,87465.7,87553.16569999998,87378.2343,87465.7,1000.0,0,1
2025-12-27 18:22:42.661012+00:00,87465.7,87553.16569999998,87378.2343,87465.7,1000.0,0,0
2025-12-27 18:23:46.379865+00:00,87460.6,87548.0606,87373.1394,87460.6,1000.0,0,0
2025-12-27 18:23:46.380238+00:00,87460.6,87548.0606,87373.1394,87460.6,1000.0,0,0
2025-12-27 18:24:46.826054+00:00,87502.8,87590.30279999999,87415.2972,87502.8,1000.0,1,0
2025-12-27 18:24:46.826415+00:00,87502.8,87590.30279999999,87415.2972,87502.8,1000.0,0,0
2025-12-27 18:25:47.937473+00:00,87495.6,87583.0956,87408.10440000001,87495.6,1000.0,0,0
2025-12-27 18:25:47.937850+00:00,87495.6,87583.0956,87408.10440000001,87495.6,1000.0,0,0
2025-12-27 18:26:50.011422+00:00,87495.5,87582.99549999999,87408.0045,87495.5,1000.0,0,0
2025-12-27 18:26:50.011748+00:00,87495.5,87582.99549999999,87408.0045,87495.5,1000.0,0,0
2025-12-27 18:27:53.027761+00:00,87503.1,87590.6031,87415.5969,87503.1,1000.0,0,0
2025-12-27 18:27:53.028239+00:00,87503.1,87590.6031,87415.5969,87503.1,1000.0,0,0
2025-12-27 18:28:57.191624+00:00,87503.0,87590.503,87415.497,87503.0,1000.0,0,0
2025-12-27 18:28:57.192047+00:00,87503.0,87590.503,87415.497,87503.0,1000.0,0,0
2025-12-27 18:29:57.287785+00:00,87482.0,87569.48199999999,87394.518,87482.0,1000.0,0,0
2025-12-27 18:29:57.288192+00:00,87482.0,87569.48199999999,87394.518,87482.0,1000.0,0,0
2025-12-27 18:30:57.990251+00:00,87493.9,87581.39389999998,87406.4061,87493.9,1000.0,0,0
2025-12-27 18:30:57.990590+00:00,87493.9,87581.39389999998,87406.4061,87493.9,1000.0,0,0
2025-12-27 18:31:58.078026+00:00,87482.1,87569.5821,87394.61790000001,87482.1,1000.0,0,0
2025-12-27 18:31:58.078714+00:00,87482.1,87569.5821,87394.61790000001,87482.1,1000.0,0,0
2025-12-27 18:32:58.891768+00:00,87488.3,87575.7883,87400.8117,87488.3,1000.0,0,0
2025-12-27 18:32:58.892213+00:00,87488.3,87575.7883,87400.8117,87488.3,1000.0,0,0
2025-12-27 18:34:00.317357+00:00,87488.2,87575.68819999999,87400.71179999999,87488.2,1000.0,0,0
2025-12-27 18:34:00.317798+00:00,87488.2,87575.68819999999,87400.71179999999,87488.2,1000.0,0,0
2025-12-27 18:35:01.981938+00:00,87488.2,87575.68819999999,87400.71179999999,87488.2,1000.0,0,0
2025-12-27 18:35:01.982466+00:00,87488.2,87575.68819999999,87400.71179999999,87488.2,1000.0,0,0
2025-12-27 18:36:02.026303+00:00,87484.1,87571.5841,87396.6159,87484.1,1000.0,0,0
2025-12-27 18:36:02.026657+00:00,87484.1,87571.5841,87396.6159,87484.1,1000.0,0,0
2025-12-27 18:37:02.014046+00:00,87493.0,87580.49299999999,87405.507,87493.0,1000.0,0,0
2025-12-27 18:37:02.014408+00:00,87493.0,87580.49299999999,87405.507,87493.0,1000.0,0,0
2025-12-27 18:38:02.174855+00:00,87484.1,87571.5841,87396.6159,87484.1,1000.0,0,0
2025-12-27 18:38:02.175331+00:00,87484.1,87571.5841,87396.6159,87484.1,1000.0,0,0
2025-12-27 18:39:03.018661+00:00,87485.7,87573.18569999999,87398.21429999999,87485.7,1000.0,0,0
2025-12-27 18:39:03.018973+00:00,87485.7,87573.18569999999,87398.21429999999,87485.7,1000.0,0,0
2025-12-27 18:40:03.458856+00:00,87485.7,87573.18569999999,87398.21429999999,87485.7,1000.0,0,0
2025-12-27 18:40:03.459334+00:00,87485.7,87573.18569999999,87398.21429999999,87485.7,1000.0,0,0
2025-12-27 18:41:04.313226+00:00,87485.7,87573.18569999999,87398.21429999999,87485.7,1000.0,0,0
2025-12-27 18:41:04.313585+00:00,87485.7,87573.18569999999,87398.21429999999,87485.7,1000.0,0,0
2025-12-27 18:42:05.267364+00:00,87485.7,87573.18569999999,87398.21429999999,87485.7,1000.0,0,0
2025-12-27 18:42:05.267796+00:00,87485.7,87573.18569999999,87398.21429999999,87485.7,1000.0,0,0
2025-12-27 18:43:06.856452+00:00,87485.8,87573.2858,87398.31420000001,87485.8,1000.0,0,0
2025-12-27 18:43:06.856784+00:00,87485.8,87573.2858,87398.31420000001,87485.8,1000.0,0,0
2025-12-27 18:44:06.871586+00:00,87475.6,87563.0756,87388.1244,87475.6,1000.0,0,0
2025-12-27 18:44:06.871933+00:00,87475.6,87563.0756,87388.1244,87475.6,1000.0,0,0
2025-12-27 18:45:06.954794+00:00,87472.1,87559.57209999999,87384.6279,87472.1,1000.0,0,0
2025-12-27 18:45:06.955269+00:00,87472.1,87559.57209999999,87384.6279,87472.1,1000.0,0,0
2025-12-27 18:46:07.017898+00:00,87472.1,87559.57209999999,87384.6279,87472.1,1000.0,0,0
2025-12-27 18:46:07.018388+00:00,87472.1,87559.57209999999,87384.6279,87472.1,1000.0,0,0
2025-12-27 18:47:07.082646+00:00,87478.1,87565.5781,87390.62190000001,87478.1,1000.0,0,0
2025-12-27 18:47:07.082983+00:00,87478.1,87565.5781,87390.62190000001,87478.1,1000.0,0,0
2025-12-27 18:48:07.341401+00:00,87475.2,87562.67519999998,87387.7248,87475.2,1000.0,0,0
2025-12-27 18:48:07.341871+00:00,87475.2,87562.67519999998,87387.7248,87475.2,1000.0,0,0
2025-12-27 18:49:07.939290+00:00,87475.3,87562.7753,87387.8247,87475.3,1000.0,0,0
2025-12-27 18:49:07.939626+00:00,87475.3,87562.7753,87387.8247,87475.3,1000.0,0,0
2025-12-27 18:50:08.787312+00:00,87420.4,87507.82039999998,87332.97959999999,87420.4,1000.0,0,1
2025-12-27 18:50:08.787588+00:00,87420.4,87507.82039999998,87332.97959999999,87420.4,1000.0,0,0
2025-12-27 18:51:10.213938+00:00,87434.4,87521.83439999998,87346.9656,87434.4,1000.0,0,0
2025-12-27 18:51:10.214360+00:00,87434.4,87521.83439999998,87346.9656,87434.4,1000.0,0,0
2025-12-27 18:52:10.878437+00:00,87430.2,87517.63019999999,87342.7698,87430.2,1000.0,0,0
2025-12-27 18:52:10.878723+00:00,87430.2,87517.63019999999,87342.7698,87430.2,1000.0,0,0
2025-12-27 18:53:10.891586+00:00,87431.2,87518.63119999999,87343.76879999999,87431.2,1000.0,0,0
2025-12-27 18:53:10.891879+00:00,87431.2,87518.63119999999,87343.76879999999,87431.2,1000.0,0,0
2025-12-27 18:54:11.436626+00:00,87434.4,87521.83439999998,87346.9656,87434.4,1000.0,0,0
2025-12-27 18:54:11.437025+00:00,87434.4,87521.83439999998,87346.9656,87434.4,1000.0,0,0
2025-12-27 18:55:12.110630+00:00,87441.3,87528.7413,87353.8587,87441.3,1000.0,0,0
2025-12-27 18:55:12.110984+00:00,87441.3,87528.7413,87353.8587,87441.3,1000.0,0,0
2025-12-27 18:56:12.273671+00:00,87443.2,87530.64319999999,87355.7568,87443.2,1000.0,0,0
2025-12-27 18:56:12.275645+00:00,87443.2,87530.64319999999,87355.7568,87443.2,1000.0,0,0
2025-12-27 18:57:14.941535+00:00,87452.8,87540.25279999999,87365.3472,87452.8,1000.0,0,0
2025-12-27 18:57:14.941882+00:00,87452.8,87540.25279999999,87365.3472,87452.8,1000.0,0,0
2025-12-27 18:58:15.141577+00:00,87452.8,87540.25279999999,87365.3472,87452.8,1000.0,0,0
2025-12-27 18:58:15.141943+00:00,87452.8,87540.25279999999,87365.3472,87452.8,1000.0,0,0
2025-12-27 18:59:15.157805+00:00,87452.8,87540.25279999999,87365.3472,87452.8,1000.0,0,0
2025-12-27 18:59:15.158165+00:00,87452.8,87540.25279999999,87365.3472,87452.8,1000.0,0,0
2025-12-27 19:00:15.410387+00:00,87465.0,87552.465,87377.535,87465.0,1000.0,0,0
2025-12-27 19:00:15.416481+00:00,87465.0,87552.465,87377.535,87465.0,1000.0,0,0
2025-12-27 19:01:15.485278+00:00,87468.2,87555.66819999999,87380.7318,87468.2,1000.0,0,0
2025-12-27 19:01:15.485632+00:00,87468.2,87555.66819999999,87380.7318,87468.2,1000.0,0,0
2025-12-27 19:02:15.674745+00:00,87470.1,87557.5701,87382.6299,87470.1,1000.0,1,0
2025-12-27 19:02:15.675113+00:00,87470.1,87557.5701,87382.6299,87470.1,1000.0,0,0
2025-12-27 19:03:18.090926+00:00,87470.2,87557.6702,87382.7298,87470.2,1000.0,0,0
2025-12-27 19:03:18.091379+00:00,87470.2,87557.6702,87382.7298,87470.2,1000.0,0,0
2025-12-27 19:04:18.441572+00:00,87470.1,87557.5701,87382.6299,87470.1,1000.0,0,0
2025-12-27 19:04:18.441933+00:00,87470.1,87557.5701,87382.6299,87470.1,1000.0,0,0
2025-12-27 19:05:19.114501+00:00,87455.6,87543.05559999999,87368.1444,87455.6,1000.0,0,1
2025-12-27 19:05:19.114849+00:00,87455.6,87543.05559999999,87368.1444,87455.6,1000.0,0,0
2025-12-27 19:06:20.049840+00:00,87481.7,87569.18169999999,87394.2183,87481.7,1000.0,1,0
2025-12-27 19:06:20.050304+00:00,87481.7,87569.18169999999,87394.2183,87481.7,1000.0,0,0
2025-12-27 19:07:20.171467+00:00,87473.1,87560.5731,87385.6269,87473.1,1000.0,0,0
2025-12-27 19:07:20.171908+00:00,87473.1,87560.5731,87385.6269,87473.1,1000.0,0,0
2025-12-27 19:08:22.045950+00:00,87516.1,87603.6161,87428.58390000001,87516.1,1000.0,0,0
2025-12-27 19:08:22.046253+00:00,87516.1,87603.6161,87428.58390000001,87516.1,1000.0,0,0
2025-12-27 19:09:22.766383+00:00,87508.3,87595.80829999999,87420.7917,87508.3,1000.0,0,0
2025-12-27 19:09:22.766708+00:00,87508.3,87595.80829999999,87420.7917,87508.3,1000.0,0,0
2025-12-27 19:10:22.922239+00:00,87503.9,87591.40389999999,87416.3961,87503.9,1000.0,0,0
2025-12-27 19:10:22.922570+00:00,87503.9,87591.40389999999,87416.3961,87503.9,1000.0,0,0
2025-12-27 19:11:23.192902+00:00,87499.6,87587.0996,87412.10040000001,87499.6,1000.0,0,0
2025-12-27 19:11:23.193384+00:00,87499.6,87587.0996,87412.10040000001,87499.6,1000.0,0,0
2025-12-27 19:12:23.216388+00:00,87503.9,87591.40389999999,87416.3961,87503.9,1000.0,0,0
2025-12-27 19:12:23.216857+00:00,87503.9,87591.40389999999,87416.3961,87503.9,1000.0,0,0
2025-12-27 19:13:24.291838+00:00,87514.7,87602.21469999998,87427.1853,87514.7,1000.0,0,0
2025-12-27 19:13:24.292277+00:00,87514.7,87602.21469999998,87427.1853,87514.7,1000.0,0,0
2025-12-27 19:14:26.185297+00:00,87514.7,87602.21469999998,87427.1853,87514.7,1000.0,0,0
2025-12-27 19:14:26.185558+00:00,87514.7,87602.21469999998,87427.1853,87514.7,1000.0,0,0
2025-12-27 19:15:26.301998+00:00,87512.3,87599.81229999999,87424.7877,87512.3,1000.0,0,0
2025-12-27 19:15:26.302485+00:00,87512.3,87599.81229999999,87424.7877,87512.3,1000.0,0,0
2025-12-27 19:16:27.311316+00:00,87513.3,87600.8133,87425.7867,87513.3,1000.0,0,0
2025-12-27 19:16:27.311737+00:00,87513.3,87600.8133,87425.7867,87513.3,1000.0,0,0
2025-12-27 19:17:28.177251+00:00,87506.4,87593.90639999998,87418.8936,87506.4,1000.0,0,0
2025-12-27 19:17:28.177579+00:00,87506.4,87593.90639999998,87418.8936,87506.4,1000.0,0,0
2025-12-27 19:18:28.609664+00:00,87494.5,87581.99449999999,87407.0055,87494.5,1000.0,0,0
2025-12-27 19:18:28.610024+00:00,87494.5,87581.99449999999,87407.0055,87494.5,1000.0,0,0
2025-12-27 19:19:29.262306+00:00,87492.3,87579.79229999999,87404.8077,87492.3,1000.0,0,0
2025-12-27 19:19:29.262759+00:00,87492.3,87579.79229999999,87404.8077,87492.3,1000.0,0,0
2025-12-27 19:20:29.850672+00:00,87490.1,87577.5901,87402.60990000001,87490.1,1000.0,0,0
2025-12-27 19:20:29.851011+00:00,87490.1,87577.5901,87402.60990000001,87490.1,1000.0,0,0
2025-12-27 19:21:30.171837+00:00,87499.3,87586.7993,87411.8007,87499.3,1000.0,0,0
2025-12-27 19:21:30.172206+00:00,87499.3,87586.7993,87411.8007,87499.3,1000.0,0,0
2025-12-27 19:22:31.493212+00:00,87499.4,87586.89939999998,87411.9006,87499.4,1000.0,0,0
2025-12-27 19:22:31.493622+00:00,87499.4,87586.89939999998,87411.9006,87499.4,1000.0,0,0
2025-12-27 19:23:32.163058+00:00,87509.2,87596.70919999998,87421.6908,87509.2,1000.0,0,0
2025-12-27 19:23:32.163517+00:00,87509.2,87596.70919999998,87421.6908,87509.2,1000.0,0,0
2025-12-27 19:24:32.186808+00:00,87519.6,87607.11959999999,87432.0804,87519.6,1000.0,0,0
2025-12-27 19:24:32.187226+00:00,87519.6,87607.11959999999,87432.0804,87519.6,1000.0,0,0
2025-12-27 19:25:32.604325+00:00,87511.6,87599.11159999999,87424.08840000001,87511.6,1000.0,0,0
2025-12-27 19:25:32.604658+00:00,87511.6,87599.11159999999,87424.08840000001,87511.6,1000.0,0,0
2025-12-27 19:26:32.906667+00:00,87511.7,87599.21169999999,87424.1883,87511.7,1000.0,0,0
2025-12-27 19:26:32.907000+00:00,87511.7,87599.21169999999,87424.1883,87511.7,1000.0,0,0
2025-12-27 19:27:33.158774+00:00,87511.6,87599.11159999999,87424.08840000001,87511.6,1000.0,0,0
2025-12-27 19:27:33.159212+00:00,87511.6,87599.11159999999,87424.08840000001,87511.6,1000.0,0,0
2025-12-27 19:28:33.205366+00:00,87507.4,87594.90739999998,87419.89259999999,87507.4,1000.0,0,0
2025-12-27 19:28:33.205820+00:00,87507.4,87594.90739999998,87419.89259999999,87507.4,1000.0,0,0
2025-12-27 19:29:33.203641+00:00,87507.4,87594.90739999998,87419.89259999999,87507.4,1000.0,0,0
2025-12-27 19:29:33.203973+00:00,87507.4,87594.90739999998,87419.89259999999,87507.4,1000.0,0,0
2025-12-27 19:30:35.918619+00:00,87507.5,87595.00749999999,87419.9925,87507.5,1000.0,0,0
2025-12-27 19:30:35.918950+00:00,87507.5,87595.00749999999,87419.9925,87507.5,1000.0,0,0
2025-12-27 19:31:36.236778+00:00,87515.0,87602.51499999998,87427.485,87515.0,1000.0,0,0
2025-12-27 19:31:36.237212+00:00,87515.0,87602.51499999998,87427.485,87515.0,1000.0,0,0
2025-12-27 19:32:38.004413+00:00,87515.1,87602.6151,87427.5849,87515.1,1000.0,0,0
2025-12-27 19:32:38.004702+00:00,87515.1,87602.6151,87427.5849,87515.1,1000.0,0,0
2025-12-27 19:33:38.231918+00:00,87508.9,87596.40889999998,87421.3911,87508.9,1000.0,0,0
2025-12-27 19:33:38.232279+00:00,87508.9,87596.40889999998,87421.3911,87508.9,1000.0,0,0
2025-12-27 19:34:38.673271+00:00,87509.0,87596.50899999999,87421.491,87509.0,1000.0,0,0
2025-12-27 19:34:38.673601+00:00,87509.0,87596.50899999999,87421.491,87509.0,1000.0,0,0
2025-12-27 19:35:39.131056+00:00,87507.2,87594.70719999999,87419.69279999999,87507.2,1000.0,0,0
2025-12-27 19:35:39.131575+00:00,87507.2,87594.70719999999,87419.69279999999,87507.2,1000.0,0,0
2025-12-27 19:36:39.253985+00:00,87519.5,87607.0195,87431.9805,87519.5,1000.0,0,0
2025-12-27 19:36:39.254277+00:00,87519.5,87607.0195,87431.9805,87519.5,1000.0,0,0
2025-12-27 19:37:40.142542+00:00,87515.1,87602.6151,87427.5849,87515.1,1000.0,0,0
2025-12-27 19:37:40.142811+00:00,87515.1,87602.6151,87427.5849,87515.1,1000.0,0,0
2025-12-27 19:38:40.865644+00:00,87498.7,87586.1987,87411.2013,87498.7,1000.0,0,0
2025-12-27 19:38:40.866041+00:00,87498.7,87586.1987,87411.2013,87498.7,1000.0,0,0
2025-12-27 19:39:41.218003+00:00,87505.3,87592.80529999999,87417.7947,87505.3,1000.0,0,0
2025-12-27 19:39:41.218348+00:00,87505.3,87592.80529999999,87417.7947,87505.3,1000.0,0,0
2025-12-27 19:40:41.817759+00:00,87510.0,87597.51,87422.49,87510.0,1000.0,0,0
2025-12-27 19:40:41.818204+00:00,87510.0,87597.51,87422.49,87510.0,1000.0,0,0
2025-12-27 19:41:43.450309+00:00,87510.0,87597.51,87422.49,87510.0,1000.0,0,0
2025-12-27 19:41:43.450703+00:00,87510.0,87597.51,87422.49,87510.0,1000.0,0,0
2025-12-27 19:42:43.852959+00:00,87498.6,87586.0986,87411.1014,87498.6,1000.0,0,0
2025-12-27 19:42:43.853332+00:00,87498.6,87586.0986,87411.1014,87498.6,1000.0,0,0
2025-12-27 19:43:45.077913+00:00,87498.7,87586.1987,87411.2013,87498.7,1000.0,0,0
2025-12-27 19:43:45.078254+00:00,87498.7,87586.1987,87411.2013,87498.7,1000.0,0,0
2025-12-27 19:44:45.234819+00:00,87498.6,87586.0986,87411.1014,87498.6,1000.0,0,0
2025-12-27 19:44:45.235179+00:00,87498.6,87586.0986,87411.1014,87498.6,1000.0,0,0
2025-12-27 19:45:45.714841+00:00,87498.7,87586.1987,87411.2013,87498.7,1000.0,0,0
2025-12-27 19:45:45.715318+00:00,87498.7,87586.1987,87411.2013,87498.7,1000.0,0,0
2025-12-27 19:46:48.404481+00:00,87505.1,87592.6051,87417.59490000001,87505.1,1000.0,0,0
2025-12-27 19:46:48.404818+00:00,87505.1,87592.6051,87417.59490000001,87505.1,1000.0,0,0
2025-12-27 19:47:49.844632+00:00,87505.2,87592.70519999998,87417.6948,87505.2,1000.0,0,0
2025-12-27 19:47:49.845061+00:00,87505.2,87592.70519999998,87417.6948,87505.2,1000.0,0,0
2025-12-27 19:48:50.534150+00:00,87505.1,87592.6051,87417.59490000001,87505.1,1000.0,0,0
2025-12-27 19:48:50.534656+00:00,87505.1,87592.6051,87417.59490000001,87505.1,1000.0,0,0
2025-12-27 19:49:51.978752+00:00,87527.2,87614.7272,87439.6728,87527.2,1000.0,0,0
2025-12-27 19:49:51.979224+00:00,87527.2,87614.7272,87439.6728,87527.2,1000.0,0,0
2025-12-27 19:50:52.215381+00:00,87534.0,87621.53399999999,87446.466,87534.0,1000.0,0,0
2025-12-27 19:50:52.215654+00:00,87534.0,87621.53399999999,87446.466,87534.0,1000.0,0,0
2025-12-27 19:51:52.835329+00:00,87534.0,87621.53399999999,87446.466,87534.0,1000.0,0,0
2025-12-27 19:51:52.835596+00:00,87534.0,87621.53399999999,87446.466,87534.0,1000.0,0,0
2025-12-27 19:52:52.853072+00:00,87522.8,87610.3228,87435.2772,87522.8,1000.0,0,0
2025-12-27 19:52:52.853485+00:00,87522.8,87610.3228,87435.2772,87522.8,1000.0,0,0
2025-12-27 19:53:53.744527+00:00,87520.7,87608.22069999999,87433.1793,87520.7,1000.0,0,0
2025-12-27 19:53:53.744919+00:00,87520.7,87608.22069999999,87433.1793,87520.7,1000.0,0,0
2025-12-27 19:54:57.007233+00:00,87527.2,87614.7272,87439.6728,87527.2,1000.0,0,0
2025-12-27 19:54:57.007501+00:00,87527.2,87614.7272,87439.6728,87527.2,1000.0,0,0
2025-12-27 19:55:57.546675+00:00,87527.1,87614.6271,87439.5729,87527.1,1000.0,0,0
2025-12-27 19:55:57.546939+00:00,87527.1,87614.6271,87439.5729,87527.1,1000.0,0,0
2025-12-27 19:57:00.528144+00:00,87522.3,87609.8223,87434.7777,87522.3,1000.0,0,0
2025-12-27 19:57:00.528527+00:00,87522.3,87609.8223,87434.7777,87522.3,1000.0,0,0
2025-12-27 19:58:01.840480+00:00,87522.4,87609.92239999998,87434.87759999999,87522.4,1000.0,0,0
2025-12-27 19:58:01.841304+00:00,87522.4,87609.92239999998,87434.87759999999,87522.4,1000.0,0,0
2025-12-27 19:59:02.519201+00:00,87522.3,87609.8223,87434.7777,87522.3,1000.0,0,0
2025-12-27 19:59:02.519474+00:00,87522.3,87609.8223,87434.7777,87522.3,1000.0,0,0
2025-12-27 20:00:03.368770+00:00,87522.4,87609.92239999998,87434.87759999999,87522.4,1000.0,0,0
2025-12-27 20:00:03.369218+00:00,87522.4,87609.92239999998,87434.87759999999,87522.4,1000.0,0,0
2025-12-27 20:01:02.955996+00:00,87535.0,87622.53499999999,87447.465,87535.0,1000.0,0,0
2025-12-27 20:01:02.956305+00:00,87535.0,87622.53499999999,87447.465,87535.0,1000.0,0,0
2025-12-27 20:02:03.809813+00:00,87534.9,87622.43489999998,87447.3651,87534.9,1000.0,0,0
2025-12-27 20:02:03.810209+00:00,87534.9,87622.43489999998,87447.3651,87534.9,1000.0,0,0
2025-12-27 20:03:04.092202+00:00,87535.0,87622.53499999999,87447.465,87535.0,1000.0,0,0
2025-12-27 20:03:04.092588+00:00,87535.0,87622.53499999999,87447.465,87535.0,1000.0,0,0
2025-12-27 20:04:04.614309+00:00,87535.0,87622.53499999999,87447.465,87535.0,1000.0,0,0
2025-12-27 20:04:04.614711+00:00,87535.0,87622.53499999999,87447.465,87535.0,1000.0,0,0
2025-12-27 20:05:05.073841+00:00,87550.0,87637.54999999999,87462.45,87550.0,1000.0,0,0
2025-12-27 20:05:05.074272+00:00,87550.0,87637.54999999999,87462.45,87550.0,1000.0,0,0
2025-12-27 20:06:05.359018+00:00,87550.0,87637.54999999999,87462.45,87550.0,1000.0,0,0
2025-12-27 20:06:05.359315+00:00,87550.0,87637.54999999999,87462.45,87550.0,1000.0,0,0
2025-12-27 20:07:05.421216+00:00,87555.0,87642.555,87467.445,87555.0,1000.0,0,0
2025-12-27 20:07:05.421480+00:00,87555.0,87642.555,87467.445,87555.0,1000.0,0,0
2025-12-27 20:08:05.471505+00:00,87550.0,87637.54999999999,87462.45,87550.0,1000.0,0,0
2025-12-27 20:08:05.471879+00:00,87550.0,87637.54999999999,87462.45,87550.0,1000.0,0,0
2025-12-27 20:09:06.398307+00:00,87554.6,87642.1546,87467.0454,87554.6,1000.0,0,0
2025-12-27 20:09:06.398818+00:00,87554.6,87642.1546,87467.0454,87554.6,1000.0,0,0
2025-12-27 20:10:06.600196+00:00,87562.7,87650.26269999999,87475.1373,87562.7,1000.0,0,0
2025-12-27 20:10:06.600542+00:00,87562.7,87650.26269999999,87475.1373,87562.7,1000.0,0,0
2025-12-27 20:11:07.225881+00:00,87547.2,87634.74719999998,87459.6528,87547.2,1000.0,0,0
2025-12-27 20:11:07.226226+00:00,87547.2,87634.74719999998,87459.6528,87547.2,1000.0,0,0
2025-12-27 20:12:07.493597+00:00,87537.7,87625.23769999998,87450.1623,87537.7,1000.0,0,0
2025-12-27 20:12:07.493947+00:00,87537.7,87625.23769999998,87450.1623,87537.7,1000.0,0,0
2025-12-27 20:13:08.109283+00:00,87537.7,87625.23769999998,87450.1623,87537.7,1000.0,0,0
2025-12-27 20:13:08.109728+00:00,87537.7,87625.23769999998,87450.1623,87537.7,1000.0,0,0
2025-12-27 20:14:08.786446+00:00,87543.5,87631.04349999999,87455.9565,87543.5,1000.0,0,0
2025-12-27 20:14:08.786790+00:00,87543.5,87631.04349999999,87455.9565,87543.5,1000.0,0,0
2025-12-27 20:15:09.229130+00:00,87550.0,87637.54999999999,87462.45,87550.0,1000.0,0,0
2025-12-27 20:15:09.229603+00:00,87550.0,87637.54999999999,87462.45,87550.0,1000.0,0,0
2025-12-27 20:16:09.370153+00:00,87550.0,87637.54999999999,87462.45,87550.0,1000.0,0,0
2025-12-27 20:16:09.370490+00:00,87550.0,87637.54999999999,87462.45,87550.0,1000.0,0,0
2025-12-27 20:17:09.561332+00:00,87542.8,87630.3428,87455.25720000001,87542.8,1000.0,0,0
2025-12-27 20:17:09.561664+00:00,87542.8,87630.3428,87455.25720000001,87542.8,1000.0,0,0
2025-12-27 20:18:09.825499+00:00,87542.9,87630.44289999998,87455.3571,87542.9,1000.0,0,0
2025-12-27 20:18:09.825855+00:00,87542.9,87630.44289999998,87455.3571,87542.9,1000.0,0,0
2025-12-27 20:19:10.286328+00:00,87542.8,87630.3428,87455.25720000001,87542.8,1000.0,0,0
2025-12-27 20:19:10.286724+00:00,87542.8,87630.3428,87455.25720000001,87542.8,1000.0,0,0
2025-12-27 20:20:10.625957+00:00,87524.9,87612.42489999998,87437.37509999999,87524.9,1000.0,0,0
2025-12-27 20:20:10.626315+00:00,87524.9,87612.42489999998,87437.37509999999,87524.9,1000.0,0,0
2025-12-27 20:21:11.452696+00:00,87524.9,87612.42489999998,87437.37509999999,87524.9,1000.0,0,0
2025-12-27 20:21:11.453040+00:00,87524.9,87612.42489999998,87437.37509999999,87524.9,1000.0,0,0
2025-12-27 20:22:11.828667+00:00,87529.1,87616.62909999999,87441.5709,87529.1,1000.0,0,0
2025-12-27 20:22:11.829006+00:00,87529.1,87616.62909999999,87441.5709,87529.1,1000.0,0,0
2025-12-27 20:23:15.007559+00:00,87514.0,87601.514,87426.486,87514.0,1000.0,0,0
2025-12-27 20:23:15.007893+00:00,87514.0,87601.514,87426.486,87514.0,1000.0,0,0
2025-12-27 20:24:15.929822+00:00,87530.5,87618.0305,87442.9695,87530.5,1000.0,0,0
2025-12-27 20:24:15.930190+00:00,87530.5,87618.0305,87442.9695,87530.5,1000.0,0,0
2025-12-27 20:25:16.238453+00:00,87541.5,87629.04149999999,87453.9585,87541.5,1000.0,0,0
2025-12-27 20:25:16.238809+00:00,87541.5,87629.04149999999,87453.9585,87541.5,1000.0,0,0
2025-12-27 20:26:17.216818+00:00,87537.9,87625.43789999999,87450.3621,87537.9,1000.0,0,0
2025-12-27 20:26:17.217364+00:00,87537.9,87625.43789999999,87450.3621,87537.9,1000.0,0,0
2025-12-27 20:27:17.513123+00:00,87511.1,87598.6111,87423.5889,87511.1,1000.0,0,0
2025-12-27 20:27:17.513463+00:00,87511.1,87598.6111,87423.5889,87511.1,1000.0,0,0
2025-12-27 20:28:17.750876+00:00,87504.2,87591.7042,87416.6958,87504.2,1000.0,0,0
2025-12-27 20:28:17.751248+00:00,87504.2,87591.7042,87416.6958,87504.2,1000.0,0,0
2025-12-27 20:29:18.910085+00:00,87504.3,87591.80429999999,87416.7957,87504.3,1000.0,0,0
2025-12-27 20:29:18.910440+00:00,87504.3,87591.80429999999,87416.7957,87504.3,1000.0,0,0
2025-12-27 20:30:23.414805+00:00,87496.2,87583.69619999999,87408.7038,87496.2,1000.0,0,0
2025-12-27 20:30:23.415270+00:00,87496.2,87583.69619999999,87408.7038,87496.2,1000.0,0,0
2025-12-27 20:31:25.448165+00:00,87496.3,87583.79629999999,87408.8037,87496.3,1000.0,0,0
2025-12-27 20:31:25.448507+00:00,87496.3,87583.79629999999,87408.8037,87496.3,1000.0,0,0
2025-12-27 20:32:25.979008+00:00,87500.4,87587.90039999998,87412.89959999999,87500.4,1000.0,0,0
2025-12-27 20:32:25.979379+00:00,87500.4,87587.90039999998,87412.89959999999,87500.4,1000.0,0,0
2025-12-27 20:33:26.017383+00:00,87500.4,87587.90039999998,87412.89959999999,87500.4,1000.0,0,0
2025-12-27 20:33:26.017735+00:00,87500.4,87587.90039999998,87412.89959999999,87500.4,1000.0,0,0
2025-12-27 20:34:26.047793+00:00,87500.3,87587.80029999999,87412.7997,87500.3,1000.0,0,0
2025-12-27 20:34:26.048260+00:00,87500.3,87587.80029999999,87412.7997,87500.3,1000.0,0,0
2025-12-27 20:35:28.194163+00:00,87515.7,87603.21569999999,87428.1843,87515.7,1000.0,0,0
2025-12-27 20:35:28.194633+00:00,87515.7,87603.21569999999,87428.1843,87515.7,1000.0,0,0
2025-12-27 20:36:29.186506+00:00,87505.5,87593.00549999998,87417.9945,87505.5,1000.0,0,0
2025-12-27 20:36:29.186840+00:00,87505.5,87593.00549999998,87417.9945,87505.5,1000.0,0,0
2025-12-27 20:37:35.535710+00:00,87505.5,87593.00549999998,87417.9945,87505.5,1000.0,0,0
2025-12-27 20:37:35.536039+00:00,87505.5,87593.00549999998,87417.9945,87505.5,1000.0,0,0
2025-12-27 20:38:36.996469+00:00,87505.6,87593.1056,87418.0944,87505.6,1000.0,0,0
2025-12-27 20:38:36.996807+00:00,87505.6,87593.1056,87418.0944,87505.6,1000.0,0,0
2025-12-27 20:39:38.948238+00:00,87505.5,87593.00549999998,87417.9945,87505.5,1000.0,0,0
2025-12-27 20:39:38.948578+00:00,87505.5,87593.00549999998,87417.9945,87505.5,1000.0,0,0
2025-12-27 20:40:39.852209+00:00,87491.7,87579.19169999998,87404.2083,87491.7,1000.0,0,1
2025-12-27 20:40:39.852637+00:00,87491.7,87579.19169999998,87404.2083,87491.7,1000.0,0,0
2025-12-27 20:41:42.036732+00:00,87481.4,87568.88139999998,87393.91859999999,87481.4,1000.0,0,0
2025-12-27 20:41:42.037067+00:00,87481.4,87568.88139999998,87393.91859999999,87481.4,1000.0,0,0
2025-12-27 20:42:42.312855+00:00,87490.3,87577.7903,87402.8097,87490.3,1000.0,0,0
2025-12-27 20:42:42.313221+00:00,87490.3,87577.7903,87402.8097,87490.3,1000.0,0,0
2025-12-27 20:43:42.598387+00:00,87507.8,87595.3078,87420.2922,87507.8,1000.0,1,0
2025-12-27 20:43:42.598794+00:00,87507.8,87595.3078,87420.2922,87507.8,1000.0,0,0
2025-12-27 20:44:44.231666+00:00,87507.7,87595.20769999998,87420.1923,87507.7,1000.0,0,0
2025-12-27 20:44:44.232006+00:00,87507.7,87595.20769999998,87420.1923,87507.7,1000.0,0,0
2025-12-27 20:45:50.780865+00:00,87507.8,87595.3078,87420.2922,87507.8,1000.0,0,0
2025-12-27 20:45:50.781299+00:00,87507.8,87595.3078,87420.2922,87507.8,1000.0,0,0
2025-12-27 20:46:50.990662+00:00,87507.8,87595.3078,87420.2922,87507.8,1000.0,0,0
2025-12-27 20:46:50.991135+00:00,87507.8,87595.3078,87420.2922,87507.8,1000.0,0,0
2025-12-27 20:47:51.997045+00:00,87507.8,87595.3078,87420.2922,87507.8,1000.0,0,0
2025-12-27 20:47:51.997420+00:00,87507.8,87595.3078,87420.2922,87507.8,1000.0,0,0
2025-12-27 20:48:54.204496+00:00,87507.8,87595.3078,87420.2922,87507.8,1000.0,0,0
2025-12-27 20:48:54.204839+00:00,87507.8,87595.3078,87420.2922,87507.8,1000.0,0,0
2025-12-27 20:49:54.876232+00:00,87507.7,87595.20769999998,87420.1923,87507.7,1000.0,0,0
2025-12-27 20:49:54.876625+00:00,87507.7,87595.20769999998,87420.1923,87507.7,1000.0,0,0
2025-12-27 20:50:56.998431+00:00,87507.8,87595.3078,87420.2922,87507.8,1000.0,0,0
2025-12-27 20:50:56.998767+00:00,87507.8,87595.3078,87420.2922,87507.8,1000.0,0,0
2025-12-27 20:51:56.997229+00:00,87506.1,87593.60609999999,87418.5939,87506.1,1000.0,0,0
2025-12-27 20:51:56.997579+00:00,87506.1,87593.60609999999,87418.5939,87506.1,1000.0,0,0
2025-12-27 20:52:57.468272+00:00,87506.0,87593.506,87418.494,87506.0,1000.0,0,0
2025-12-27 20:52:57.468601+00:00,87506.0,87593.506,87418.494,87506.0,1000.0,0,0
2025-12-27 20:53:58.443192+00:00,87506.0,87593.506,87418.494,87506.0,1000.0,0,0
2025-12-27 20:53:58.443633+00:00,87506.0,87593.506,87418.494,87506.0,1000.0,0,0
2025-12-27 20:54:59.520455+00:00,87506.1,87593.60609999999,87418.5939,87506.1,1000.0,0,0
2025-12-27 20:54:59.520799+00:00,87506.1,87593.60609999999,87418.5939,87506.1,1000.0,0,0
2025-12-27 20:56:01.413168+00:00,87500.0,87587.49999999999,87412.5,87500.0,1000.0,0,0
2025-12-27 20:56:01.413693+00:00,87500.0,87587.49999999999,87412.5,87500.0,1000.0,0,0
2025-12-27 20:57:01.788194+00:00,87500.0,87587.49999999999,87412.5,87500.0,1000.0,0,0
2025-12-27 20:57:01.788536+00:00,87500.0,87587.49999999999,87412.5,87500.0,1000.0,0,0
2025-12-27 20:58:02.406815+00:00,87500.0,87587.49999999999,87412.5,87500.0,1000.0,0,0
2025-12-27 20:58:02.407291+00:00,87500.0,87587.49999999999,87412.5,87500.0,1000.0,0,0
2025-12-27 20:59:04.674351+00:00,87511.6,87599.11159999999,87424.08840000001,87511.6,1000.0,0,0
2025-12-27 20:59:04.674689+00:00,87511.6,87599.11159999999,87424.08840000001,87511.6,1000.0,0,0
2025-12-27 21:00:06.962336+00:00,87514.8,87602.3148,87427.2852,87514.8,1000.0,0,0
2025-12-27 21:00:06.962782+00:00,87514.8,87602.3148,87427.2852,87514.8,1000.0,0,0
2025-12-27 21:01:07.634695+00:00,87517.9,87605.41789999999,87430.38209999999,87517.9,1000.0,0,0
2025-12-27 21:01:07.635142+00:00,87517.9,87605.41789999999,87430.38209999999,87517.9,1000.0,0,0
2025-12-27 21:02:07.673863+00:00,87526.9,87614.42689999999,87439.3731,87526.9,1000.0,0,0
2025-12-27 21:02:07.675712+00:00,87526.9,87614.42689999999,87439.3731,87526.9,1000.0,0,0
2025-12-27 21:03:10.394730+00:00,87517.5,87605.01749999999,87429.9825,87517.5,1000.0,0,0
2025-12-27 21:03:10.395059+00:00,87517.5,87605.01749999999,87429.9825,87517.5,1000.0,0,0
2025-12-27 21:04:11.598771+00:00,87513.1,87600.6131,87425.58690000001,87513.1,1000.0,0,0
2025-12-27 21:04:11.599138+00:00,87513.1,87600.6131,87425.58690000001,87513.1,1000.0,0,0
2025-12-27 21:05:12.136348+00:00,87541.4,87628.94139999998,87453.85859999999,87541.4,1000.0,0,0
2025-12-27 21:05:12.136792+00:00,87541.4,87628.94139999998,87453.85859999999,87541.4,1000.0,0,0
2025-12-27 21:06:13.077052+00:00,87552.9,87640.45289999999,87465.3471,87552.9,1000.0,0,0
2025-12-27 21:06:13.077411+00:00,87552.9,87640.45289999999,87465.3471,87552.9,1000.0,0,0
2025-12-27 21:07:13.251144+00:00,87545.2,87632.74519999999,87457.6548,87545.2,1000.0,0,0
2025-12-27 21:07:13.251584+00:00,87545.2,87632.74519999999,87457.6548,87545.2,1000.0,0,0
2025-12-27 21:08:13.287075+00:00,87554.4,87641.95439999999,87466.8456,87554.4,1000.0,0,0
2025-12-27 21:08:13.287443+00:00,87554.4,87641.95439999999,87466.8456,87554.4,1000.0,0,0
2025-12-27 21:09:13.970816+00:00,87554.3,87641.85429999999,87466.7457,87554.3,1000.0,0,0
2025-12-27 21:09:13.971171+00:00,87554.3,87641.85429999999,87466.7457,87554.3,1000.0,0,0
2025-12-27 21:10:14.003185+00:00,87554.3,87641.85429999999,87466.7457,87554.3,1000.0,0,0
2025-12-27 21:10:14.003550+00:00,87554.3,87641.85429999999,87466.7457,87554.3,1000.0,0,0
2025-12-27 21:11:14.131142+00:00,87554.4,87641.95439999999,87466.8456,87554.4,1000.0,0,0
2025-12-27 21:11:14.131483+00:00,87554.4,87641.95439999999,87466.8456,87554.4,1000.0,0,0
2025-12-27 21:12:16.185189+00:00,87558.5,87646.05849999998,87470.9415,87558.5,1000.0,0,0
2025-12-27 21:12:16.185538+00:00,87558.5,87646.05849999998,87470.9415,87558.5,1000.0,0,0
2025-12-27 21:13:16.672711+00:00,87577.6,87665.1776,87490.0224,87577.6,1000.0,0,0
2025-12-27 21:13:16.677165+00:00,87577.6,87665.1776,87490.0224,87577.6,1000.0,0,0
2025-12-27 21:14:16.584078+00:00,87584.4,87671.98439999999,87496.81559999999,87584.4,1000.0,0,0
2025-12-27 21:14:16.584402+00:00,87584.4,87671.98439999999,87496.81559999999,87584.4,1000.0,0,0
2025-12-27 21:15:16.932321+00:00,87584.2,87671.7842,87496.6158,87584.2,1000.0,0,0
2025-12-27 21:15:16.932610+00:00,87584.2,87671.7842,87496.6158,87584.2,1000.0,0,0
2025-12-27 21:16:17.305274+00:00,87578.1,87665.67809999999,87490.5219,87578.1,1000.0,0,0
2025-12-27 21:16:17.305703+00:00,87578.1,87665.67809999999,87490.5219,87578.1,1000.0,0,0
2025-12-27 21:17:18.247570+00:00,87568.4,87655.96839999998,87480.83159999999,87568.4,1000.0,0,0
2025-12-27 21:17:18.247904+00:00,87568.4,87655.96839999998,87480.83159999999,87568.4,1000.0,0,0
2025-12-27 21:18:18.468412+00:00,87578.9,87666.47889999999,87491.3211,87578.9,1000.0,0,0
2025-12-27 21:18:18.468698+00:00,87578.9,87666.47889999999,87491.3211,87578.9,1000.0,0,0
2025-12-27 21:19:19.001534+00:00,87589.2,87676.78919999998,87501.6108,87589.2,1000.0,0,0
2025-12-27 21:19:19.001975+00:00,87589.2,87676.78919999998,87501.6108,87589.2,1000.0,0,0
2025-12-27 21:20:20.814846+00:00,87584.8,87672.3848,87497.2152,87584.8,1000.0,0,0
2025-12-27 21:20:20.815127+00:00,87584.8,87672.3848,87497.2152,87584.8,1000.0,0,0
2025-12-27 21:21:21.484462+00:00,87585.1,87672.6851,87497.51490000001,87585.1,1000.0,0,0
2025-12-27 21:21:21.484725+00:00,87585.1,87672.6851,87497.51490000001,87585.1,1000.0,0,0
2025-12-27 21:22:21.805775+00:00,87590.1,87677.69009999999,87502.5099,87590.1,1000.0,0,0
2025-12-27 21:22:21.806040+00:00,87590.1,87677.69009999999,87502.5099,87590.1,1000.0,0,0
2025-12-27 21:23:22.336077+00:00,87591.2,87678.79119999999,87503.6088,87591.2,1000.0,0,0
2025-12-27 21:23:22.336371+00:00,87591.2,87678.79119999999,87503.6088,87591.2,1000.0,0,0
2025-12-27 21:24:22.787866+00:00,87584.9,87672.48489999998,87497.31509999999,87584.9,1000.0,0,0
2025-12-27 21:24:22.788276+00:00,87584.9,87672.48489999998,87497.31509999999,87584.9,1000.0,0,0
2025-12-27 21:25:23.508660+00:00,87584.8,87672.3848,87497.2152,87584.8,1000.0,0,0
2025-12-27 21:25:23.508901+00:00,87584.8,87672.3848,87497.2152,87584.8,1000.0,0,0
2025-12-27 21:26:23.948109+00:00,87585.1,87672.6851,87497.51490000001,87585.1,1000.0,0,0
2025-12-27 21:26:23.948372+00:00,87585.1,87672.6851,87497.51490000001,87585.1,1000.0,0,0
2025-12-27 21:27:24.171312+00:00,87585.7,87673.2857,87498.1143,87585.7,1000.0,0,0
2025-12-27 21:27:24.171712+00:00,87585.7,87673.2857,87498.1143,87585.7,1000.0,0,0
2025-12-27 21:28:25.725384+00:00,87593.1,87680.69309999999,87505.50690000001,87593.1,1000.0,0,0
2025-12-27 21:28:25.725825+00:00,87593.1,87680.69309999999,87505.50690000001,87593.1,1000.0,0,0
2025-12-27 21:29:27.143276+00:00,87593.2,87680.79319999999,87505.6068,87593.2,1000.0,0,0
2025-12-27 21:29:27.143566+00:00,87593.2,87680.79319999999,87505.6068,87593.2,1000.0,0,0
2025-12-27 21:30:28.430947+00:00,87593.2,87680.79319999999,87505.6068,87593.2,1000.0,0,0
2025-12-27 21:30:28.431249+00:00,87593.2,87680.79319999999,87505.6068,87593.2,1000.0,0,0
2025-12-27 21:31:29.997794+00:00,87603.4,87691.00339999999,87515.79659999999,87603.4,1000.0,0,0
2025-12-27 21:31:29.998060+00:00,87603.4,87691.00339999999,87515.79659999999,87603.4,1000.0,0,0
2025-12-27 21:32:30.148704+00:00,87608.8,87696.40879999999,87521.1912,87608.8,1000.0,0,0
2025-12-27 21:32:30.149057+00:00,87608.8,87696.40879999999,87521.1912,87608.8,1000.0,0,0
2025-12-27 21:33:30.831605+00:00,87614.7,87702.31469999999,87527.08529999999,87614.7,1000.0,0,0
2025-12-27 21:33:30.831881+00:00,87614.7,87702.31469999999,87527.08529999999,87614.7,1000.0,0,0
2025-12-27 21:34:30.967588+00:00,87619.9,87707.51989999998,87532.28009999999,87619.9,1000.0,0,0
2025-12-27 21:34:30.967987+00:00,87619.9,87707.51989999998,87532.28009999999,87619.9,1000.0,0,0
2025-12-27 21:35:30.979502+00:00,87627.1,87714.72709999999,87539.47290000001,87627.1,1000.0,0,0
2025-12-27 21:35:30.979771+00:00,87627.1,87714.72709999999,87539.47290000001,87627.1,1000.0,0,0
2025-12-27 21:36:31.930447+00:00,87627.0,87714.627,87539.373,87627.0,1000.0,0,0
2025-12-27 21:36:31.930717+00:00,87627.0,87714.627,87539.373,87627.0,1000.0,0,0
2025-12-27 21:37:32.391772+00:00,87627.0,87714.627,87539.373,87627.0,1000.0,0,0
2025-12-27 21:37:32.392189+00:00,87627.0,87714.627,87539.373,87627.0,1000.0,0,0
2025-12-27 21:38:32.446467+00:00,87627.0,87714.627,87539.373,87627.0,1000.0,0,0
2025-12-27 21:38:32.446711+00:00,87627.0,87714.627,87539.373,87627.0,1000.0,0,0
2025-12-27 21:39:32.620020+00:00,87623.0,87710.62299999999,87535.377,87623.0,1000.0,0,0
2025-12-27 21:39:32.620302+00:00,87623.0,87710.62299999999,87535.377,87623.0,1000.0,0,0
2025-12-27 21:40:33.260994+00:00,87602.3,87689.90229999999,87514.6977,87602.3,1000.0,0,1
2025-12-27 21:40:33.261473+00:00,87602.3,87689.90229999999,87514.6977,87602.3,1000.0,0,0
2025-12-27 21:41:33.316532+00:00,87592.4,87679.99239999999,87504.8076,87592.4,1000.0,0,0
2025-12-27 21:41:33.316857+00:00,87592.4,87679.99239999999,87504.8076,87592.4,1000.0,0,0
2025-12-27 21:42:33.420692+00:00,87592.5,87680.09249999998,87504.9075,87592.5,1000.0,0,0
2025-12-27 21:42:33.421204+00:00,87592.5,87680.09249999998,87504.9075,87592.5,1000.0,0,0
2025-12-27 21:43:33.752460+00:00,87592.5,87680.09249999998,87504.9075,87592.5,1000.0,0,0
2025-12-27 21:43:33.752811+00:00,87592.5,87680.09249999998,87504.9075,87592.5,1000.0,0,0
2025-12-27 21:44:33.766630+00:00,87592.4,87679.99239999999,87504.8076,87592.4,1000.0,0,0
2025-12-27 21:44:33.766964+00:00,87592.4,87679.99239999999,87504.8076,87592.4,1000.0,0,0
2025-12-27 21:45:34.354896+00:00,87592.4,87679.99239999999,87504.8076,87592.4,1000.0,0,0
2025-12-27 21:45:34.355353+00:00,87592.4,87679.99239999999,87504.8076,87592.4,1000.0,0,0
2025-12-27 21:46:34.497964+00:00,87597.7,87685.29769999998,87510.1023,87597.7,1000.0,0,0
2025-12-27 21:46:34.498437+00:00,87597.7,87685.29769999998,87510.1023,87597.7,1000.0,0,0
2025-12-27 21:47:34.998458+00:00,87597.6,87685.1976,87510.00240000001,87597.6,1000.0,0,0
2025-12-27 21:47:34.998901+00:00,87597.6,87685.1976,87510.00240000001,87597.6,1000.0,0,0
2025-12-27 21:48:36.513866+00:00,87615.2,87702.81519999998,87527.5848,87615.2,1000.0,0,0
2025-12-27 21:48:36.514426+00:00,87615.2,87702.81519999998,87527.5848,87615.2,1000.0,0,0
2025-12-27 21:49:36.855472+00:00,87614.0,87701.61399999999,87526.386,87614.0,1000.0,0,0
2025-12-27 21:49:36.855816+00:00,87614.0,87701.61399999999,87526.386,87614.0,1000.0,0,0
2025-12-27 21:50:37.262739+00:00,87607.4,87695.00739999999,87519.7926,87607.4,1000.0,0,0
2025-12-27 21:50:37.263206+00:00,87607.4,87695.00739999999,87519.7926,87607.4,1000.0,0,0
2025-12-27 21:51:37.988799+00:00,87607.4,87695.00739999999,87519.7926,87607.4,1000.0,0,0
2025-12-27 21:51:37.989155+00:00,87607.4,87695.00739999999,87519.7926,87607.4,1000.0,0,0
2025-12-27 21:52:38.263321+00:00,87607.3,87694.90729999999,87519.6927,87607.3,1000.0,0,0
2025-12-27 21:52:38.263656+00:00,87607.3,87694.90729999999,87519.6927,87607.3,1000.0,0,0
2025-12-27 21:53:38.807428+00:00,87615.2,87702.81519999998,87527.5848,87615.2,1000.0,0,0
2025-12-27 21:53:38.807771+00:00,87615.2,87702.81519999998,87527.5848,87615.2,1000.0,0,0
2025-12-27 21:54:39.893751+00:00,87623.5,87711.12349999999,87535.8765,87623.5,1000.0,1,0
2025-12-27 21:54:39.894214+00:00,87623.5,87711.12349999999,87535.8765,87623.5,1000.0,0,0
2025-12-27 21:55:40.034462+00:00,87623.5,87711.12349999999,87535.8765,87623.5,1000.0,0,0
2025-12-27 21:55:40.034829+00:00,87623.5,87711.12349999999,87535.8765,87623.5,1000.0,0,0
2025-12-27 21:56:40.282728+00:00,87623.5,87711.12349999999,87535.8765,87623.5,1000.0,0,0
2025-12-27 21:56:40.282995+00:00,87623.5,87711.12349999999,87535.8765,87623.5,1000.0,0,0
2025-12-27 21:57:41.269035+00:00,87623.5,87711.12349999999,87535.8765,87623.5,1000.0,0,0
2025-12-27 21:57:41.269337+00:00,87623.5,87711.12349999999,87535.8765,87623.5,1000.0,0,0
2025-12-27 21:58:41.859917+00:00,87627.1,87714.72709999999,87539.47290000001,87627.1,1000.0,0,0
2025-12-27 21:58:41.860310+00:00,87627.1,87714.72709999999,87539.47290000001,87627.1,1000.0,0,0
2025-12-27 21:59:42.693525+00:00,87623.6,87711.2236,87535.9764,87623.6,1000.0,0,0
2025-12-27 21:59:42.693800+00:00,87623.6,87711.2236,87535.9764,87623.6,1000.0,0,0
2025-12-27 22:00:43.511767+00:00,87629.0,87716.62899999999,87541.371,87629.0,1000.0,0,0
2025-12-27 22:00:43.514180+00:00,87629.0,87716.62899999999,87541.371,87629.0,1000.0,0,0
2025-12-27 22:01:43.864032+00:00,87629.0,87716.62899999999,87541.371,87629.0,1000.0,0,0
2025-12-27 22:01:43.864351+00:00,87629.0,87716.62899999999,87541.371,87629.0,1000.0,0,0
2025-12-27 22:02:44.153024+00:00,87621.1,87708.7211,87533.4789,87621.1,1000.0,0,1
2025-12-27 22:02:44.153478+00:00,87621.1,87708.7211,87533.4789,87621.1,1000.0,0,0
2025-12-27 22:03:45.680360+00:00,87615.3,87702.9153,87527.6847,87615.3,1000.0,0,0
2025-12-27 22:03:45.680695+00:00,87615.3,87702.9153,87527.6847,87615.3,1000.0,0,0
2025-12-27 22:04:48.651232+00:00,87621.0,87708.62099999998,87533.379,87621.0,1000.0,0,0
2025-12-27 22:04:48.651736+00:00,87621.0,87708.62099999998,87533.379,87621.0,1000.0,0,0
2025-12-27 22:05:48.684771+00:00,87620.9,87708.52089999999,87533.2791,87620.9,1000.0,0,0
2025-12-27 22:05:48.685117+00:00,87620.9,87708.52089999999,87533.2791,87620.9,1000.0,0,0
2025-12-27 22:06:49.516455+00:00,87585.2,87672.78519999998,87497.6148,87585.2,1000.0,0,0
2025-12-27 22:06:49.516887+00:00,87585.2,87672.78519999998,87497.6148,87585.2,1000.0,0,0
2025-12-27 22:07:49.884109+00:00,87621.1,87708.7211,87533.4789,87621.1,1000.0,0,0
2025-12-27 22:07:49.884463+00:00,87621.1,87708.7211,87533.4789,87621.1,1000.0,0,0
2025-12-27 22:08:50.191687+00:00,87621.0,87708.62099999998,87533.379,87621.0,1000.0,0,0
2025-12-27 22:08:50.192028+00:00,87621.0,87708.62099999998,87533.379,87621.0,1000.0,0,0
2025-12-27 22:09:50.904107+00:00,87621.0,87708.62099999998,87533.379,87621.0,1000.0,0,0
2025-12-27 22:09:50.904565+00:00,87621.0,87708.62099999998,87533.379,87621.0,1000.0,0,0
2025-12-27 22:10:51.374360+00:00,87621.1,87708.7211,87533.4789,87621.1,1000.0,1,0
2025-12-27 22:10:51.374636+00:00,87621.1,87708.7211,87533.4789,87621.1,1000.0,0,0
2025-12-27 22:11:51.624402+00:00,87634.8,87722.43479999999,87547.1652,87634.8,1000.0,0,0
2025-12-27 22:11:51.624763+00:00,87634.8,87722.43479999999,87547.1652,87634.8,1000.0,0,0
2025-12-27 22:12:51.648513+00:00,87713.4,87801.11339999999,87625.6866,87713.4,1000.0,0,0
2025-12-27 22:12:51.648780+00:00,87713.4,87801.11339999999,87625.6866,87713.4,1000.0,0,0
2025-12-27 22:13:51.689493+00:00,87822.7,87910.52269999999,87734.8773,87822.7,1000.0,0,0
2025-12-27 22:13:51.689890+00:00,87822.7,87910.52269999999,87734.8773,87822.7,1000.0,0,0
2025-12-27 22:14:51.831984+00:00,87825.6,87913.4256,87737.77440000001,87825.6,1000.0,0,0
2025-12-27 22:14:51.834476+00:00,87825.6,87913.4256,87737.77440000001,87825.6,1000.0,0,0
2025-12-27 22:15:52.057708+00:00,87845.4,87933.24539999999,87757.55459999999,87845.4,1000.0,0,0
2025-12-27 22:15:52.058109+00:00,87845.4,87933.24539999999,87757.55459999999,87845.4,1000.0,0,0
2025-12-27 22:16:52.299384+00:00,87845.2,87933.0452,87757.3548,87845.2,1000.0,0,1
2025-12-27 22:16:52.299700+00:00,87845.2,87933.0452,87757.3548,87845.2,1000.0,0,0
2025-12-27 22:17:52.865980+00:00,87805.1,87892.90509999999,87717.29490000001,87805.1,1000.0,0,0
2025-12-27 22:17:52.866339+00:00,87805.1,87892.90509999999,87717.29490000001,87805.1,1000.0,0,0
2025-12-27 22:18:53.563959+00:00,87716.5,87804.2165,87628.7835,87716.5,1000.0,0,0
2025-12-27 22:19:54.244490+00:00,87726.5,87814.22649999999,87638.7735,87726.5,1000.0,0,0
2025-12-27 22:20:54.764201+00:00,87713.2,87800.91319999998,87625.4868,87713.2,1000.0,0,0
2025-12-27 22:21:55.106587+00:00,87675.5,87763.1755,87587.8245,87675.5,1000.0,0,0
2025-12-27 22:22:55.295384+00:00,87757.6,87845.3576,87669.84240000001,87757.6,1000.0,1,0
2025-12-27 22:23:55.383978+00:00,87758.1,87845.8581,87670.3419,87758.1,1000.0,0,0
2025-12-27 22:24:55.834863+00:00,87700.0,87787.7,87612.3,87700.0,1000.0,0,0
2025-12-27 22:25:55.966688+00:00,87684.5,87772.18449999999,87596.8155,87684.5,1000.0,0,0
2025-12-27 22:26:56.448213+00:00,87689.8,87777.4898,87602.11020000001,87689.8,1000.0,0,0
2025-12-27 22:27:56.569555+00:00,87674.7,87762.37469999999,87587.0253,87674.7,1000.0,0,0
2025-12-27 22:28:58.029586+00:00,87660.0,87747.65999999999,87572.34,87660.0,1000.0,0,0
2025-12-27 22:29:58.562129+00:00,87644.2,87731.84419999999,87556.5558,87644.2,1000.0,0,0
2025-12-27 22:30:59.504754+00:00,87609.0,87696.609,87521.391,87609.0,1000.0,0,0
2025-12-27 22:30:59.505196+00:00,87609.0,87696.609,87521.391,87609.0,1000.0,0,0
2025-12-27 22:31:59.557000+00:00,87622.5,87710.12249999998,87534.8775,87622.5,1000.0,0,0
2025-12-27 22:32:59.857413+00:00,87575.5,87663.07549999999,87487.9245,87575.5,1000.0,0,0
2025-12-27 22:33:59.889560+00:00,87532.8,87620.33279999999,87445.2672,87532.8,1000.0,0,1
2025-12-27 22:33:59.889835+00:00,87532.8,87620.33279999999,87445.2672,87532.8,1000.0,0,0
2025-12-27 22:35:00.681563+00:00,87575.0,87662.575,87487.425,87575.0,1000.0,1,0
2025-12-27 22:35:00.681899+00:00,87575.0,87662.575,87487.425,87575.0,1000.0,0,0
2025-12-27 22:36:00.773338+00:00,87550.0,87637.54999999999,87462.45,87550.0,1000.0,0,0
2025-12-27 22:36:00.773799+00:00,87550.0,87637.54999999999,87462.45,87550.0,1000.0,0,0
2025-12-27 22:37:00.898349+00:00,87530.9,87618.43089999998,87443.3691,87530.9,1000.0,0,1
2025-12-27 22:37:00.898615+00:00,87530.9,87618.43089999998,87443.3691,87530.9,1000.0,0,0
2025-12-27 22:38:01.408218+00:00,87500.1,87587.6001,87412.5999,87500.1,1000.0,0,0
2025-12-27 22:38:01.408569+00:00,87500.1,87587.6001,87412.5999,87500.1,1000.0,0,0
2025-12-27 22:39:01.946656+00:00,87494.8,87582.29479999999,87407.3052,87494.8,1000.0,0,0
2025-12-27 22:39:01.946906+00:00,87494.8,87582.29479999999,87407.3052,87494.8,1000.0,0,0
2025-12-27 22:40:01.996534+00:00,87488.1,87575.5881,87400.6119,87488.1,1000.0,0,0
2025-12-27 22:40:01.996942+00:00,87488.1,87575.5881,87400.6119,87488.1,1000.0,0,0
2025-12-27 22:41:02.801784+00:00,87560.6,87648.1606,87473.03940000001,87560.6,1000.0,1,0
2025-12-27 22:41:02.805984+00:00,87560.6,87648.1606,87473.03940000001,87560.6,1000.0,0,0
2025-12-27 22:42:02.502894+00:00,87528.1,87615.6281,87440.57190000001,87528.1,1000.0,0,1
2025-12-27 22:42:02.503265+00:00,87528.1,87615.6281,87440.57190000001,87528.1,1000.0,0,0
2025-12-27 22:43:02.713115+00:00,87554.4,87641.95439999999,87466.8456,87554.4,1000.0,1,0
2025-12-27 22:43:02.713466+00:00,87554.4,87641.95439999999,87466.8456,87554.4,1000.0,0,0
2025-12-27 22:44:02.975824+00:00,87533.3,87620.8333,87445.76670000001,87533.3,1000.0,0,1
2025-12-27 22:44:02.976119+00:00,87533.3,87620.8333,87445.76670000001,87533.3,1000.0,0,0
2025-12-27 22:45:03.121036+00:00,87536.5,87624.03649999999,87448.9635,87536.5,1000.0,0,0
2025-12-27 22:45:03.121441+00:00,87536.5,87624.03649999999,87448.9635,87536.5,1000.0,0,0
2025-12-27 22:46:03.431772+00:00,87537.7,87625.23769999998,87450.1623,87537.7,1000.0,0,0
2025-12-27 22:46:03.432143+00:00,87537.7,87625.23769999998,87450.1623,87537.7,1000.0,0,0
2025-12-27 22:47:03.880502+00:00,87522.3,87609.8223,87434.7777,87522.3,1000.0,0,0
2025-12-27 22:47:03.883187+00:00,87522.3,87609.8223,87434.7777,87522.3,1000.0,0,0
2025-12-27 22:48:04.029838+00:00,87556.0,87643.556,87468.444,87556.0,1000.0,1,0
2025-12-27 22:48:04.030195+00:00,87556.0,87643.556,87468.444,87556.0,1000.0,0,0
2025-12-27 22:49:04.280751+00:00,87599.1,87686.6991,87511.5009,87599.1,1000.0,0,0
2025-12-27 22:49:04.281078+00:00,87599.1,87686.6991,87511.5009,87599.1,1000.0,0,0
2025-12-27 22:50:04.898703+00:00,87555.2,87642.75519999999,87467.6448,87555.2,1000.0,0,0
2025-12-27 22:50:04.899150+00:00,87555.2,87642.75519999999,87467.6448,87555.2,1000.0,0,0
2025-12-27 22:51:05.130915+00:00,87597.0,87684.597,87509.403,87597.0,1000.0,0,0
2025-12-27 22:51:05.131281+00:00,87597.0,87684.597,87509.403,87597.0,1000.0,0,0
2025-12-27 22:52:05.162186+00:00,87572.0,87659.57199999999,87484.428,87572.0,1000.0,0,0
2025-12-27 22:52:05.162509+00:00,87572.0,87659.57199999999,87484.428,87572.0,1000.0,0,0
2025-12-27 22:53:05.993508+00:00,87579.3,87666.8793,87491.7207,87579.3,1000.0,0,0
2025-12-27 22:53:05.993996+00:00,87579.3,87666.8793,87491.7207,87579.3,1000.0,0,0
2025-12-27 22:54:06.222180+00:00,87579.2,87666.77919999999,87491.6208,87579.2,1000.0,0,0
2025-12-27 22:54:06.222523+00:00,87579.2,87666.77919999999,87491.6208,87579.2,1000.0,0,0
2025-12-27 22:55:07.089325+00:00,87597.0,87684.597,87509.403,87597.0,1000.0,0,0
2025-12-27 22:55:07.089767+00:00,87597.0,87684.597,87509.403,87597.0,1000.0,0,0
2025-12-27 22:56:07.960337+00:00,87596.9,87684.49689999998,87509.30309999999,87596.9,1000.0,0,0
2025-12-27 22:56:07.960659+00:00,87596.9,87684.49689999998,87509.30309999999,87596.9,1000.0,0,0
2025-12-27 22:57:08.832242+00:00,87586.6,87674.1866,87499.01340000001,87586.6,1000.0,0,0
2025-12-27 22:57:08.832581+00:00,87586.6,87674.1866,87499.01340000001,87586.6,1000.0,0,0
2025-12-27 22:58:09.157428+00:00,87590.0,87677.59,87502.41,87590.0,1000.0,0,0
2025-12-27 22:58:09.157880+00:00,87590.0,87677.59,87502.41,87590.0,1000.0,0,0
2025-12-27 22:59:09.598932+00:00,87552.9,87640.45289999999,87465.3471,87552.9,1000.0,0,0
2025-12-27 22:59:09.599363+00:00,87552.9,87640.45289999999,87465.3471,87552.9,1000.0,0,0
2025-12-27 23:00:09.713124+00:00,87540.0,87627.54,87452.46,87540.0,1000.0,0,1
2025-12-27 23:00:09.713552+00:00,87540.0,87627.54,87452.46,87540.0,1000.0,0,0
2025-12-27 23:01:09.953731+00:00,87525.9,87613.42589999999,87438.3741,87525.9,1000.0,0,0
2025-12-27 23:01:09.954106+00:00,87525.9,87613.42589999999,87438.3741,87525.9,1000.0,0,0
2025-12-27 23:02:10.403536+00:00,87554.5,87642.05449999998,87466.9455,87554.5,1000.0,1,0
2025-12-27 23:02:10.403848+00:00,87554.5,87642.05449999998,87466.9455,87554.5,1000.0,0,0
2025-12-27 23:03:10.741002+00:00,87554.5,87642.05449999998,87466.9455,87554.5,1000.0,0,0
2025-12-27 23:03:10.741351+00:00,87554.5,87642.05449999998,87466.9455,87554.5,1000.0,0,0
2025-12-27 23:04:11.083109+00:00,87545.4,87632.94539999998,87457.85459999999,87545.4,1000.0,0,0
2025-12-27 23:04:11.083562+00:00,87545.4,87632.94539999998,87457.85459999999,87545.4,1000.0,0,0
2025-12-27 23:05:11.286119+00:00,87541.7,87629.24169999998,87454.1583,87541.7,1000.0,0,0
2025-12-27 23:05:11.286592+00:00,87541.7,87629.24169999998,87454.1583,87541.7,1000.0,0,0
2025-12-27 23:06:12.418344+00:00,87548.4,87635.94839999998,87460.8516,87548.4,1000.0,0,0
2025-12-27 23:06:12.418668+00:00,87548.4,87635.94839999998,87460.8516,87548.4,1000.0,0,0
2025-12-27 23:07:12.570072+00:00,87566.2,87653.76619999998,87478.6338,87566.2,1000.0,0,0
2025-12-27 23:07:12.570410+00:00,87566.2,87653.76619999998,87478.6338,87566.2,1000.0,0,0
2025-12-27 23:08:12.644470+00:00,87557.3,87644.85729999999,87469.7427,87557.3,1000.0,0,0
2025-12-27 23:08:12.644793+00:00,87557.3,87644.85729999999,87469.7427,87557.3,1000.0,0,0
2025-12-27 23:09:12.862270+00:00,87590.0,87677.59,87502.41,87590.0,1000.0,0,0
2025-12-27 23:09:12.862636+00:00,87590.0,87677.59,87502.41,87590.0,1000.0,0,0
2025-12-27 23:10:15.065113+00:00,87582.4,87669.98239999998,87494.8176,87582.4,1000.0,0,0
2025-12-27 23:10:15.065463+00:00,87582.4,87669.98239999998,87494.8176,87582.4,1000.0,0,0
2025-12-27 23:11:15.158678+00:00,87582.3,87669.8823,87494.71770000001,87582.3,1000.0,0,0
2025-12-27 23:11:15.159027+00:00,87582.3,87669.8823,87494.71770000001,87582.3,1000.0,0,0
2025-12-27 23:12:15.625528+00:00,87588.8,87676.38879999999,87501.2112,87588.8,1000.0,0,0
2025-12-27 23:12:15.626037+00:00,87588.8,87676.38879999999,87501.2112,87588.8,1000.0,0,0
2025-12-27 23:13:17.021332+00:00,87565.4,87652.96539999999,87477.83459999999,87565.4,1000.0,0,0
2025-12-27 23:13:17.021772+00:00,87565.4,87652.96539999999,87477.83459999999,87565.4,1000.0,0,0
2025-12-27 23:14:17.519475+00:00,87569.1,87656.6691,87481.53090000001,87569.1,1000.0,0,0
2025-12-27 23:14:17.519891+00:00,87569.1,87656.6691,87481.53090000001,87569.1,1000.0,0,0
2025-12-27 23:15:17.522331+00:00,87601.2,87688.80119999999,87513.59879999999,87601.2,1000.0,0,0
2025-12-27 23:15:17.522651+00:00,87601.2,87688.80119999999,87513.59879999999,87601.2,1000.0,0,0
2025-12-27 23:16:17.968909+00:00,87613.7,87701.31369999998,87526.0863,87613.7,1000.0,0,0
2025-12-27 23:16:17.969258+00:00,87613.7,87701.31369999998,87526.0863,87613.7,1000.0,0,0
2025-12-27 23:17:18.160015+00:00,87661.1,87748.7611,87573.43890000001,87661.1,1000.0,0,0
2025-12-27 23:18:18.161836+00:00,87632.4,87720.03239999998,87544.76759999999,87632.4,1000.0,0,0
2025-12-27 23:19:18.580976+00:00,87630.8,87718.43079999999,87543.1692,87630.8,1000.0,0,0
2025-12-27 23:19:18.581294+00:00,87630.8,87718.43079999999,87543.1692,87630.8,1000.0,0,0
2025-12-27 23:20:18.979416+00:00,87628.8,87716.4288,87541.1712,87628.8,1000.0,0,0
2025-12-27 23:20:18.979796+00:00,87628.8,87716.4288,87541.1712,87628.8,1000.0,0,0
2025-12-27 23:21:19.262969+00:00,87647.0,87734.647,87559.353,87647.0,1000.0,0,0
2025-12-27 23:22:19.718462+00:00,87664.0,87751.66399999999,87576.336,87664.0,1000.0,0,0
2025-12-27 23:23:20.165373+00:00,87658.2,87745.85819999999,87570.54179999999,87658.2,1000.0,0,0
2025-12-29 04:54:01.005251+00:00,90157.3,90247.4573,90067.1427,90157.3,1000.0,0,1
2025-12-29 04:54:01.005776+00:00,90157.3,90247.4573,90067.1427,90157.3,1000.0,0,0
2025-12-29 04:57:01.636738+00:00,90151.4,90241.55139999998,90061.24859999999,90151.4,1000.0,0,0
2025-12-29 04:57:01.637057+00:00,90151.4,90241.55139999998,90061.24859999999,90151.4,1000.0,0,0
2025-12-29 04:58:01.749494+00:00,90127.8,90217.9278,90037.6722,90127.8,1000.0,0,0
2025-12-29 04:58:01.749949+00:00,90127.8,90217.9278,90037.6722,90127.8,1000.0,0,0
2025-12-29 04:59:02.558234+00:00,90147.7,90237.84769999998,90057.5523,90147.7,1000.0,1,0
2025-12-29 05:00:01.990244+00:00,90112.2,90202.3122,90022.0878,90112.2,1000.0,0,0
2025-12-29 05:01:02.608712+00:00,90102.1,90192.2021,90011.9979,90102.1,1000.0,0,1
2025-12-29 05:02:02.407907+00:00,90100.0,90190.1,90009.9,90100.0,1000.0,0,0
2025-12-29 05:03:02.858211+00:00,90074.3,90164.3743,89984.22570000001,90074.3,1000.0,0,0
2025-12-29 05:04:02.641528+00:00,90077.8,90167.8778,89987.7222,90077.8,1000.0,0,0
2025-12-29 05:06:03.216070+00:00,90156.3,90246.4563,90066.1437,90156.3,1000.0,0,0
2025-12-29 05:06:03.216400+00:00,90156.3,90246.4563,90066.1437,90156.3,1000.0,0,0
2025-12-29 05:07:03.497812+00:00,90146.9,90237.0469,90056.75309999999,90146.9,1000.0,0,0
2025-12-29 05:07:03.498188+00:00,90146.9,90237.0469,90056.75309999999,90146.9,1000.0,0,0
2025-12-29 05:08:03.742064+00:00,90140.9,90231.04089999998,90050.7591,90140.9,1000.0,0,0
2025-12-29 05:08:03.742427+00:00,90140.9,90231.04089999998,90050.7591,90140.9,1000.0,0,0
2025-12-29 05:09:03.886229+00:00,90243.7,90333.9437,90153.4563,90243.7,1000.0,1,0
2025-12-29 05:09:03.886661+00:00,90243.7,90333.9437,90153.4563,90243.7,1000.0,0,0
